{"type":"FeatureCollection","metadata":{"built":"2026-10-08","builder":"scripts/build_edmonton_assets.py","bounds_wgs84":{"west":-113.71564,"south":53.33576,"east":-113.27046,"north":53.71772},"attribution":"City of Edmonton Open Data (Open Government Licence - City of Edmonton); Government of Alberta (Open Government Licence - Alberta); Statistics Canada ODHF (Open Government Licence - Canada); (c) OpenStreetMap contributors (ODbL)","sources":{"manual":{"name":"City of Edmonton Emergency Operations Centre","source":"City of Edmonton public information","licence":"Public information (no dataset)","count":1,"note":"Unverified manual point: carried over from an earlier hand-made layer; no public source gives the EOC address (checked 2026-10-08)","verification":"Searched 2026-10-08: City of Edmonton web pages (Office of Emergency Management), council and audit reports, news releases, OpenStreetMap (emergency=*, names), City Open Data facility datasets. None gives the EOC address (the 2020 co-located dispatch/EOC project at 12825 185 Avenue NW was cancelled), so the point stays unverified."},"odhf":{"name":"Open Database of Healthcare Facilities (ODHF) v1.1","source":"Statistics Canada ODHF v1.1","url":"https://open.canada.ca/data/en/dataset/543fe07a-fd79-40e9-a829-ccd697526765","licence":"Open Government Licence - Canada","data_updated":"2020-04-20","records_with_coordinates":11,"edmonton_records_without_coordinates":43,"no_coordinates_geocoding":{"records":43,"left_out_clinics":15,"in_scope":28,"geocoded":26,"match_rate":"26/28","records_detail":[{"odhf_id":"1","name":"Advanced Facial & Nasal Surgery Centre","type":"Hospitals","outcome":"left out: private day-surgery or outpatient clinic (CIHI 'active acute hospital'), not inpatient or residential care"},{"odhf_id":"13","name":"Alberta Surgical Centre","type":"Hospitals","outcome":"left out: private day-surgery or outpatient clinic (CIHI 'active acute hospital'), not inpatient or residential care"},{"odhf_id":"14","name":"Allen Gray Continuing Care Centre","type":"Nursing and residential care facilities","outcome":"geocoded: 5005 28 Avenue (address from Government of Alberta continuing care list; City address point, exact)"},{"odhf_id":"16","name":"Audrey Chan Professional Corporation","type":"Hospitals","outcome":"left out: private day-surgery or outpatient clinic (CIHI 'active acute hospital'), not inpatient or residential care"},{"odhf_id":"19","name":"Barry Lycka Md, Cosmetic Dermatologist","type":"Hospitals","outcome":"left out: private day-surgery or outpatient clinic (CIHI 'active acute hospital'), not inpatient or residential care"},{"odhf_id":"45","name":"Capitalcare — Dickinsfield","type":"Nursing and residential care facilities","outcome":"geocoded: 14225 94 St NW (address from Government of Alberta continuing care list; City address point, exact)"},{"odhf_id":"46","name":"Capitalcare — Grandview","type":"Hospitals","outcome":"geocoded: 6215 124 Street (address from Government of Alberta continuing care list; City address point, exact)"},{"odhf_id":"47","name":"Capitalcare — Lynnwood","type":"Nursing and residential care facilities","outcome":"geocoded: 8740 165 Street (address from Government of Alberta continuing care list; City address point, exact)"},{"odhf_id":"48","name":"Capitalcare — Norwood","type":"Hospitals","outcome":"geocoded: 10508 111 Avenue (address from Government of Alberta continuing care list; City address point, exact)"},{"odhf_id":"50","name":"Capitalcare — the Dianne and Irving Kipnes Centre for Veterans","type":"Nursing and residential care facilities","outcome":"geocoded: 4470 McCrae Avenue (address from Government of Alberta continuing care list; City address point, exact)"},{"odhf_id":"74","name":"Contours Oral Surgery","type":"Hospitals","outcome":"left out: private day-surgery or outpatient clinic (CIHI 'active acute hospital'), not inpatient or residential care"},{"odhf_id":"81","name":"Edmonton General Continuing Care Centre","type":"Hospitals","outcome":"geocoded: 11111 Jasper Ave NW (address from Government of Alberta continuing care list; City address point, exact)"},{"odhf_id":"89","name":"St. Joseph's Auxiliary Hospital","type":"Hospitals","outcome":"geocoded: 10707 29 Avenue (address from Government of Alberta continuing care list; City address point, exact)"},{"odhf_id":"93","name":"Villa Caritas","type":"Hospitals","outcome":"unmatched: ODHF has no civic address (postal code only), and neither the Alberta list nor OSM has a site of that name with an address; left out"},{"odhf_id":"99","name":"Dental Service Group","type":"Hospitals","outcome":"left out: private day-surgery or outpatient clinic (CIHI 'active acute hospital'), not inpatient or residential care"},{"odhf_id":"109","name":"East Edmonton Health Centre","type":"Hospitals","outcome":"geocoded: 7910 112 Avenue North-west (address from OpenStreetMap addr:* tags; City address point, exact)"},{"odhf_id":"110","name":"Edmonton Chinatown Care Centre","type":"Nursing and residential care facilities","outcome":"geocoded: 9539 102A Avenue (address from Government of Alberta continuing care list; City address point, exact)"},{"odhf_id":"116","name":"Extendicare — Eaux Claires","type":"Nursing and residential care facilities","outcome":"geocoded: 16503 95 Street (address from Government of Alberta continuing care list; City address point, exact)"},{"odhf_id":"119","name":"Extendicare — Holyrood","type":"Nursing and residential care facilities","outcome":"geocoded: 8008 95 Avenue (address from Government of Alberta continuing care list; City address point, exact)"},{"odhf_id":"140","name":"Gimbel Eye Surgical Centre - Edmonton","type":"Hospitals","outcome":"left out: private day-surgery or outpatient clinic (CIHI 'active acute hospital'), not inpatient or residential care"},{"odhf_id":"147","name":"Groat Oral and Maxillofacial Surgery","type":"Hospitals","outcome":"left out: private day-surgery or outpatient clinic (CIHI 'active acute hospital'), not inpatient or residential care"},{"odhf_id":"148","name":"Groot Dermasurgery Centre","type":"Hospitals","outcome":"left out: private day-surgery or outpatient clinic (CIHI 'active acute hospital'), not inpatient or residential care"},{"odhf_id":"169","name":"Kingsway Oral & Maxillofacial Surgery Edmonton Office","type":"Hospitals","outcome":"left out: private day-surgery or outpatient clinic (CIHI 'active acute hospital'), not inpatient or residential care"},{"odhf_id":"176","name":"Lasik Md Oliver Village and Cataract Md Edmonton","type":"Hospitals","outcome":"left out: private day-surgery or outpatient clinic (CIHI 'active acute hospital'), not inpatient or residential care"},{"odhf_id":"201","name":"Park Place Seniors Living Inc. — Benevolence Care Centre","type":"Nursing and residential care facilities","outcome":"geocoded: 9810 165 Street (address from Government of Alberta continuing care list; City address point, exact)"},{"odhf_id":"202","name":"Park Place Seniors Living Inc. — Devonshire Care Centre","type":"Nursing and residential care facilities","outcome":"geocoded: 1808 RABBIT HILL RD NW (address from Government of Alberta continuing care list; City address point, exact)"},{"odhf_id":"204","name":"Park Place Seniors Living Inc. — Hardisty Care Centre","type":"Nursing and residential care facilities","outcome":"geocoded: 6420 101 Avenue (address from Government of Alberta continuing care list; City address point, exact)"},{"odhf_id":"212","name":"Plastic & Cosmetic Laser Surgical Centre","type":"Hospitals","outcome":"left out: private day-surgery or outpatient clinic (CIHI 'active acute hospital'), not inpatient or residential care"},{"odhf_id":"217","name":"Qualicare Ltd. — Jubilee Lodge Nursing Home","type":"Nursing and residential care facilities","outcome":"geocoded: 10333 76 Street (address from Government of Alberta continuing care list; City address point, exact)"},{"odhf_id":"227","name":"Renew Oral and Facial Surgical Centre","type":"Hospitals","outcome":"left out: private day-surgery or outpatient clinic (CIHI 'active acute hospital'), not inpatient or residential care"},{"odhf_id":"230","name":"Revera Inc. — Jasper Place","type":"Nursing and residential care facilities","outcome":"geocoded: 8903 168 Street (address from Government of Alberta continuing care list; City address point, exact)"},{"odhf_id":"232","name":"Revera Inc. — Miller Crossing","type":"Nursing and residential care facilities","outcome":"geocoded: 14251 50 St NW (address from Government of Alberta continuing care list; City address point, exact)"},{"odhf_id":"235","name":"Revera Inc. — South Terrace Continuing Care Centre","type":"Nursing and residential care facilities","outcome":"geocoded: 5905 112 Street (address from Government of Alberta continuing care list; City address point, exact)"},{"odhf_id":"250","name":"Shepherd's Care Foundation — Eden House","type":"Nursing and residential care facilities","outcome":"unmatched: civic address 2759 109 Street NW from Government of Alberta continuing care list, but no City parcel address 2759 109 STREET NW"},{"odhf_id":"251","name":"Shepherd's Care Foundation — Kensington Campus","type":"Nursing and residential care facilities","outcome":"geocoded: 12603 135 Avenue (address from Government of Alberta continuing care list; City address point, exact)"},{"odhf_id":"252","name":"Shepherd's Care Foundation — Millwoods Campus","type":"Nursing and residential care facilities","outcome":"geocoded: 6620 28 Avenue (address from Government of Alberta continuing care list; City address point, exact)"},{"odhf_id":"261","name":"South Edmonton Oral Surgery","type":"Hospitals","outcome":"left out: private day-surgery or outpatient clinic (CIHI 'active acute hospital'), not inpatient or residential care"},{"odhf_id":"269","name":"St. Michael's Long Term Care Centre","type":"Nursing and residential care facilities","outcome":"geocoded: 7404 139 Avenue (address from Government of Alberta continuing care list; City address point, exact)"},{"odhf_id":"293","name":"The Good Samaritan Society — Mill Woods Centre","type":"Nursing and residential care facilities","outcome":"geocoded: 101 Youville Drive East (address from Government of Alberta continuing care list; City address point, exact)"},{"odhf_id":"297","name":"The Good Samaritan Society — Southgate Care Centre","type":"Nursing and residential care facilities","outcome":"geocoded: 4225 - 107 Street NW (address from Government of Alberta continuing care list; City address point, exact)"},{"odhf_id":"304","name":"Touchmark at Wedgewood","type":"Nursing and residential care facilities","outcome":"geocoded: 18333 Lessard Road NW (address from Government of Alberta continuing care list; City address point, exact)"},{"odhf_id":"312","name":"Venta Care Centre","type":"Nursing and residential care facilities","outcome":"geocoded: 13525 102 Street (address from Government of Alberta continuing care list; City address point, exact)"},{"odhf_id":"331","name":"Woman's Health Options Ltd.","type":"Hospitals","outcome":"left out: private day-surgery or outpatient clinic (CIHI 'active acute hospital'), not inpatient or residential care"}]}},"ab_cc":{"name":"Continuing Care Accommodation Standards compliance reporting","source":"Government of Alberta continuing care list","url":"https://open.alberta.ca/dataset/continuing-care-accommodation-standards-compliance-reporting","resource":"Continuing Care Accommodation Standards compliance reporting as of June 2026","licence":"Open Government Licence - Alberta","data_updated":"2026-07-13","latest_visit_in_extract":"2026-07-06","edmonton_sites":238,"edmonton_sites_kept":104,"nearby_sites_kept_for_name_checks":17,"left_out":{"group_homes":82,"under_10_units":47,"no_visit_within_2_years":["EDMONTON PEOPLE IN NEED SHELTER SOCIETY (9526 103 Avenue; last visit 2022-06-09)","ROSEDALE MANOR (10053 111 Street; last visit 2023-03-10)","URBAN MANOR HOUSING SOCIETY (9524 104 Avenue; last visit 2023-01-19)","GRAND MANOR (8815 99 Street; last visit 2023-07-19)","EMMANUEL HOME (13425 57 Street NW; last visit 2021-01-04)"]},"edmonton_sites_not_geocoded":["SHEPHERD'S CARE EDEN HOUSE (2759 109 Street NW): no City parcel address 2759 109 STREET NW","MCARTHUR SUPPORTIVE HOUSING SITE (14125 137 Avenue NW): no City parcel address 14125 137 AVENUE NW"]},"osm_care":{"name":"OpenStreetMap (Overpass API): hospitals, nursing homes, assisted living, hospices","source":"OpenStreetMap","url":"https://www.openstreetmap.org/copyright","licence":"ODbL 1.0 (c) OpenStreetMap contributors","data_updated":"2026-10-08","named_records":53},"care_merged":{"features":127,"by_primary_source":{"Government of Alberta continuing care list":102,"Statistics Canada ODHF v1.1":11,"OpenStreetMap":14},"flagged_possibly_closed":["Boyle McCauley Health Centre"],"flagged_osm_only":["Sage Seniors Association","Strathcona Community Hospital","Edmonton Community Health Hub North","Pilgrims Hospice","Valour Place","114 Gravelle","Vista Housing for Seniors","Glenwood Health Centre","Shepherd's Wellness Centre","Capital Care","Henwood Treatment Centre","Youville Home"]},"b4y7-zhnz":{"name":"Fire Stations","source":"City of Edmonton Open Data","url":"https://data.edmonton.ca/d/b4y7-zhnz","licence":"Open Government Licence - City of Edmonton","data_updated":"2026-10-05","count":31},"e7aq-scxv":{"name":"Police Stations","source":"City of Edmonton Open Data","url":"https://data.edmonton.ca/d/e7aq-scxv","licence":"Open Government Licence - City of Edmonton","data_updated":"2024-06-28","count":8},"nz3t-vyg3":{"name":"Recreation Facilities","source":"City of Edmonton Open Data","url":"https://data.edmonton.ca/d/nz3t-vyg3","licence":"Open Government Licence - City of Edmonton","data_updated":"2026-10-07","count":19},"zmac-3mxq":{"name":"Seniors Centres","source":"City of Edmonton Open Data","url":"https://data.edmonton.ca/d/zmac-3mxq","licence":"Open Government Licence - City of Edmonton","data_updated":"2024-06-28","count":44},"gfxq-u8uu":{"name":"Edmonton Catholic Schools (Current)","source":"City of Edmonton Open Data","url":"https://data.edmonton.ca/d/gfxq-u8uu","licence":"Open Government Licence - City of Edmonton","data_updated":"2026-05-04","count":97},"996c-239n":{"name":"Edmonton Public School Board (EPSB)_School Locations","source":"City of Edmonton Open Data","url":"https://data.edmonton.ca/d/996c-239n","licence":"Open Government Licence - City of Edmonton","data_updated":"2026-04-22","count":223},"fhxi-cnhe":{"name":"LRT Stations and Stops","source":"City of Edmonton Open Data","url":"https://data.edmonton.ca/d/fhxi-cnhe","licence":"Open Government Licence - City of Edmonton","data_updated":"2026-09-28","count":54},"osm":{"name":"OpenStreetMap (Overpass API)","source":"OpenStreetMap","url":"https://www.openstreetmap.org/copyright","licence":"ODbL 1.0 (c) OpenStreetMap contributors","data_updated":"2026-05-31","count":49,"by_category":{"water":4,"power":45}},"dedupe_same_name":{"radius_m":300,"merged":30,"log":["dedupe: 'Grey Nuns Community Hospital' (osm:way/427630969) merged into 'Grey Nuns Community Hospital' (odhf#82+144), 205 m apart","dedupe: 'Royal Canadian Mounted Police' (data.edmonton.ca/e7aq-scxv#ROYAL CANADIAN MOUNTED POLICE@11140 - 109 STREET NW) merged into 'Royal Canadian Mounted Police' (data.edmonton.ca/e7aq-scxv#ROYAL CANADIAN MOUNTED POLICE@11136 - 109 STREET NW), 124 m apart","dedupe: 'Towne Centre Seniors Drop In' (data.edmonton.ca/zmac-3mxq#Towne Centre Seniors Drop In) merged into 'Towne Centre Seniors Drop In' (data.edmonton.ca/zmac-3mxq#Towne Centre Seniors Drop In), 127 m apart","dedupe: 'Connecting Care Management' (data.edmonton.ca/zmac-3mxq#Connecting Care Management) merged into 'Connecting Care Management' (data.edmonton.ca/zmac-3mxq#Connecting Care Management), 123 m apart","dedupe: 'Native Seniors Centre' (data.edmonton.ca/zmac-3mxq#Native Seniors Centre) merged into 'Native Seniors Centre' (data.edmonton.ca/zmac-3mxq#Native Seniors Centre), 43 m apart","dedupe: 'MacEwan Station' (data.edmonton.ca/fhxi-cnhe#11172) merged into 'MacEwan Station' (data.edmonton.ca/fhxi-cnhe#11171), 70 m apart","dedupe: 'Government Station' (data.edmonton.ca/fhxi-cnhe#19252) merged into 'Government Station' (data.edmonton.ca/fhxi-cnhe#19251), 77 m apart","dedupe: 'Churchill Stop' (data.edmonton.ca/fhxi-cnhe#1515) merged into 'Churchill Stop' (data.edmonton.ca/fhxi-cnhe#1516), 50 m apart","dedupe: 'Health Sciences Jubilee Station' (data.edmonton.ca/fhxi-cnhe#20141) merged into 'Health Sciences Jubilee Station' (data.edmonton.ca/fhxi-cnhe#20142), 51 m apart","dedupe: '102 Street Stop' (data.edmonton.ca/fhxi-cnhe#1514) merged into '102 Street Stop' (data.edmonton.ca/fhxi-cnhe#1513), 71 m apart","dedupe: 'Southgate Station' (data.edmonton.ca/fhxi-cnhe#21131) merged into 'Southgate Station' (data.edmonton.ca/fhxi-cnhe#21132), 80 m apart","dedupe: 'Belvedere Station' (data.edmonton.ca/fhxi-cnhe#78301) merged into 'Belvedere Station' (data.edmonton.ca/fhxi-cnhe#78302), 34 m apart","dedupe: 'Davies Station' (data.edmonton.ca/fhxi-cnhe#2687) merged into 'Davies Station' (data.edmonton.ca/fhxi-cnhe#2877), 66 m apart","dedupe: 'University Station' (data.edmonton.ca/fhxi-cnhe#23162) merged into 'University Station' (data.edmonton.ca/fhxi-cnhe#23161), 52 m apart","dedupe: 'Holyrood Stop' (data.edmonton.ca/fhxi-cnhe#2006) merged into 'Holyrood Stop' (data.edmonton.ca/fhxi-cnhe#2162), 65 m apart","dedupe: 'Bay Enterprise Square Station' (data.edmonton.ca/fhxi-cnhe#19851) merged into 'Bay Enterprise Square Station' (data.edmonton.ca/fhxi-cnhe#19852), 57 m apart","dedupe: 'Bonnie Doon Stop' (data.edmonton.ca/fhxi-cnhe#2716) merged into 'Bonnie Doon Stop' (data.edmonton.ca/fhxi-cnhe#2715), 72 m apart","dedupe: 'Clareview Station' (data.edmonton.ca/fhxi-cnhe#79771) merged into 'Clareview Station' (data.edmonton.ca/fhxi-cnhe#79772), 45 m apart","dedupe: 'Grey Nuns Stop' (data.edmonton.ca/fhxi-cnhe#3607) merged into 'Grey Nuns Stop' (data.edmonton.ca/fhxi-cnhe#3606), 64 m apart","dedupe: 'Churchill Station' (data.edmonton.ca/fhxi-cnhe#18761) merged into 'Churchill Station' (data.edmonton.ca/fhxi-cnhe#18762), 77 m apart","dedupe: 'Central Station' (data.edmonton.ca/fhxi-cnhe#19351) merged into 'Central Station' (data.edmonton.ca/fhxi-cnhe#19352), 104 m apart","dedupe: 'McKernan Belgravia Station' (data.edmonton.ca/fhxi-cnhe#99812) merged into 'McKernan Belgravia Station' (data.edmonton.ca/fhxi-cnhe#99811), 94 m apart","dedupe: 'South Campus Ft Edmonton Station' (data.edmonton.ca/fhxi-cnhe#21151) merged into 'South Campus Ft Edmonton Station' (data.edmonton.ca/fhxi-cnhe#21152), 73 m apart","dedupe: 'Millbourne Woodvale Stop' (data.edmonton.ca/fhxi-cnhe#3876) merged into 'Millbourne Woodvale Stop' (data.edmonton.ca/fhxi-cnhe#3875), 66 m apart","dedupe: 'Corona Station' (data.edmonton.ca/fhxi-cnhe#19262) merged into 'Corona Station' (data.edmonton.ca/fhxi-cnhe#19261), 50 m apart","dedupe: 'Kingsway RAH Station' (data.edmonton.ca/fhxi-cnhe#11142) merged into 'Kingsway RAH Station' (data.edmonton.ca/fhxi-cnhe#11141), 71 m apart","dedupe: 'Stadium Station' (data.edmonton.ca/fhxi-cnhe#19812) merged into 'Stadium Station' (data.edmonton.ca/fhxi-cnhe#19811), 58 m apart","dedupe: 'Muttart Stop' (data.edmonton.ca/fhxi-cnhe#22992) merged into 'Muttart Stop' (data.edmonton.ca/fhxi-cnhe#22993), 68 m apart","dedupe: 'Coliseum Station' (data.edmonton.ca/fhxi-cnhe#18891) merged into 'Coliseum Station' (data.edmonton.ca/fhxi-cnhe#18892), 49 m apart","dedupe: 'Strathearn Stop' (data.edmonton.ca/fhxi-cnhe#22991) merged into 'Strathearn Stop' (data.edmonton.ca/fhxi-cnhe#22990), 74 m apart"]}}},"features":[{"type":"Feature","geometry":{"type":"Point","coordinates":[-113.4808,53.546]},"properties":{"name":"City of Edmonton Emergency Operations Centre","category":"eoc","source":"City of Edmonton public information","source_id":"manual:edmonton-eoc","licence":"Public information (no dataset)","fetched_at":"2026-10-08","detail":"Unverified manual point: carried over from an earlier hand-made layer; no public source gives the EOC address (checked 2026-10-08)","sources":[{"source":"City of Edmonton public information","source_id":"manual:edmonton-eoc"}],"verify":"Unverified manual point"}},{"type":"Feature","geometry":{"type":"Point","coordinates":[-113.492377,53.564816]},"properties":{"name":"114 Gravelle","category":"hospital","source":"OpenStreetMap","source_id":"osm:way/325036728","licence":"ODbL 1.0 (c) OpenStreetMap contributors","fetched_at":"2026-10-08","detail":"Assisted living","sources":[{"source":"OpenStreetMap","source_id":"osm:way/325036728"}],"verify":"OpenStreetMap only: in no official list, verify"}},{"type":"Feature","geometry":{"type":"Point","coordinates":[-113.611832,53.524451]},"properties":{"name":"Agecare Jasper Place","category":"hospital","source":"Government of Alberta continuing care list","source_id":"ab-cc#AGECARE JASPER PLACE@8903 168 Street","licence":"Open Government Licence - Alberta","fetched_at":"2026-10-08","detail":"Continuing care home type A (long-term care), 100 units; 8903 168 Street","sources":[{"source":"Government of Alberta continuing care list","source_id":"ab-cc#AGECARE JASPER PLACE@8903 168 Street","data_date":"2026-02-03"},{"source":"City of Edmonton Open Data, Parcel Addresses (ut27-nrpn)","source_id":"data.edmonton.ca/ut27-nrpn#8903 168 Street","role":"position"},{"source":"Statistics Canada ODHF v1.1","source_id":"odhf#230","data_date":"2020-04-20"},{"source":"OpenStreetMap","source_id":"osm:way/558393794"}]}},{"type":"Feature","geometry":{"type":"Point","coordinates":[-113.416094,53.605526]},"properties":{"name":"Agecare Miller Crossing","category":"hospital","source":"Government of Alberta continuing care list","source_id":"ab-cc#AGECARE MILLER CROSSING@14251 50 St NW","licence":"Open Government Licence - Alberta","fetched_at":"2026-10-08","detail":"Continuing care home type A (long-term care), 155 units; 14251 50 St NW","sources":[{"source":"Government of Alberta continuing care list","source_id":"ab-cc#AGECARE MILLER CROSSING@14251 50 St NW","data_date":"2026-03-16"},{"source":"City of Edmonton Open Data, Parcel Addresses (ut27-nrpn)","source_id":"data.edmonton.ca/ut27-nrpn#14251 50 St NW","role":"position"},{"source":"Statistics Canada ODHF v1.1","source_id":"odhf#232","data_date":"2020-04-20"},{"source":"OpenStreetMap","source_id":"osm:way/631442835"}]}},{"type":"Feature","geometry":{"type":"Point","coordinates":[-113.518156,53.496556]},"properties":{"name":"Agecare South Terrace","category":"hospital","source":"Government of Alberta continuing care list","source_id":"ab-cc#AGECARE SOUTH TERRACE@5905 112 Street","licence":"Open Government Licence - Alberta","fetched_at":"2026-10-08","detail":"Continuing care home type A (long-term care), 107 units; 5905 112 Street","sources":[{"source":"Government of Alberta continuing care list","source_id":"ab-cc#AGECARE SOUTH TERRACE@5905 112 Street","data_date":"2026-01-07"},{"source":"City of Edmonton Open Data, Parcel Addresses (ut27-nrpn)","source_id":"data.edmonton.ca/ut27-nrpn#5905 112 Street","role":"position"},{"source":"Statistics Canada ODHF v1.1","source_id":"odhf#235","data_date":"2020-04-20"},{"source":"OpenStreetMap","source_id":"osm:relation/3319221"}]}},{"type":"Feature","geometry":{"type":"Point","coordinates":[-113.374023,53.636387]},"properties":{"name":"Alberta Hospital Edmonton","category":"hospital","source":"Statistics Canada ODHF v1.1","source_id":"odhf#12","licence":"Open Government Licence - Canada","fetched_at":"2026-10-08","detail":"Hospitals (psychiatric)","sources":[{"source":"Statistics Canada ODHF v1.1","source_id":"odhf#12","data_date":"2020-04-20"},{"source":"OpenStreetMap","source_id":"osm:way/457146687"}]}},{"type":"Feature","geometry":{"type":"Point","coordinates":[-113.502634,53.477476]},"properties":{"name":"Alberta Life Care Housing Foundation","category":"hospital","source":"Government of Alberta continuing care list","source_id":"ab-cc#ALBERTA LIFE CARE HOUSING FOUNDATION@4069 106 Street","licence":"Open Government Licence - Alberta","fetched_at":"2026-10-08","detail":"Continuing care home type B (designated supportive living), 180 units; 4069 106 Street","sources":[{"source":"Government of Alberta continuing care list","source_id":"ab-cc#ALBERTA LIFE CARE HOUSING FOUNDATION@4069 106 Street","data_date":"2026-04-29"},{"source":"City of Edmonton Open Data, Parcel Addresses (ut27-nrpn)","source_id":"data.edmonton.ca/ut27-nrpn#4069 106 Street","role":"position"}]}},{"type":"Feature","geometry":{"type":"Point","coordinates":[-113.620001,53.535429]},"properties":{"name":"Alberta Life Care Housing Foundation","category":"hospital","source":"Government of Alberta continuing care list","source_id":"ab-cc#ALBERTA LIFE CARE HOUSING FOUNDATION@17203 99 Avenue NW","licence":"Open Government Licence - Alberta","fetched_at":"2026-10-08","detail":"Continuing care home type B (designated supportive living), 250 units; 17203 99 Avenue NW","sources":[{"source":"Government of Alberta continuing care list","source_id":"ab-cc#ALBERTA LIFE CARE HOUSING FOUNDATION@17203 99 Avenue NW","data_date":"2025-10-22"},{"source":"City of Edmonton Open Data, Parcel Addresses (ut27-nrpn)","source_id":"data.edmonton.ca/ut27-nrpn#17203 99 Avenue NW","role":"position"}]}},{"type":"Feature","geometry":{"type":"Point","coordinates":[-113.466359,53.631744]},"properties":{"name":"Alberta Life Care Housing Foundation","category":"hospital","source":"Government of Alberta continuing care list","source_id":"ab-cc#ALBERTA LIFE CARE HOUSING FOUNDATION@6088 Schonsee Way NW","licence":"Open Government Licence - Alberta","fetched_at":"2026-10-08","detail":"Continuing care home type B (designated supportive living), 74 units; 6088 Schonsee Way NW","sources":[{"source":"Government of Alberta continuing care list","source_id":"ab-cc#ALBERTA LIFE CARE HOUSING FOUNDATION@6088 Schonsee Way NW","data_date":"2026-02-24"},{"source":"City of Edmonton Open Data, Parcel Addresses (ut27-nrpn)","source_id":"data.edmonton.ca/ut27-nrpn#6088 Schonsee Way NW","role":"position"}]}},{"type":"Feature","geometry":{"type":"Point","coordinates":[-113.422074,53.458738]},"properties":{"name":"Allen Gray Continuing Care","category":"hospital","source":"Government of Alberta continuing care list","source_id":"ab-cc#ALLEN GRAY CONTINUING CARE@5005 28 Avenue","licence":"Open Government Licence - Alberta","fetched_at":"2026-10-08","detail":"Continuing care home type A (long-term care), 156 units; 5005 28 Avenue","sources":[{"source":"Government of Alberta continuing care list","source_id":"ab-cc#ALLEN GRAY CONTINUING CARE@5005 28 Avenue","data_date":"2025-12-01"},{"source":"City of Edmonton Open Data, Parcel Addresses (ut27-nrpn)","source_id":"data.edmonton.ca/ut27-nrpn#5005 28 Avenue","role":"position"},{"source":"Statistics Canada ODHF v1.1","source_id":"odhf#14","data_date":"2020-04-20"},{"source":"OpenStreetMap","source_id":"osm:way/557205350"}]}},{"type":"Feature","geometry":{"type":"Point","coordinates":[-113.487024,53.550301]},"properties":{"name":"Ambrose Place","category":"hospital","source":"Government of Alberta continuing care list","source_id":"ab-cc#AMBROSE PLACE@9629 106 Ave NW","licence":"Open Government Licence - Alberta","fetched_at":"2026-10-08","detail":"Supportive living (assisted living), 43 units; 9629 106 Ave NW","sources":[{"source":"Government of Alberta continuing care list","source_id":"ab-cc#AMBROSE PLACE@9629 106 Ave NW","data_date":"2026-02-18"},{"source":"City of Edmonton Open Data, Parcel Addresses (ut27-nrpn)","source_id":"data.edmonton.ca/ut27-nrpn#9629 106 Ave NW","role":"position"},{"source":"OpenStreetMap","source_id":"osm:way/324830641"}]}},{"type":"Feature","geometry":{"type":"Point","coordinates":[-113.285642,53.542657]},"properties":{"name":"Aster Gardens","category":"hospital","source":"OpenStreetMap","source_id":"osm:way/1084523692","licence":"ODbL 1.0 (c) OpenStreetMap contributors","fetched_at":"2026-10-08","detail":"Supportive living (assisted living), 37 units; 7 Brower Drive, Sherwood Park","sources":[{"source":"OpenStreetMap","source_id":"osm:way/1084523692"},{"source":"Government of Alberta continuing care list","source_id":"ab-cc#ASTER GARDENS@7 Brower Drive, Sherwood Park","data_date":"2025-04-14"}]}},{"type":"Feature","geometry":{"type":"Point","coordinates":[-113.447637,53.586539]},"properties":{"name":"Balwin Villa","category":"hospital","source":"Government of Alberta continuing care list","source_id":"ab-cc#BALWIN VILLA@6920 128 Ave NW","licence":"Open Government Licence - Alberta","fetched_at":"2026-10-08","detail":"Continuing care home type B (designated supportive living), 105 units; 6920 128 Ave NW","sources":[{"source":"Government of Alberta continuing care list","source_id":"ab-cc#BALWIN VILLA@6920 128 Ave NW","data_date":"2025-12-11"},{"source":"City of Edmonton Open Data, Parcel Addresses (ut27-nrpn)","source_id":"data.edmonton.ca/ut27-nrpn#6920 128 Ave NW","role":"position"},{"source":"OpenStreetMap","source_id":"osm:way/326463331"}]}},{"type":"Feature","geometry":{"type":"Point","coordinates":[-113.607576,53.5365]},"properties":{"name":"Benevolence Care Centre","category":"hospital","source":"Government of Alberta continuing care list","source_id":"ab-cc#BENEVOLENCE CARE CENTRE@9810 165 Street","licence":"Open Government Licence - Alberta","fetched_at":"2026-10-08","detail":"Continuing care home type A (long-term care), 102 units; 9810 165 Street","sources":[{"source":"Government of Alberta continuing care list","source_id":"ab-cc#BENEVOLENCE CARE CENTRE@9810 165 Street","data_date":"2025-07-24"},{"source":"City of Edmonton Open Data, Parcel Addresses (ut27-nrpn)","source_id":"data.edmonton.ca/ut27-nrpn#9810 165 Street","role":"position"},{"source":"Statistics Canada ODHF v1.1","source_id":"odhf#201","data_date":"2020-04-20"}]}},{"type":"Feature","geometry":{"type":"Point","coordinates":[-113.410318,53.569678]},"properties":{"name":"Beverly Lodge","category":"hospital","source":"Government of Alberta continuing care list","source_id":"ab-cc#BEVERLY LODGE@4410 117 Avenue NW","licence":"Open Government Licence - Alberta","fetched_at":"2026-10-08","detail":"Seniors lodge (supportive living), 77 units; 4410 117 Avenue NW","sources":[{"source":"Government of Alberta continuing care list","source_id":"ab-cc#BEVERLY LODGE@4410 117 Avenue NW","data_date":"2025-07-09"},{"source":"City of Edmonton Open Data, Parcel Addresses (ut27-nrpn)","source_id":"data.edmonton.ca/ut27-nrpn#4410 117 Avenue NW","role":"position"}]}},{"type":"Feature","geometry":{"type":"Point","coordinates":[-113.486,53.55136]},"properties":{"name":"Boyle McCauley Health Centre","category":"hospital","source":"Statistics Canada ODHF v1.1","source_id":"odhf#39","licence":"Open Government Licence - Canada","fetched_at":"2026-10-08","detail":"Hospitals (general)","sources":[{"source":"Statistics Canada ODHF v1.1","source_id":"odhf#39","data_date":"2020-04-20"}],"verify":"Possibly closed, verify: in ODHF (2020) only, in no current source"}},{"type":"Feature","geometry":{"type":"Point","coordinates":[-113.481858,53.547397]},"properties":{"name":"Bridgeway II","category":"hospital","source":"Government of Alberta continuing care list","source_id":"ab-cc#BRIDGEWAY II@9521 103A Avenue","licence":"Open Government Licence - Alberta","fetched_at":"2026-10-08","detail":"Continuing care home type B (designated supportive living), 97 units; 9521 103A Avenue","sources":[{"source":"Government of Alberta continuing care list","source_id":"ab-cc#BRIDGEWAY II@9521 103A Avenue","data_date":"2026-04-30"},{"source":"City of Edmonton Open Data, Parcel Addresses (ut27-nrpn)","source_id":"data.edmonton.ca/ut27-nrpn#9521 103A Avenue","role":"position"}]}},{"type":"Feature","geometry":{"type":"Point","coordinates":[-113.633154,53.477126]},"properties":{"name":"Cameron Heights By Exquisicare","category":"hospital","source":"Government of Alberta continuing care list","source_id":"ab-cc#CAMERON HEIGHTS BY EXQUISICARE@3191 Cameron Heights Way NW","licence":"Open Government Licence - Alberta","fetched_at":"2026-10-08","detail":"Supportive living (assisted living), 10 units; 3191 Cameron Heights Way NW","sources":[{"source":"Government of Alberta continuing care list","source_id":"ab-cc#CAMERON HEIGHTS BY EXQUISICARE@3191 Cameron Heights Way NW","data_date":"2025-11-12"},{"source":"City of Edmonton Open Data, Parcel Addresses (ut27-nrpn)","source_id":"data.edmonton.ca/ut27-nrpn#3191 Cameron Heights Way NW","role":"position"}]}},{"type":"Feature","geometry":{"type":"Point","coordinates":[-113.584754,53.542602]},"properties":{"name":"Canora Place Supportive Living","category":"hospital","source":"Government of Alberta continuing care list","source_id":"ab-cc#CANORA PLACE SUPPORTIVE LIVING@10141 153 Street","licence":"Open Government Licence - Alberta","fetched_at":"2026-10-08","detail":"Supportive living (assisted living), 28 units; 10141 153 Street","sources":[{"source":"Government of Alberta continuing care list","source_id":"ab-cc#CANORA PLACE SUPPORTIVE LIVING@10141 153 Street","data_date":"2025-06-20"},{"source":"City of Edmonton Open Data, Parcel Addresses (ut27-nrpn)","source_id":"data.edmonton.ca/ut27-nrpn#10141 153 Street","role":"position"}]}},{"type":"Feature","geometry":{"type":"Point","coordinates":[-113.56529,53.516502]},"properties":{"name":"Canterbury Court","category":"hospital","source":"Government of Alberta continuing care list","source_id":"ab-cc#CANTERBURY COURT@8403 142 Street NW","licence":"Open Government Licence - Alberta","fetched_at":"2026-10-08","detail":"Supportive living (assisted living), 276 units; 8403 142 Street NW","sources":[{"source":"Government of Alberta continuing care list","source_id":"ab-cc#CANTERBURY COURT@8403 142 Street NW","data_date":"2026-05-06"},{"source":"City of Edmonton Open Data, Parcel Addresses (ut27-nrpn)","source_id":"data.edmonton.ca/ut27-nrpn#8403 142 Street NW","role":"position"}]}},{"type":"Feature","geometry":{"type":"Point","coordinates":[-113.56501,53.515714]},"properties":{"name":"Canterbury Manor","category":"hospital","source":"Government of Alberta continuing care list","source_id":"ab-cc#CANTERBURY MANOR@8311 142 Street","licence":"Open Government Licence - Alberta","fetched_at":"2026-10-08","detail":"Supportive living (assisted living), 254 units; 8311 142 Street","sources":[{"source":"Government of Alberta continuing care list","source_id":"ab-cc#CANTERBURY MANOR@8311 142 Street","data_date":"2026-03-19"},{"source":"City of Edmonton Open Data, Parcel Addresses (ut27-nrpn)","source_id":"data.edmonton.ca/ut27-nrpn#8311 142 Street","role":"position"}]}},{"type":"Feature","geometry":{"type":"Point","coordinates":[-113.287991,53.543483]},"properties":{"name":"Capital Care","category":"hospital","source":"OpenStreetMap","source_id":"osm:way/673685466","licence":"ODbL 1.0 (c) OpenStreetMap contributors","fetched_at":"2026-10-08","detail":"Nursing home","sources":[{"source":"OpenStreetMap","source_id":"osm:way/673685466"}],"verify":"OpenStreetMap only: in no official list, verify"}},{"type":"Feature","geometry":{"type":"Point","coordinates":[-113.48466,53.605481]},"properties":{"name":"Capital Care Dickinsfield","category":"hospital","source":"Government of Alberta continuing care list","source_id":"ab-cc#CAPITAL CARE DICKINSFIELD@14225 94 St NW","licence":"Open Government Licence - Alberta","fetched_at":"2026-10-08","detail":"Continuing care home type A (long-term care), 275 units; 14225 94 St NW","sources":[{"source":"Government of Alberta continuing care list","source_id":"ab-cc#CAPITAL CARE DICKINSFIELD@14225 94 St NW","data_date":"2026-06-10"},{"source":"City of Edmonton Open Data, Parcel Addresses (ut27-nrpn)","source_id":"data.edmonton.ca/ut27-nrpn#14225 94 St NW","role":"position"},{"source":"Statistics Canada ODHF v1.1","source_id":"odhf#45","data_date":"2020-04-20"},{"source":"OpenStreetMap","source_id":"osm:way/533709871"}]}},{"type":"Feature","geometry":{"type":"Point","coordinates":[-113.542949,53.498715]},"properties":{"name":"Capital Care Grandview","category":"hospital","source":"Government of Alberta continuing care list","source_id":"ab-cc#CAPITAL CARE GRANDVIEW@6215 124 Street","licence":"Open Government Licence - Alberta","fetched_at":"2026-10-08","detail":"Continuing care home type A (long-term care), 135 units; 6215 124 Street","sources":[{"source":"Government of Alberta continuing care list","source_id":"ab-cc#CAPITAL CARE GRANDVIEW@6215 124 Street","data_date":"2026-03-18"},{"source":"City of Edmonton Open Data, Parcel Addresses (ut27-nrpn)","source_id":"data.edmonton.ca/ut27-nrpn#6215 124 Street","role":"position"},{"source":"Statistics Canada ODHF v1.1","source_id":"odhf#46","data_date":"2020-04-20"}]}},{"type":"Feature","geometry":{"type":"Point","coordinates":[-113.609314,53.521297]},"properties":{"name":"Capital Care Lynnwood","category":"hospital","source":"Government of Alberta continuing care list","source_id":"ab-cc#CAPITAL CARE LYNNWOOD@8740 165 Street","licence":"Open Government Licence - Alberta","fetched_at":"2026-10-08","detail":"Continuing care home type A (long-term care), 276 units; 8740 165 Street","sources":[{"source":"Government of Alberta continuing care list","source_id":"ab-cc#CAPITAL CARE LYNNWOOD@8740 165 Street","data_date":"2026-05-22"},{"source":"City of Edmonton Open Data, Parcel Addresses (ut27-nrpn)","source_id":"data.edmonton.ca/ut27-nrpn#8740 165 Street","role":"position"},{"source":"Statistics Canada ODHF v1.1","source_id":"odhf#47","data_date":"2020-04-20"},{"source":"OpenStreetMap","source_id":"osm:way/322495321"}]}},{"type":"Feature","geometry":{"type":"Point","coordinates":[-113.514348,53.612499]},"properties":{"name":"Chartwell Griesbach","category":"hospital","source":"Government of Alberta continuing care list","source_id":"ab-cc#CHARTWELL GRIESBACH@4480 McCrae Avenue","licence":"Open Government Licence - Alberta","fetched_at":"2026-10-08","detail":"Continuing care home type B (designated supportive living), 338 units; 4480 McCrae Avenue","sources":[{"source":"Government of Alberta continuing care list","source_id":"ab-cc#CHARTWELL GRIESBACH@4480 McCrae Avenue","data_date":"2026-03-24"},{"source":"City of Edmonton Open Data, Parcel Addresses (ut27-nrpn)","source_id":"data.edmonton.ca/ut27-nrpn#4480 McCrae Avenue","role":"position"}]}},{"type":"Feature","geometry":{"type":"Point","coordinates":[-113.663057,53.5003]},"properties":{"name":"Chartwell Hawthorn","category":"hospital","source":"Government of Alberta continuing care list","source_id":"ab-cc#CHARTWELL HAWTHORN@6411 199 Street","licence":"Open Government Licence - Alberta","fetched_at":"2026-10-08","detail":"Supportive living (assisted living), 120 units; 6411 199 Street","sources":[{"source":"Government of Alberta continuing care list","source_id":"ab-cc#CHARTWELL HAWTHORN@6411 199 Street","data_date":"2025-07-16"},{"source":"City of Edmonton Open Data, Parcel Addresses (ut27-nrpn)","source_id":"data.edmonton.ca/ut27-nrpn#6411 199 Street","role":"position"}]}},{"type":"Feature","geometry":{"type":"Point","coordinates":[-113.518289,53.423803]},"properties":{"name":"Chartwell Heritage Valley","category":"hospital","source":"Government of Alberta continuing care list","source_id":"ab-cc#CHARTWELL HERITAGE VALLEY@944 James Mowatt Trail","licence":"Open Government Licence - Alberta","fetched_at":"2026-10-08","detail":"Continuing care home type B (designated supportive living), 358 units; 944 James Mowatt Trail","sources":[{"source":"Government of Alberta continuing care list","source_id":"ab-cc#CHARTWELL HERITAGE VALLEY@944 James Mowatt Trail","data_date":"2026-05-27"},{"source":"City of Edmonton Open Data, Parcel Addresses (ut27-nrpn)","source_id":"data.edmonton.ca/ut27-nrpn#944 James Mowatt Trail","role":"position"},{"source":"OpenStreetMap","source_id":"osm:way/501508444"}]}},{"type":"Feature","geometry":{"type":"Point","coordinates":[-113.605369,53.426271]},"properties":{"name":"Chartwell Wescott Retirement Residence","category":"hospital","source":"Government of Alberta continuing care list","source_id":"ab-cc#CHARTWELL WESCOTT RETIREMENT RESIDENCE@3841 Allan Drive SW","licence":"Open Government Licence - Alberta","fetched_at":"2026-10-08","detail":"Supportive living (assisted living), 210 units; 3841 Allan Drive SW","sources":[{"source":"Government of Alberta continuing care list","source_id":"ab-cc#CHARTWELL WESCOTT RETIREMENT RESIDENCE@3841 Allan Drive SW","data_date":"2026-06-18"},{"source":"City of Edmonton Open Data, Parcel Addresses (ut27-nrpn)","source_id":"data.edmonton.ca/ut27-nrpn#3841 Allan Drive SW","role":"position"}]}},{"type":"Feature","geometry":{"type":"Point","coordinates":[-113.531079,53.518262]},"properties":{"name":"Cross Cancer Institute","category":"hospital","source":"Statistics Canada ODHF v1.1","source_id":"odhf#95","licence":"Open Government Licence - Canada","fetched_at":"2026-10-08","detail":"Hospitals (cancer)","sources":[{"source":"Statistics Canada ODHF v1.1","source_id":"odhf#95","data_date":"2020-04-20"},{"source":"OpenStreetMap","source_id":"osm:way/51255725"}]}},{"type":"Feature","geometry":{"type":"Point","coordinates":[-113.566709,53.44939]},"properties":{"name":"Devonshire Care Centre","category":"hospital","source":"Government of Alberta continuing care list","source_id":"ab-cc#DEVONSHIRE CARE CENTRE@1808 RABBIT HILL RD NW","licence":"Open Government Licence - Alberta","fetched_at":"2026-10-08","detail":"Continuing care home type A (long-term care), 156 units; 1808 RABBIT HILL RD NW","sources":[{"source":"Government of Alberta continuing care list","source_id":"ab-cc#DEVONSHIRE CARE CENTRE@1808 RABBIT HILL RD NW","data_date":"2026-02-04"},{"source":"City of Edmonton Open Data, Parcel Addresses (ut27-nrpn)","source_id":"data.edmonton.ca/ut27-nrpn#1808 RABBIT HILL RD NW","role":"position"},{"source":"Statistics Canada ODHF v1.1","source_id":"odhf#202","data_date":"2020-04-20"}]}},{"type":"Feature","geometry":{"type":"Point","coordinates":[-113.566176,53.4488]},"properties":{"name":"Devonshire Manor Ltd.","category":"hospital","source":"Government of Alberta continuing care list","source_id":"ab-cc#DEVONSHIRE MANOR LTD.@1718 Rabbit Hill Road","licence":"Open Government Licence - Alberta","fetched_at":"2026-10-08","detail":"Continuing care home type B (designated supportive living), 59 units; 1718 Rabbit Hill Road","sources":[{"source":"Government of Alberta continuing care list","source_id":"ab-cc#DEVONSHIRE MANOR LTD.@1718 Rabbit Hill Road","data_date":"2026-04-09"},{"source":"City of Edmonton Open Data, Parcel Addresses (ut27-nrpn)","source_id":"data.edmonton.ca/ut27-nrpn#1718 Rabbit Hill Road","role":"position"},{"source":"OpenStreetMap","source_id":"osm:node/12547924619"}]}},{"type":"Feature","geometry":{"type":"Point","coordinates":[-113.513914,53.613177]},"properties":{"name":"Diane and Irving Kipnes Centre for Veterans","category":"hospital","source":"Government of Alberta continuing care list","source_id":"ab-cc#DIANE AND IRVING KIPNES CENTRE FOR VETERANS@4470 McCrae Avenue","licence":"Open Government Licence - Alberta","fetched_at":"2026-10-08","detail":"Continuing care home type A (long-term care), 120 units; 4470 McCrae Avenue","sources":[{"source":"Government of Alberta continuing care list","source_id":"ab-cc#DIANE AND IRVING KIPNES CENTRE FOR VETERANS@4470 McCrae Avenue","data_date":"2026-06-09"},{"source":"City of Edmonton Open Data, Parcel Addresses (ut27-nrpn)","source_id":"data.edmonton.ca/ut27-nrpn#4470 McCrae Avenue","role":"position"},{"source":"Statistics Canada ODHF v1.1","source_id":"odhf#50","data_date":"2020-04-20"}]}},{"type":"Feature","geometry":{"type":"Point","coordinates":[-113.46309,53.561695]},"properties":{"name":"East Edmonton Health Centre","category":"hospital","source":"Statistics Canada ODHF v1.1","source_id":"odhf#109","licence":"Open Government Licence - Canada","fetched_at":"2026-10-08","detail":"Hospitals (active acute hospital)","sources":[{"source":"Statistics Canada ODHF v1.1","source_id":"odhf#109","data_date":"2020-04-20"},{"source":"City of Edmonton Open Data, Parcel Addresses (ut27-nrpn)","source_id":"data.edmonton.ca/ut27-nrpn#7910 112 Avenue North-west","role":"position"},{"source":"OpenStreetMap","source_id":"osm:relation/19507832"}]}},{"type":"Feature","geometry":{"type":"Point","coordinates":[-113.481615,53.545592]},"properties":{"name":"Edmonton Chinatown Care Centre","category":"hospital","source":"Government of Alberta continuing care list","source_id":"ab-cc#EDMONTON CHINATOWN CARE CENTRE@9539 102A Avenue","licence":"Open Government Licence - Alberta","fetched_at":"2026-10-08","detail":"Continuing care home type A (long-term care), 97 units; 9539 102A Avenue","sources":[{"source":"Government of Alberta continuing care list","source_id":"ab-cc#EDMONTON CHINATOWN CARE CENTRE@9539 102A Avenue","data_date":"2026-05-14"},{"source":"City of Edmonton Open Data, Parcel Addresses (ut27-nrpn)","source_id":"data.edmonton.ca/ut27-nrpn#9539 102A Avenue","role":"position"},{"source":"Statistics Canada ODHF v1.1","source_id":"odhf#110","data_date":"2020-04-20"},{"source":"OpenStreetMap","source_id":"osm:way/324787854"}]}},{"type":"Feature","geometry":{"type":"Point","coordinates":[-113.480844,53.545706]},"properties":{"name":"Edmonton Chinese Seniors Lodge","category":"hospital","source":"Government of Alberta continuing care list","source_id":"ab-cc#EDMONTON CHINESE SENIORS LODGE@9525 102A Ave NW","licence":"Open Government Licence - Alberta","fetched_at":"2026-10-08","detail":"Seniors lodge (supportive living), 82 units; 9525 102A Ave NW","sources":[{"source":"Government of Alberta continuing care list","source_id":"ab-cc#EDMONTON CHINESE SENIORS LODGE@9525 102A Ave NW","data_date":"2025-09-11"},{"source":"City of Edmonton Open Data, Parcel Addresses (ut27-nrpn)","source_id":"data.edmonton.ca/ut27-nrpn#9525 102A Ave NW","role":"position"},{"source":"OpenStreetMap","source_id":"osm:relation/4524128"}]}},{"type":"Feature","geometry":{"type":"Point","coordinates":[-113.429352,53.59203]},"properties":{"name":"Edmonton Community Health Hub North","category":"hospital","source":"OpenStreetMap","source_id":"osm:way/205677834","licence":"ODbL 1.0 (c) OpenStreetMap contributors","fetched_at":"2026-10-08","detail":"Hospital","sources":[{"source":"OpenStreetMap","source_id":"osm:way/205677834"}],"verify":"OpenStreetMap only: in no official list, verify"}},{"type":"Feature","geometry":{"type":"Point","coordinates":[-113.512927,53.540032]},"properties":{"name":"Edmonton General Continuing Care","category":"hospital","source":"Government of Alberta continuing care list","source_id":"ab-cc#EDMONTON GENERAL CONTINUING CARE@11111 Jasper Ave NW","licence":"Open Government Licence - Alberta","fetched_at":"2026-10-08","detail":"Continuing care home type A (long-term care), 449 units; 11111 Jasper Ave NW","sources":[{"source":"Government of Alberta continuing care list","source_id":"ab-cc#EDMONTON GENERAL CONTINUING CARE@11111 Jasper Ave NW","data_date":"2026-05-12"},{"source":"City of Edmonton Open Data, Parcel Addresses (ut27-nrpn)","source_id":"data.edmonton.ca/ut27-nrpn#11111 Jasper Ave NW","role":"position"},{"source":"Statistics Canada ODHF v1.1","source_id":"odhf#81","data_date":"2020-04-20"}]}},{"type":"Feature","geometry":{"type":"Point","coordinates":[-113.481566,53.546929]},"properties":{"name":"Edmonton People In Need Shelter Society","category":"hospital","source":"Government of Alberta continuing care list","source_id":"ab-cc#EDMONTON PEOPLE IN NEED SHELTER SOCIETY@9536 103 Avenue","licence":"Open Government Licence - Alberta","fetched_at":"2026-10-08","detail":"Continuing care home type B (designated supportive living), 15 units; 9536 103 Avenue","sources":[{"source":"Government of Alberta continuing care list","source_id":"ab-cc#EDMONTON PEOPLE IN NEED SHELTER SOCIETY@9536 103 Avenue","data_date":"2026-04-22"},{"source":"City of Edmonton Open Data, Parcel Addresses (ut27-nrpn)","source_id":"data.edmonton.ca/ut27-nrpn#9536 103 Avenue","role":"position"}]}},{"type":"Feature","geometry":{"type":"Point","coordinates":[-113.480382,53.546274]},"properties":{"name":"Edmonton People In Need Shelter Society - Wyser Manor","category":"hospital","source":"Government of Alberta continuing care list","source_id":"ab-cc#EDMONTON PEOPLE IN NEED SHELTER SOCIETY - WYSER MANOR@9518 102A Avenue","licence":"Open Government Licence - Alberta","fetched_at":"2026-10-08","detail":"Supportive living (assisted living), 19 units; 9518 102A Avenue","sources":[{"source":"Government of Alberta continuing care list","source_id":"ab-cc#EDMONTON PEOPLE IN NEED SHELTER SOCIETY - WYSER MANOR@9518 102A Avenue","data_date":"2026-05-01"},{"source":"City of Edmonton Open Data, Parcel Addresses (ut27-nrpn)","source_id":"data.edmonton.ca/ut27-nrpn#9518 102A Avenue","role":"position"}]}},{"type":"Feature","geometry":{"type":"Point","coordinates":[-113.483887,53.569301]},"properties":{"name":"Elizabeth House","category":"hospital","source":"Government of Alberta continuing care list","source_id":"ab-cc#ELIZABETH HOUSE@11717 93 Street NW","licence":"Open Government Licence - Alberta","fetched_at":"2026-10-08","detail":"Supportive living (assisted living), 20 units; 11717 93 Street NW","sources":[{"source":"Government of Alberta continuing care list","source_id":"ab-cc#ELIZABETH HOUSE@11717 93 Street NW","data_date":"2025-11-27"},{"source":"City of Edmonton Open Data, Parcel Addresses (ut27-nrpn)","source_id":"data.edmonton.ca/ut27-nrpn#11717 93 Street NW","role":"position"}]}},{"type":"Feature","geometry":{"type":"Point","coordinates":[-113.427249,53.597573]},"properties":{"name":"Emmanuel Home","category":"hospital","source":"Government of Alberta continuing care list","source_id":"ab-cc#EMMANUEL HOME@13429 57 Street NW","licence":"Open Government Licence - Alberta","fetched_at":"2026-10-08","detail":"Supportive living (assisted living), 372 units; 13429 57 Street NW","sources":[{"source":"Government of Alberta continuing care list","source_id":"ab-cc#EMMANUEL HOME@13429 57 Street NW","data_date":"2025-07-22"},{"source":"City of Edmonton Open Data, Parcel Addresses (ut27-nrpn)","source_id":"data.edmonton.ca/ut27-nrpn#13429 57 Street NW","role":"position"}]}},{"type":"Feature","geometry":{"type":"Point","coordinates":[-113.485975,53.627114]},"properties":{"name":"Extendicare Eaux Claires","category":"hospital","source":"Government of Alberta continuing care list","source_id":"ab-cc#EXTENDICARE EAUX CLAIRES@16503 95 Street","licence":"Open Government Licence - Alberta","fetched_at":"2026-10-08","detail":"Continuing care home type A (long-term care), 204 units; 16503 95 Street","sources":[{"source":"Government of Alberta continuing care list","source_id":"ab-cc#EXTENDICARE EAUX CLAIRES@16503 95 Street","data_date":"2026-04-08"},{"source":"City of Edmonton Open Data, Parcel Addresses (ut27-nrpn)","source_id":"data.edmonton.ca/ut27-nrpn#16503 95 Street","role":"position"},{"source":"Statistics Canada ODHF v1.1","source_id":"odhf#116","data_date":"2020-04-20"}]}},{"type":"Feature","geometry":{"type":"Point","coordinates":[-113.451712,53.532819]},"properties":{"name":"Extendicare Holyrood (South)","category":"hospital","source":"Government of Alberta continuing care list","source_id":"ab-cc#EXTENDICARE HOLYROOD (SOUTH)@8008 95 Avenue","licence":"Open Government Licence - Alberta","fetched_at":"2026-10-08","detail":"Continuing care home type A (long-term care), 74 units; 8008 95 Avenue","sources":[{"source":"Government of Alberta continuing care list","source_id":"ab-cc#EXTENDICARE HOLYROOD (SOUTH)@8008 95 Avenue","data_date":"2025-11-04"},{"source":"City of Edmonton Open Data, Parcel Addresses (ut27-nrpn)","source_id":"data.edmonton.ca/ut27-nrpn#8008 95 Avenue","role":"position"},{"source":"Statistics Canada ODHF v1.1","source_id":"odhf#119","data_date":"2020-04-20"},{"source":"OpenStreetMap","source_id":"osm:way/323100260"}]}},{"type":"Feature","geometry":{"type":"Point","coordinates":[-113.513093,53.51791]},"properties":{"name":"Garneau Hall","category":"hospital","source":"Government of Alberta continuing care list","source_id":"ab-cc#GARNEAU HALL@10923 82 Avenue","licence":"Open Government Licence - Alberta","fetched_at":"2026-10-08","detail":"Continuing care home type B (designated supportive living), 102 units; 10923 82 Avenue","sources":[{"source":"Government of Alberta continuing care list","source_id":"ab-cc#GARNEAU HALL@10923 82 Avenue","data_date":"2026-01-19"},{"source":"City of Edmonton Open Data, Parcel Addresses (ut27-nrpn)","source_id":"data.edmonton.ca/ut27-nrpn#10923 82 Avenue","role":"position"}]}},{"type":"Feature","geometry":{"type":"Point","coordinates":[-113.501475,53.560107]},"properties":{"name":"Gene Zwozdesky Centre at Norwood","category":"hospital","source":"Government of Alberta continuing care list","source_id":"ab-cc#GENE ZWOZDESKY CENTRE AT NORWOOD@10508 111 Avenue","licence":"Open Government Licence - Alberta","fetched_at":"2026-10-08","detail":"Continuing care home type A (long-term care), 114 units; 10508 111 Avenue","sources":[{"source":"Government of Alberta continuing care list","source_id":"ab-cc#GENE ZWOZDESKY CENTRE AT NORWOOD@10508 111 Avenue","data_date":"2026-03-19"},{"source":"City of Edmonton Open Data, Parcel Addresses (ut27-nrpn)","source_id":"data.edmonton.ca/ut27-nrpn#10508 111 Avenue","role":"position"},{"source":"Statistics Canada ODHF v1.1","source_id":"odhf#48","data_date":"2020-04-20"},{"source":"OpenStreetMap","source_id":"osm:way/803146272"}]}},{"type":"Feature","geometry":{"type":"Point","coordinates":[-113.66625,53.497433]},"properties":{"name":"Glastonbury Mews","category":"hospital","source":"Government of Alberta continuing care list","source_id":"ab-cc#GLASTONBURY MEWS@1585 Glastonbury Boulevard","licence":"Open Government Licence - Alberta","fetched_at":"2026-10-08","detail":"Continuing care home type B (designated supportive living), 49 units; 1585 Glastonbury Boulevard","sources":[{"source":"Government of Alberta continuing care list","source_id":"ab-cc#GLASTONBURY MEWS@1585 Glastonbury Boulevard","data_date":"2026-06-19"},{"source":"City of Edmonton Open Data, Parcel Addresses (ut27-nrpn)","source_id":"data.edmonton.ca/ut27-nrpn#1585 Glastonbury Boulevard","role":"position"}]}},{"type":"Feature","geometry":{"type":"Point","coordinates":[-113.53914,53.542504]},"properties":{"name":"Glenora Park","category":"hospital","source":"Government of Alberta continuing care list","source_id":"ab-cc#GLENORA PARK@10150 Clifton Place NW","licence":"Open Government Licence - Alberta","fetched_at":"2026-10-08","detail":"Continuing care home type B (designated supportive living), 434 units; 10150 Clifton Place NW","sources":[{"source":"Government of Alberta continuing care list","source_id":"ab-cc#GLENORA PARK@10150 Clifton Place NW","data_date":"2026-03-19"},{"source":"City of Edmonton Open Data, Parcel Addresses (ut27-nrpn)","source_id":"data.edmonton.ca/ut27-nrpn#10150 Clifton Place NW","role":"position"},{"source":"OpenStreetMap","source_id":"osm:way/957042666"}]}},{"type":"Feature","geometry":{"type":"Point","coordinates":[-113.497653,53.560101]},"properties":{"name":"Glenrose Rehabilitation Hospital","category":"hospital","source":"Statistics Canada ODHF v1.1","source_id":"odhf#141","licence":"Open Government Licence - Canada","fetched_at":"2026-10-08","detail":"Nursing and residential care facilities (rehabilitation)","sources":[{"source":"Statistics Canada ODHF v1.1","source_id":"odhf#141","data_date":"2020-04-20"},{"source":"OpenStreetMap","source_id":"osm:way/1238706206"}]}},{"type":"Feature","geometry":{"type":"Point","coordinates":[-113.598675,53.540798]},"properties":{"name":"Glenwood Health Centre","category":"hospital","source":"OpenStreetMap","source_id":"osm:way/571155469","licence":"ODbL 1.0 (c) OpenStreetMap contributors","fetched_at":"2026-10-08","detail":"Hospital","sources":[{"source":"OpenStreetMap","source_id":"osm:way/571155469"}],"verify":"OpenStreetMap only: in no official list, verify"}},{"type":"Feature","geometry":{"type":"Point","coordinates":[-113.503488,53.446657]},"properties":{"name":"Good Samaritan Society 1601 Wedman Village (The)","category":"hospital","source":"Government of Alberta continuing care list","source_id":"ab-cc#GOOD SAMARITAN SOCIETY 1601 WEDMAN VILLAGE (THE)@1601 Bearspaw Drive East NW","licence":"Open Government Licence - Alberta","fetched_at":"2026-10-08","detail":"Continuing care home type B (designated supportive living), 10 units; 1601 Bearspaw Drive East NW","sources":[{"source":"Government of Alberta continuing care list","source_id":"ab-cc#GOOD SAMARITAN SOCIETY 1601 WEDMAN VILLAGE (THE)@1601 Bearspaw Drive East NW","data_date":"2026-05-12"},{"source":"City of Edmonton Open Data, Parcel Addresses (ut27-nrpn)","source_id":"data.edmonton.ca/ut27-nrpn#1601 Bearspaw Drive East NW","role":"position"}]}},{"type":"Feature","geometry":{"type":"Point","coordinates":[-113.503788,53.446848]},"properties":{"name":"Good Samaritan Society 1603 Wedman Village (The)","category":"hospital","source":"Government of Alberta continuing care list","source_id":"ab-cc#GOOD SAMARITAN SOCIETY 1603 WEDMAN VILLAGE (THE)@1603 Bearspaw Drive East NW","licence":"Open Government Licence - Alberta","fetched_at":"2026-10-08","detail":"Continuing care home type B (designated supportive living), 10 units; 1603 Bearspaw Drive East NW","sources":[{"source":"Government of Alberta continuing care list","source_id":"ab-cc#GOOD SAMARITAN SOCIETY 1603 WEDMAN VILLAGE (THE)@1603 Bearspaw Drive East NW","data_date":"2026-05-12"},{"source":"City of Edmonton Open Data, Parcel Addresses (ut27-nrpn)","source_id":"data.edmonton.ca/ut27-nrpn#1603 Bearspaw Drive East NW","role":"position"}]}},{"type":"Feature","geometry":{"type":"Point","coordinates":[-113.50381,53.447134]},"properties":{"name":"Good Samaritan Society 1609 Wedman Village (The)","category":"hospital","source":"Government of Alberta continuing care list","source_id":"ab-cc#GOOD SAMARITAN SOCIETY 1609 WEDMAN VILLAGE (THE)@1609 Bearspaw Drive East NW","licence":"Open Government Licence - Alberta","fetched_at":"2026-10-08","detail":"Continuing care home type B (designated supportive living), 10 units; 1609 Bearspaw Drive East NW","sources":[{"source":"Government of Alberta continuing care list","source_id":"ab-cc#GOOD SAMARITAN SOCIETY 1609 WEDMAN VILLAGE (THE)@1609 Bearspaw Drive East NW","data_date":"2026-05-12"},{"source":"City of Edmonton Open Data, Parcel Addresses (ut27-nrpn)","source_id":"data.edmonton.ca/ut27-nrpn#1609 Bearspaw Drive East NW","role":"position"}]}},{"type":"Feature","geometry":{"type":"Point","coordinates":[-113.478152,53.50704]},"properties":{"name":"Good Samaritan Society Dr. Gerald Zetter","category":"hospital","source":"Government of Alberta continuing care list","source_id":"ab-cc#GOOD SAMARITAN SOCIETY DR. GERALD ZETTER@9649 - 71 Ave NW","licence":"Open Government Licence - Alberta","fetched_at":"2026-10-08","detail":"Continuing care home type A (long-term care), 200 units; 9649 - 71 Ave NW","sources":[{"source":"Government of Alberta continuing care list","source_id":"ab-cc#GOOD SAMARITAN SOCIETY DR. GERALD ZETTER@9649 - 71 Ave NW","data_date":"2026-06-18"},{"source":"City of Edmonton Open Data, Parcel Addresses (ut27-nrpn)","source_id":"data.edmonton.ca/ut27-nrpn#9649 - 71 Ave NW","role":"position"},{"source":"Statistics Canada ODHF v1.1","source_id":"odhf#292","data_date":"2020-04-20"}]}},{"type":"Feature","geometry":{"type":"Point","coordinates":[-113.424342,53.460027]},"properties":{"name":"Good Samaritan Society Millwoods Centre","category":"hospital","source":"Government of Alberta continuing care list","source_id":"ab-cc#GOOD SAMARITAN SOCIETY MILLWOODS CENTRE@101 Youville Drive East","licence":"Open Government Licence - Alberta","fetched_at":"2026-10-08","detail":"Continuing care home type A (long-term care), 60 units; 101 Youville Drive East","sources":[{"source":"Government of Alberta continuing care list","source_id":"ab-cc#GOOD SAMARITAN SOCIETY MILLWOODS CENTRE@101 Youville Drive East","data_date":"2025-11-12"},{"source":"City of Edmonton Open Data, Parcel Addresses (ut27-nrpn)","source_id":"data.edmonton.ca/ut27-nrpn#101 Youville Drive East","role":"position"},{"source":"Statistics Canada ODHF v1.1","source_id":"odhf#293","data_date":"2020-04-20"}]}},{"type":"Feature","geometry":{"type":"Point","coordinates":[-113.506725,53.480489]},"properties":{"name":"Good Samaritan Society Southgate","category":"hospital","source":"Government of Alberta continuing care list","source_id":"ab-cc#GOOD SAMARITAN SOCIETY SOUTHGATE@4225 - 107 Street NW","licence":"Open Government Licence - Alberta","fetched_at":"2026-10-08","detail":"Continuing care home type A (long-term care), 149 units; 4225 - 107 Street NW","sources":[{"source":"Government of Alberta continuing care list","source_id":"ab-cc#GOOD SAMARITAN SOCIETY SOUTHGATE@4225 - 107 Street NW","data_date":"2026-03-12"},{"source":"City of Edmonton Open Data, Parcel Addresses (ut27-nrpn)","source_id":"data.edmonton.ca/ut27-nrpn#4225 - 107 Street NW","role":"position"},{"source":"Statistics Canada ODHF v1.1","source_id":"odhf#297","data_date":"2020-04-20"},{"source":"OpenStreetMap","source_id":"osm:way/557669405"}]}},{"type":"Feature","geometry":{"type":"Point","coordinates":[-113.503394,53.447419]},"properties":{"name":"Good Samaritan Society Wedman House (The)","category":"hospital","source":"Government of Alberta continuing care list","source_id":"ab-cc#GOOD SAMARITAN SOCIETY WEDMAN HOUSE (THE)@10525 19 Ave NW","licence":"Open Government Licence - Alberta","fetched_at":"2026-10-08","detail":"Continuing care home type B (designated supportive living), 30 units; 10525 19 Ave NW","sources":[{"source":"Government of Alberta continuing care list","source_id":"ab-cc#GOOD SAMARITAN SOCIETY WEDMAN HOUSE (THE)@10525 19 Ave NW","data_date":"2026-02-05"},{"source":"City of Edmonton Open Data, Parcel Addresses (ut27-nrpn)","source_id":"data.edmonton.ca/ut27-nrpn#10525 19 Ave NW","role":"position"}]}},{"type":"Feature","geometry":{"type":"Point","coordinates":[-113.537318,53.602527]},"properties":{"name":"Grace Village Supportive Living","category":"hospital","source":"Government of Alberta continuing care list","source_id":"ab-cc#GRACE VILLAGE SUPPORTIVE LIVING@12520 140 Avenue","licence":"Open Government Licence - Alberta","fetched_at":"2026-10-08","detail":"Supportive living (assisted living), 72 units; 12520 140 Avenue","sources":[{"source":"Government of Alberta continuing care list","source_id":"ab-cc#GRACE VILLAGE SUPPORTIVE LIVING@12520 140 Avenue","data_date":"2026-03-04"},{"source":"City of Edmonton Open Data, Parcel Addresses (ut27-nrpn)","source_id":"data.edmonton.ca/ut27-nrpn#12520 140 Avenue","role":"position"}]}},{"type":"Feature","geometry":{"type":"Point","coordinates":[-113.490428,53.553245]},"properties":{"name":"Grand Manor","category":"hospital","source":"Government of Alberta continuing care list","source_id":"ab-cc#GRAND MANOR@10766 97 St NW","licence":"Open Government Licence - Alberta","fetched_at":"2026-10-08","detail":"Continuing care home type B (designated supportive living), 118 units; 10766 97 St NW","sources":[{"source":"Government of Alberta continuing care list","source_id":"ab-cc#GRAND MANOR@10766 97 St NW","data_date":"2026-01-07"},{"source":"City of Edmonton Open Data, Parcel Addresses (ut27-nrpn)","source_id":"data.edmonton.ca/ut27-nrpn#10766 97 St NW","role":"position"}]}},{"type":"Feature","geometry":{"type":"Point","coordinates":[-113.432304,53.462682]},"properties":{"name":"Grey Nuns Community Hospital","category":"hospital","source":"Statistics Canada ODHF v1.1","source_id":"odhf#82+144","licence":"Open Government Licence - Canada","fetched_at":"2026-10-08","detail":"Hospitals","sources":[{"source":"Statistics Canada ODHF v1.1","source_id":"odhf#82+144","data_date":"2020-04-20"},{"source":"OpenStreetMap","source_id":"osm:way/427630969"}]}},{"type":"Feature","geometry":{"type":"Point","coordinates":[-113.430554,53.541863]},"properties":{"name":"Hardisty Care Centre","category":"hospital","source":"Government of Alberta continuing care list","source_id":"ab-cc#HARDISTY CARE CENTRE@6420 101 Avenue","licence":"Open Government Licence - Alberta","fetched_at":"2026-10-08","detail":"Continuing care home type A (long-term care), 175 units; 6420 101 Avenue","sources":[{"source":"Government of Alberta continuing care list","source_id":"ab-cc#HARDISTY CARE CENTRE@6420 101 Avenue","data_date":"2026-03-25"},{"source":"City of Edmonton Open Data, Parcel Addresses (ut27-nrpn)","source_id":"data.edmonton.ca/ut27-nrpn#6420 101 Avenue","role":"position"},{"source":"Statistics Canada ODHF v1.1","source_id":"odhf#204","data_date":"2020-04-20"},{"source":"OpenStreetMap","source_id":"osm:way/325057017"}]}},{"type":"Feature","geometry":{"type":"Point","coordinates":[-113.376949,53.648996]},"properties":{"name":"Henwood Treatment Centre","category":"hospital","source":"OpenStreetMap","source_id":"osm:way/702279447","licence":"ODbL 1.0 (c) OpenStreetMap contributors","fetched_at":"2026-10-08","detail":"Hospital","sources":[{"source":"OpenStreetMap","source_id":"osm:way/702279447"}],"verify":"OpenStreetMap only: in no official list, verify"}},{"type":"Feature","geometry":{"type":"Point","coordinates":[-113.557029,53.588398]},"properties":{"name":"In and Out Home Care Rehabilitation Ltd. House #3","category":"hospital","source":"Government of Alberta continuing care list","source_id":"ab-cc#IN AND OUT HOME CARE REHABILITATION LTD. HOUSE #3@219 Dunvegan Road NW","licence":"Open Government Licence - Alberta","fetched_at":"2026-10-08","detail":"Continuing care home type B (designated supportive living), 10 units; 219 Dunvegan Road NW","sources":[{"source":"Government of Alberta continuing care list","source_id":"ab-cc#IN AND OUT HOME CARE REHABILITATION LTD. HOUSE #3@219 Dunvegan Road NW","data_date":"2026-06-04"},{"source":"City of Edmonton Open Data, Parcel Addresses (ut27-nrpn)","source_id":"data.edmonton.ca/ut27-nrpn#219 Dunvegan Road NW","role":"position"}]}},{"type":"Feature","geometry":{"type":"Point","coordinates":[-113.46519,53.522026]},"properties":{"name":"Iris Court","category":"hospital","source":"Government of Alberta continuing care list","source_id":"ab-cc#IRIS COURT@8533 90 Street","licence":"Open Government Licence - Alberta","fetched_at":"2026-10-08","detail":"Supportive living (assisted living), 21 units; 8533 90 Street","sources":[{"source":"Government of Alberta continuing care list","source_id":"ab-cc#IRIS COURT@8533 90 Street","data_date":"2025-05-08"},{"source":"City of Edmonton Open Data, Parcel Addresses (ut27-nrpn)","source_id":"data.edmonton.ca/ut27-nrpn#8533 90 Street","role":"position"}]}},{"type":"Feature","geometry":{"type":"Point","coordinates":[-113.444032,53.545758]},"properties":{"name":"Jubilee Lodge Nursing Home Ltd.","category":"hospital","source":"Government of Alberta continuing care list","source_id":"ab-cc#JUBILEE LODGE NURSING HOME LTD.@10333 76 Street","licence":"Open Government Licence - Alberta","fetched_at":"2026-10-08","detail":"Continuing care home type A (long-term care), 150 units; 10333 76 Street","sources":[{"source":"Government of Alberta continuing care list","source_id":"ab-cc#JUBILEE LODGE NURSING HOME LTD.@10333 76 Street","data_date":"2026-05-01"},{"source":"City of Edmonton Open Data, Parcel Addresses (ut27-nrpn)","source_id":"data.edmonton.ca/ut27-nrpn#10333 76 Street","role":"position"},{"source":"Statistics Canada ODHF v1.1","source_id":"odhf#217","data_date":"2020-04-20"},{"source":"OpenStreetMap","source_id":"osm:way/325056653"}]}},{"type":"Feature","geometry":{"type":"Point","coordinates":[-113.529235,53.545335]},"properties":{"name":"Kiwanis Place Lodge","category":"hospital","source":"Government of Alberta continuing care list","source_id":"ab-cc#KIWANIS PLACE LODGE@10330 120 Street NW","licence":"Open Government Licence - Alberta","fetched_at":"2026-10-08","detail":"Seniors lodge (supportive living), 222 units; 10330 120 Street NW","sources":[{"source":"Government of Alberta continuing care list","source_id":"ab-cc#KIWANIS PLACE LODGE@10330 120 Street NW","data_date":"2026-02-18"},{"source":"City of Edmonton Open Data, Parcel Addresses (ut27-nrpn)","source_id":"data.edmonton.ca/ut27-nrpn#10330 120 Street NW","role":"position"}]}},{"type":"Feature","geometry":{"type":"Point","coordinates":[-113.385386,53.453151]},"properties":{"name":"Laurel Heights Retirement Residence","category":"hospital","source":"Government of Alberta continuing care list","source_id":"ab-cc#LAUREL HEIGHTS RETIREMENT RESIDENCE@3110 22 Avenue NW","licence":"Open Government Licence - Alberta","fetched_at":"2026-10-08","detail":"Continuing care home type B (designated supportive living), 200 units; 3110 22 Avenue NW","sources":[{"source":"Government of Alberta continuing care list","source_id":"ab-cc#LAUREL HEIGHTS RETIREMENT RESIDENCE@3110 22 Avenue NW","data_date":"2026-07-02"},{"source":"City of Edmonton Open Data, Parcel Addresses (ut27-nrpn)","source_id":"data.edmonton.ca/ut27-nrpn#3110 22 Avenue NW","role":"position"}]}},{"type":"Feature","geometry":{"type":"Point","coordinates":[-113.613154,53.523308]},"properties":{"name":"Laurier House Lynnwood","category":"hospital","source":"Government of Alberta continuing care list","source_id":"ab-cc#LAURIER HOUSE LYNNWOOD@16815 88 Avenue","licence":"Open Government Licence - Alberta","fetched_at":"2026-10-08","detail":"Continuing care home type B (designated supportive living), 80 units; 16815 88 Avenue","sources":[{"source":"Government of Alberta continuing care list","source_id":"ab-cc#LAURIER HOUSE LYNNWOOD@16815 88 Avenue","data_date":"2025-08-26"},{"source":"City of Edmonton Open Data, Parcel Addresses (ut27-nrpn)","source_id":"data.edmonton.ca/ut27-nrpn#16815 88 Avenue","role":"position"}]}},{"type":"Feature","geometry":{"type":"Point","coordinates":[-113.570727,53.432236]},"properties":{"name":"Leecaring Communities - Holsome Place","category":"hospital","source":"Government of Alberta continuing care list","source_id":"ab-cc#LEECARING COMMUNITIES - HOLSOME PLACE@5836 Mullen Place NW","licence":"Open Government Licence - Alberta","fetched_at":"2026-10-08","detail":"Continuing care home type A (long-term care), 138 units; 5836 Mullen Place NW","sources":[{"source":"Government of Alberta continuing care list","source_id":"ab-cc#LEECARING COMMUNITIES - HOLSOME PLACE@5836 Mullen Place NW","data_date":"2026-07-02"},{"source":"City of Edmonton Open Data, Parcel Addresses (ut27-nrpn)","source_id":"data.edmonton.ca/ut27-nrpn#5836 Mullen Place NW","role":"position"},{"source":"OpenStreetMap","source_id":"osm:way/1291524288"}]}},{"type":"Feature","geometry":{"type":"Point","coordinates":[-113.684371,53.528754]},"properties":{"name":"Lewis Estates Retirement Residence","category":"hospital","source":"Government of Alberta continuing care list","source_id":"ab-cc#LEWIS ESTATES RETIREMENT RESIDENCE@9310 211 Street NW","licence":"Open Government Licence - Alberta","fetched_at":"2026-10-08","detail":"Continuing care home type B (designated supportive living), 200 units; 9310 211 Street NW","sources":[{"source":"Government of Alberta continuing care list","source_id":"ab-cc#LEWIS ESTATES RETIREMENT RESIDENCE@9310 211 Street NW","data_date":"2026-04-10"},{"source":"City of Edmonton Open Data, Parcel Addresses (ut27-nrpn)","source_id":"data.edmonton.ca/ut27-nrpn#9310 211 Street NW","role":"position"}]}},{"type":"Feature","geometry":{"type":"Point","coordinates":[-113.572451,53.433645]},"properties":{"name":"Mactaggart Place Retirement Residence","category":"hospital","source":"Government of Alberta continuing care list","source_id":"ab-cc#MACTAGGART PLACE RETIREMENT RESIDENCE@5149 Mullen Rd NW","licence":"Open Government Licence - Alberta","fetched_at":"2026-10-08","detail":"Supportive living (assisted living), 200 units; 5149 Mullen Rd NW","sources":[{"source":"Government of Alberta continuing care list","source_id":"ab-cc#MACTAGGART PLACE RETIREMENT RESIDENCE@5149 Mullen Rd NW","data_date":"2026-04-01"},{"source":"City of Edmonton Open Data, Parcel Addresses (ut27-nrpn)","source_id":"data.edmonton.ca/ut27-nrpn#5149 Mullen Rd NW","role":"position"}]}},{"type":"Feature","geometry":{"type":"Point","coordinates":[-113.44151,53.632033]},"properties":{"name":"McConachie Gardens By Revera","category":"hospital","source":"Government of Alberta continuing care list","source_id":"ab-cc#MCCONACHIE GARDENS BY REVERA@6503 170 Avenue","licence":"Open Government Licence - Alberta","fetched_at":"2026-10-08","detail":"Continuing care home type B (designated supportive living), 326 units; 6503 170 Avenue","sources":[{"source":"Government of Alberta continuing care list","source_id":"ab-cc#MCCONACHIE GARDENS BY REVERA@6503 170 Avenue","data_date":"2026-03-06"},{"source":"City of Edmonton Open Data, Parcel Addresses (ut27-nrpn)","source_id":"data.edmonton.ca/ut27-nrpn#6503 170 Avenue","role":"position"}]}},{"type":"Feature","geometry":{"type":"Point","coordinates":[-113.480956,53.605357]},"properties":{"name":"McConnell Place North","category":"hospital","source":"Government of Alberta continuing care list","source_id":"ab-cc#MCCONNELL PLACE NORTH@9113 144 Avenue","licence":"Open Government Licence - Alberta","fetched_at":"2026-10-08","detail":"Continuing care home type B (designated supportive living), 36 units; 9113 144 Avenue","sources":[{"source":"Government of Alberta continuing care list","source_id":"ab-cc#MCCONNELL PLACE NORTH@9113 144 Avenue","data_date":"2026-06-16"},{"source":"City of Edmonton Open Data, Parcel Addresses (ut27-nrpn)","source_id":"data.edmonton.ca/ut27-nrpn#9113 144 Avenue","role":"position"},{"source":"OpenStreetMap","source_id":"osm:way/551993738"}]}},{"type":"Feature","geometry":{"type":"Point","coordinates":[-113.609662,53.52036]},"properties":{"name":"McConnell Place West","category":"hospital","source":"Government of Alberta continuing care list","source_id":"ab-cc#MCCONNELL PLACE WEST@8720 165 Street","licence":"Open Government Licence - Alberta","fetched_at":"2026-10-08","detail":"Continuing care home type B (designated supportive living), 36 units; 8720 165 Street","sources":[{"source":"Government of Alberta continuing care list","source_id":"ab-cc#MCCONNELL PLACE WEST@8720 165 Street","data_date":"2026-01-07"},{"source":"City of Edmonton Open Data, Parcel Addresses (ut27-nrpn)","source_id":"data.edmonton.ca/ut27-nrpn#8720 165 Street","role":"position"}]}},{"type":"Feature","geometry":{"type":"Point","coordinates":[-113.566264,53.555588]},"properties":{"name":"McQueen Place Lodge","category":"hospital","source":"Government of Alberta continuing care list","source_id":"ab-cc#MCQUEEN PLACE LODGE@10938 142 Street NW","licence":"Open Government Licence - Alberta","fetched_at":"2026-10-08","detail":"Seniors lodge (supportive living), 132 units; 10938 142 Street NW","sources":[{"source":"Government of Alberta continuing care list","source_id":"ab-cc#MCQUEEN PLACE LODGE@10938 142 Street NW","data_date":"2025-06-18"},{"source":"City of Edmonton Open Data, Parcel Addresses (ut27-nrpn)","source_id":"data.edmonton.ca/ut27-nrpn#10938 142 Street NW","role":"position"}]}},{"type":"Feature","geometry":{"type":"Point","coordinates":[-113.599274,53.518775]},"properties":{"name":"Meadowlark Lodge","category":"hospital","source":"Government of Alberta continuing care list","source_id":"ab-cc#MEADOWLARK LODGE@8609 161 Street NW","licence":"Open Government Licence - Alberta","fetched_at":"2026-10-08","detail":"Seniors lodge (supportive living), 64 units; 8609 161 Street NW","sources":[{"source":"Government of Alberta continuing care list","source_id":"ab-cc#MEADOWLARK LODGE@8609 161 Street NW","data_date":"2025-10-15"},{"source":"City of Edmonton Open Data, Parcel Addresses (ut27-nrpn)","source_id":"data.edmonton.ca/ut27-nrpn#8609 161 Street NW","role":"position"}]}},{"type":"Feature","geometry":{"type":"Point","coordinates":[-113.457214,53.601965]},"properties":{"name":"Millennium Pavilion Seniors' Lodge","category":"hospital","source":"Government of Alberta continuing care list","source_id":"ab-cc#MILLENNIUM PAVILION SENIORS' LODGE@7408 139 Avenue","licence":"Open Government Licence - Alberta","fetched_at":"2026-10-08","detail":"Supportive living (assisted living), 75 units; 7408 139 Avenue","sources":[{"source":"Government of Alberta continuing care list","source_id":"ab-cc#MILLENNIUM PAVILION SENIORS' LODGE@7408 139 Avenue","data_date":"2025-08-25"},{"source":"City of Edmonton Open Data, Parcel Addresses (ut27-nrpn)","source_id":"data.edmonton.ca/ut27-nrpn#7408 139 Avenue","role":"position"}]}},{"type":"Feature","geometry":{"type":"Point","coordinates":[-113.43614,53.459325]},"properties":{"name":"Millwoods Shepherd's Care Centre","category":"hospital","source":"Government of Alberta continuing care list","source_id":"ab-cc#MILLWOODS SHEPHERD'S CARE CENTRE@6620 28 Avenue","licence":"Open Government Licence - Alberta","fetched_at":"2026-10-08","detail":"Continuing care home type A (long-term care), 147 units; 6620 28 Avenue","sources":[{"source":"Government of Alberta continuing care list","source_id":"ab-cc#MILLWOODS SHEPHERD'S CARE CENTRE@6620 28 Avenue","data_date":"2025-10-16"},{"source":"City of Edmonton Open Data, Parcel Addresses (ut27-nrpn)","source_id":"data.edmonton.ca/ut27-nrpn#6620 28 Avenue","role":"position"},{"source":"Statistics Canada ODHF v1.1","source_id":"odhf#252","data_date":"2020-04-20"}]}},{"type":"Feature","geometry":{"type":"Point","coordinates":[-113.613021,53.522149]},"properties":{"name":"Misericordia Community Hospital","category":"hospital","source":"Statistics Canada ODHF v1.1","source_id":"odhf#86+192","licence":"Open Government Licence - Canada","fetched_at":"2026-10-08","detail":"Hospitals","sources":[{"source":"Statistics Canada ODHF v1.1","source_id":"odhf#86+192","data_date":"2020-04-20"},{"source":"OpenStreetMap","source_id":"osm:way/533286464"}]}},{"type":"Feature","geometry":{"type":"Point","coordinates":[-113.417472,53.604272]},"properties":{"name":"Northeast Community Health Centre","category":"hospital","source":"Statistics Canada ODHF v1.1","source_id":"odhf#194","licence":"Open Government Licence - Canada","fetched_at":"2026-10-08","detail":"Hospitals (general)","sources":[{"source":"Statistics Canada ODHF v1.1","source_id":"odhf#194","data_date":"2020-04-20"},{"source":"OpenStreetMap","source_id":"osm:way/631154183"}]}},{"type":"Feature","geometry":{"type":"Point","coordinates":[-113.485333,53.554873]},"properties":{"name":"Operation Friendship Seniors Society - McCauley Lodge","category":"hospital","source":"Government of Alberta continuing care list","source_id":"ab-cc#OPERATION FRIENDSHIP SENIORS SOCIETY - MCCAULEY LODGE@9520 108 Avenue","licence":"Open Government Licence - Alberta","fetched_at":"2026-10-08","detail":"Supportive living (assisted living), 58 units; 9520 108 Avenue","sources":[{"source":"Government of Alberta continuing care list","source_id":"ab-cc#OPERATION FRIENDSHIP SENIORS SOCIETY - MCCAULEY LODGE@9520 108 Avenue","data_date":"2025-08-22"},{"source":"City of Edmonton Open Data, Parcel Addresses (ut27-nrpn)","source_id":"data.edmonton.ca/ut27-nrpn#9520 108 Avenue","role":"position"}]}},{"type":"Feature","geometry":{"type":"Point","coordinates":[-113.488203,53.558975]},"properties":{"name":"Operation Friendship Seniors Society - Sparling Lodge","category":"hospital","source":"Government of Alberta continuing care list","source_id":"ab-cc#OPERATION FRIENDSHIP SENIORS SOCIETY - SPARLING LODGE@9540 110A Avenue","licence":"Open Government Licence - Alberta","fetched_at":"2026-10-08","detail":"Supportive living (assisted living), 20 units; 9540 110A Avenue","sources":[{"source":"Government of Alberta continuing care list","source_id":"ab-cc#OPERATION FRIENDSHIP SENIORS SOCIETY - SPARLING LODGE@9540 110A Avenue","data_date":"2026-04-17"},{"source":"City of Edmonton Open Data, Parcel Addresses (ut27-nrpn)","source_id":"data.edmonton.ca/ut27-nrpn#9540 110A Avenue","role":"position"}]}},{"type":"Feature","geometry":{"type":"Point","coordinates":[-113.429893,53.526543]},"properties":{"name":"Ottewell Manor","category":"hospital","source":"Government of Alberta continuing care list","source_id":"ab-cc#OTTEWELL MANOR@6675 92 Avenue","licence":"Open Government Licence - Alberta","fetched_at":"2026-10-08","detail":"Supportive living (assisted living), 41 units; 6675 92 Avenue","sources":[{"source":"Government of Alberta continuing care list","source_id":"ab-cc#OTTEWELL MANOR@6675 92 Avenue","data_date":"2026-05-22"},{"source":"City of Edmonton Open Data, Parcel Addresses (ut27-nrpn)","source_id":"data.edmonton.ca/ut27-nrpn#6675 92 Avenue","role":"position"}]}},{"type":"Feature","geometry":{"type":"Point","coordinates":[-113.427524,53.526604]},"properties":{"name":"Ottewell Place Lodge","category":"hospital","source":"Government of Alberta continuing care list","source_id":"ab-cc#OTTEWELL PLACE LODGE@6207 92 Ave NW","licence":"Open Government Licence - Alberta","fetched_at":"2026-10-08","detail":"Seniors lodge (supportive living), 130 units; 6207 92 Ave NW","sources":[{"source":"Government of Alberta continuing care list","source_id":"ab-cc#OTTEWELL PLACE LODGE@6207 92 Ave NW","data_date":"2026-05-06"},{"source":"City of Edmonton Open Data, Parcel Addresses (ut27-nrpn)","source_id":"data.edmonton.ca/ut27-nrpn#6207 92 Ave NW","role":"position"}]}},{"type":"Feature","geometry":{"type":"Point","coordinates":[-113.527045,53.541201]},"properties":{"name":"Our Parents' Home","category":"hospital","source":"Government of Alberta continuing care list","source_id":"ab-cc#OUR PARENTS' HOME@10112 119 Street","licence":"Open Government Licence - Alberta","fetched_at":"2026-10-08","detail":"Continuing care home type B (designated supportive living), 216 units; 10112 119 Street","sources":[{"source":"Government of Alberta continuing care list","source_id":"ab-cc#OUR PARENTS' HOME@10112 119 Street","data_date":"2026-01-16"},{"source":"City of Edmonton Open Data, Parcel Addresses (ut27-nrpn)","source_id":"data.edmonton.ca/ut27-nrpn#10112 119 Street","role":"position"}]}},{"type":"Feature","geometry":{"type":"Point","coordinates":[-113.576675,53.536465]},"properties":{"name":"Pilgrims Hospice","category":"hospital","source":"OpenStreetMap","source_id":"osm:way/322877903","licence":"ODbL 1.0 (c) OpenStreetMap contributors","fetched_at":"2026-10-08","detail":"Hospice","sources":[{"source":"OpenStreetMap","source_id":"osm:way/322877903"}],"verify":"OpenStreetMap only: in no official list, verify"}},{"type":"Feature","geometry":{"type":"Point","coordinates":[-113.455124,53.580317]},"properties":{"name":"Pimatisiwin Permanent Supportive Housing","category":"hospital","source":"Government of Alberta continuing care list","source_id":"ab-cc#PIMATISIWIN PERMANENT SUPPORTIVE HOUSING@12340 Fort Road","licence":"Open Government Licence - Alberta","fetched_at":"2026-10-08","detail":"Supportive living (assisted living), 65 units; 12340 Fort Road","sources":[{"source":"Government of Alberta continuing care list","source_id":"ab-cc#PIMATISIWIN PERMANENT SUPPORTIVE HOUSING@12340 Fort Road","data_date":"2026-06-03"},{"source":"City of Edmonton Open Data, Parcel Addresses (ut27-nrpn)","source_id":"data.edmonton.ca/ut27-nrpn#12340 Fort Road","role":"position"}]}},{"type":"Feature","geometry":{"type":"Point","coordinates":[-113.514466,53.489963]},"properties":{"name":"Pleasantview Place Lodge","category":"hospital","source":"Government of Alberta continuing care list","source_id":"ab-cc#PLEASANTVIEW PLACE LODGE@5210 110 Street NW","licence":"Open Government Licence - Alberta","fetched_at":"2026-10-08","detail":"Seniors lodge (supportive living), 65 units; 5210 110 Street NW","sources":[{"source":"Government of Alberta continuing care list","source_id":"ab-cc#PLEASANTVIEW PLACE LODGE@5210 110 Street NW","data_date":"2026-03-19"},{"source":"City of Edmonton Open Data, Parcel Addresses (ut27-nrpn)","source_id":"data.edmonton.ca/ut27-nrpn#5210 110 Street NW","role":"position"}]}},{"type":"Feature","geometry":{"type":"Point","coordinates":[-113.510812,53.512743]},"properties":{"name":"Queen Alexandra Lodge","category":"hospital","source":"Government of Alberta continuing care list","source_id":"ab-cc#QUEEN ALEXANDRA LODGE@10825 77 Avenue NW","licence":"Open Government Licence - Alberta","fetched_at":"2026-10-08","detail":"Seniors lodge (supportive living), 65 units; 10825 77 Avenue NW","sources":[{"source":"Government of Alberta continuing care list","source_id":"ab-cc#QUEEN ALEXANDRA LODGE@10825 77 Avenue NW","data_date":"2026-06-05"},{"source":"City of Edmonton Open Data, Parcel Addresses (ut27-nrpn)","source_id":"data.edmonton.ca/ut27-nrpn#10825 77 Avenue NW","role":"position"}]}},{"type":"Feature","geometry":{"type":"Point","coordinates":[-113.549229,53.559422]},"properties":{"name":"Residence 16","category":"hospital","source":"Government of Alberta continuing care list","source_id":"ab-cc#RESIDENCE 16@11115 132 St","licence":"Open Government Licence - Alberta","fetched_at":"2026-10-08","detail":"Supportive living (assisted living), 17 units; 11115 132 St","sources":[{"source":"Government of Alberta continuing care list","source_id":"ab-cc#RESIDENCE 16@11115 132 St","data_date":"2026-03-10"},{"source":"City of Edmonton Open Data, Parcel Addresses (ut27-nrpn)","source_id":"data.edmonton.ca/ut27-nrpn#11115 132 St","role":"position"}]}},{"type":"Feature","geometry":{"type":"Point","coordinates":[-113.59168,53.470481]},"properties":{"name":"Riverbend Retirement Residence","category":"hospital","source":"Government of Alberta continuing care list","source_id":"ab-cc#RIVERBEND RETIREMENT RESIDENCE@103 Rabbit Hill Court NW","licence":"Open Government Licence - Alberta","fetched_at":"2026-10-08","detail":"Continuing care home type B (designated supportive living), 143 units; 103 Rabbit Hill Court NW","sources":[{"source":"Government of Alberta continuing care list","source_id":"ab-cc#RIVERBEND RETIREMENT RESIDENCE@103 Rabbit Hill Court NW","data_date":"2025-12-16"},{"source":"City of Edmonton Open Data, Parcel Addresses (ut27-nrpn)","source_id":"data.edmonton.ca/ut27-nrpn#103 Rabbit Hill Court NW","role":"position"}]}},{"type":"Feature","geometry":{"type":"Point","coordinates":[-113.510988,53.541795]},"properties":{"name":"Rosedale Estates","category":"hospital","source":"Government of Alberta continuing care list","source_id":"ab-cc#ROSEDALE ESTATES@10101 111 Street NW","licence":"Open Government Licence - Alberta","fetched_at":"2026-10-08","detail":"Continuing care home type B (designated supportive living), 182 units; 10101 111 Street NW","sources":[{"source":"Government of Alberta continuing care list","source_id":"ab-cc#ROSEDALE ESTATES@10101 111 Street NW","data_date":"2026-01-22"},{"source":"City of Edmonton Open Data, Parcel Addresses (ut27-nrpn)","source_id":"data.edmonton.ca/ut27-nrpn#10101 111 Street NW","role":"position"}]}},{"type":"Feature","geometry":{"type":"Point","coordinates":[-113.511128,53.542556]},"properties":{"name":"Rosedale On the Park","category":"hospital","source":"Government of Alberta continuing care list","source_id":"ab-cc#ROSEDALE ON THE PARK@10103 111 Street","licence":"Open Government Licence - Alberta","fetched_at":"2026-10-08","detail":"Continuing care home type B (designated supportive living), 146 units; 10103 111 Street","sources":[{"source":"Government of Alberta continuing care list","source_id":"ab-cc#ROSEDALE ON THE PARK@10103 111 Street","data_date":"2026-01-19"},{"source":"City of Edmonton Open Data, Parcel Addresses (ut27-nrpn)","source_id":"data.edmonton.ca/ut27-nrpn#10103 111 Street","role":"position"}]}},{"type":"Feature","geometry":{"type":"Point","coordinates":[-113.511709,53.542247]},"properties":{"name":"Rosedale Villa","category":"hospital","source":"Government of Alberta continuing care list","source_id":"ab-cc#ROSEDALE VILLA@10107 111 Street","licence":"Open Government Licence - Alberta","fetched_at":"2026-10-08","detail":"Continuing care home type B (designated supportive living), 145 units; 10107 111 Street","sources":[{"source":"Government of Alberta continuing care list","source_id":"ab-cc#ROSEDALE VILLA@10107 111 Street","data_date":"2026-01-22"},{"source":"City of Edmonton Open Data, Parcel Addresses (ut27-nrpn)","source_id":"data.edmonton.ca/ut27-nrpn#10107 111 Street","role":"position"}]}},{"type":"Feature","geometry":{"type":"Point","coordinates":[-113.509304,53.594553]},"properties":{"name":"Rosslyn Place Lodge","category":"hospital","source":"Government of Alberta continuing care list","source_id":"ab-cc#ROSSLYN PLACE LODGE@10915 134 Avenue NW","licence":"Open Government Licence - Alberta","fetched_at":"2026-10-08","detail":"Seniors lodge (supportive living), 126 units; 10915 134 Avenue NW","sources":[{"source":"Government of Alberta continuing care list","source_id":"ab-cc#ROSSLYN PLACE LODGE@10915 134 Avenue NW","data_date":"2025-07-11"},{"source":"City of Edmonton Open Data, Parcel Addresses (ut27-nrpn)","source_id":"data.edmonton.ca/ut27-nrpn#10915 134 Avenue NW","role":"position"}]}},{"type":"Feature","geometry":{"type":"Point","coordinates":[-113.497772,53.557387]},"properties":{"name":"Royal Alexandra Hospital","category":"hospital","source":"Statistics Canada ODHF v1.1","source_id":"odhf#243","licence":"Open Government Licence - Canada","fetched_at":"2026-10-08","detail":"Hospitals (general)","sources":[{"source":"Statistics Canada ODHF v1.1","source_id":"odhf#243","data_date":"2020-04-20"},{"source":"OpenStreetMap","source_id":"osm:way/458700227"}]}},{"type":"Feature","geometry":{"type":"Point","coordinates":[-113.52311,53.42084]},"properties":{"name":"Rutherford Heights Retirement Residence","category":"hospital","source":"Government of Alberta continuing care list","source_id":"ab-cc#RUTHERFORD HEIGHTS RETIREMENT RESIDENCE@949 Rutherford Road","licence":"Open Government Licence - Alberta","fetched_at":"2026-10-08","detail":"Continuing care home type B (designated supportive living), 200 units; 949 Rutherford Road","sources":[{"source":"Government of Alberta continuing care list","source_id":"ab-cc#RUTHERFORD HEIGHTS RETIREMENT RESIDENCE@949 Rutherford Road","data_date":"2026-05-12"},{"source":"City of Edmonton Open Data, Parcel Addresses (ut27-nrpn)","source_id":"data.edmonton.ca/ut27-nrpn#949 Rutherford Road","role":"position"}]}},{"type":"Feature","geometry":{"type":"Point","coordinates":[-113.491251,53.544597]},"properties":{"name":"Sage Seniors Association","category":"hospital","source":"OpenStreetMap","source_id":"osm:node/12958821995","licence":"ODbL 1.0 (c) OpenStreetMap contributors","fetched_at":"2026-10-08","detail":"Assisted living","sources":[{"source":"OpenStreetMap","source_id":"osm:node/12958821995"}],"verify":"OpenStreetMap only: in no official list, verify"}},{"type":"Feature","geometry":{"type":"Point","coordinates":[-113.467082,53.520491]},"properties":{"name":"Saint Thomas Health Centre / Centre de Santé Saint-thomas - Covenant Care","category":"hospital","source":"Government of Alberta continuing care list","source_id":"ab-cc#SAINT THOMAS HEALTH CENTRE / CENTRE DE SANTÉ SAINT-THOMAS - COVENANT CARE@8411 91 Street NW","licence":"Open Government Licence - Alberta","fetched_at":"2026-10-08","detail":"Continuing care home type B (designated supportive living), 141 units; 8411 91 Street NW","sources":[{"source":"Government of Alberta continuing care list","source_id":"ab-cc#SAINT THOMAS HEALTH CENTRE / CENTRE DE SANTÉ SAINT-THOMAS - COVENANT CARE@8411 91 Street NW","data_date":"2026-03-24"},{"source":"City of Edmonton Open Data, Parcel Addresses (ut27-nrpn)","source_id":"data.edmonton.ca/ut27-nrpn#8411 91 Street NW","role":"position"},{"source":"OpenStreetMap","source_id":"osm:way/322967206"}]}},{"type":"Feature","geometry":{"type":"Point","coordinates":[-113.428745,53.444825]},"properties":{"name":"Sakaw Terrace","category":"hospital","source":"Government of Alberta continuing care list","source_id":"ab-cc#SAKAW TERRACE@5815 Millwoods Road South","licence":"Open Government Licence - Alberta","fetched_at":"2026-10-08","detail":"Supportive living (assisted living), 70 units; 5815 Millwoods Road South","sources":[{"source":"Government of Alberta continuing care list","source_id":"ab-cc#SAKAW TERRACE@5815 Millwoods Road South","data_date":"2025-07-03"},{"source":"City of Edmonton Open Data, Parcel Addresses (ut27-nrpn)","source_id":"data.edmonton.ca/ut27-nrpn#5815 Millwoods Road South","role":"position"}]}},{"type":"Feature","geometry":{"type":"Point","coordinates":[-113.53673,53.603362]},"properties":{"name":"Salvation Army - Grace Manor","category":"hospital","source":"Government of Alberta continuing care list","source_id":"ab-cc#SALVATION ARMY - GRACE MANOR@12510 140 Avenue","licence":"Open Government Licence - Alberta","fetched_at":"2026-10-08","detail":"Continuing care home type B (designated supportive living), 100 units; 12510 140 Avenue","sources":[{"source":"Government of Alberta continuing care list","source_id":"ab-cc#SALVATION ARMY - GRACE MANOR@12510 140 Avenue","data_date":"2026-05-06"},{"source":"City of Edmonton Open Data, Parcel Addresses (ut27-nrpn)","source_id":"data.edmonton.ca/ut27-nrpn#12510 140 Avenue","role":"position"},{"source":"OpenStreetMap","source_id":"osm:way/1208975141"},{"source":"OpenStreetMap","source_id":"osm:relation/4561022"}]}},{"type":"Feature","geometry":{"type":"Point","coordinates":[-113.697897,53.527066]},"properties":{"name":"Shasta Care Community","category":"hospital","source":"Government of Alberta continuing care list","source_id":"ab-cc#SHASTA CARE COMMUNITY@112 Secord Drive","licence":"Open Government Licence - Alberta","fetched_at":"2026-10-08","detail":"Continuing care home type B (designated supportive living), 162 units; 112 Secord Drive","sources":[{"source":"Government of Alberta continuing care list","source_id":"ab-cc#SHASTA CARE COMMUNITY@112 Secord Drive","data_date":"2026-03-11"},{"source":"City of Edmonton Open Data, Parcel Addresses (ut27-nrpn)","source_id":"data.edmonton.ca/ut27-nrpn#112 Secord Drive","role":"position"}]}},{"type":"Feature","geometry":{"type":"Point","coordinates":[-113.539677,53.596104]},"properties":{"name":"Shepherd's Care Kensington Village","category":"hospital","source":"Government of Alberta continuing care list","source_id":"ab-cc#SHEPHERD'S CARE KENSINGTON VILLAGE@12603 135 Avenue","licence":"Open Government Licence - Alberta","fetched_at":"2026-10-08","detail":"Continuing care home type A (long-term care), 105 units; 12603 135 Avenue","sources":[{"source":"Government of Alberta continuing care list","source_id":"ab-cc#SHEPHERD'S CARE KENSINGTON VILLAGE@12603 135 Avenue","data_date":"2025-12-19"},{"source":"City of Edmonton Open Data, Parcel Addresses (ut27-nrpn)","source_id":"data.edmonton.ca/ut27-nrpn#12603 135 Avenue","role":"position"},{"source":"Statistics Canada ODHF v1.1","source_id":"odhf#251","data_date":"2020-04-20"}]}},{"type":"Feature","geometry":{"type":"Point","coordinates":[-113.49872,53.576438]},"properties":{"name":"Shepherd's Care Vanguard","category":"hospital","source":"Government of Alberta continuing care list","source_id":"ab-cc#SHEPHERD'S CARE VANGUARD@10311 122 Avenue","licence":"Open Government Licence - Alberta","fetched_at":"2026-10-08","detail":"Continuing care home type B (designated supportive living), 133 units; 10311 122 Avenue","sources":[{"source":"Government of Alberta continuing care list","source_id":"ab-cc#SHEPHERD'S CARE VANGUARD@10311 122 Avenue","data_date":"2026-04-17"},{"source":"City of Edmonton Open Data, Parcel Addresses (ut27-nrpn)","source_id":"data.edmonton.ca/ut27-nrpn#10311 122 Avenue","role":"position"}]}},{"type":"Feature","geometry":{"type":"Point","coordinates":[-113.435677,53.459256]},"properties":{"name":"Shepherd's Gardens","category":"hospital","source":"Government of Alberta continuing care list","source_id":"ab-cc#SHEPHERD'S GARDENS@6612 28 Avenue","licence":"Open Government Licence - Alberta","fetched_at":"2026-10-08","detail":"Continuing care home type B (designated supportive living), 45 units; 6612 28 Avenue","sources":[{"source":"Government of Alberta continuing care list","source_id":"ab-cc#SHEPHERD'S GARDENS@6612 28 Avenue","data_date":"2026-04-08"},{"source":"City of Edmonton Open Data, Parcel Addresses (ut27-nrpn)","source_id":"data.edmonton.ca/ut27-nrpn#6612 28 Avenue","role":"position"},{"source":"OpenStreetMap","source_id":"osm:way/451450419"}]}},{"type":"Feature","geometry":{"type":"Point","coordinates":[-113.53956,53.595545]},"properties":{"name":"Shepherd's Wellness Centre","category":"hospital","source":"OpenStreetMap","source_id":"osm:way/627825171","licence":"ODbL 1.0 (c) OpenStreetMap contributors","fetched_at":"2026-10-08","detail":"Hospital","sources":[{"source":"OpenStreetMap","source_id":"osm:way/627825171"}],"verify":"OpenStreetMap only: in no official list, verify"}},{"type":"Feature","geometry":{"type":"Point","coordinates":[-113.300921,53.528329]},"properties":{"name":"Sherwood Care","category":"hospital","source":"OpenStreetMap","source_id":"osm:way/674204612","licence":"ODbL 1.0 (c) OpenStreetMap contributors","fetched_at":"2026-10-08","detail":"Continuing care home type A (long-term care), 100 units; 2020 Brentwood Boulevard N, Sherwood Park","sources":[{"source":"OpenStreetMap","source_id":"osm:way/674204612"},{"source":"Government of Alberta continuing care list","source_id":"ab-cc#SHERWOOD CARE@2020 Brentwood Boulevard N, Sherwood Park","data_date":"2025-12-05"}]}},{"type":"Feature","geometry":{"type":"Point","coordinates":[-113.492161,53.564857]},"properties":{"name":"Sprucewood Place Housing Community Partnership","category":"hospital","source":"Government of Alberta continuing care list","source_id":"ab-cc#SPRUCEWOOD PLACE HOUSING COMMUNITY PARTNERSHIP@11418 97 Street","licence":"Open Government Licence - Alberta","fetched_at":"2026-10-08","detail":"Continuing care home type B (designated supportive living), 93 units; 11418 97 Street","sources":[{"source":"Government of Alberta continuing care list","source_id":"ab-cc#SPRUCEWOOD PLACE HOUSING COMMUNITY PARTNERSHIP@11418 97 Street","data_date":"2025-11-25"},{"source":"City of Edmonton Open Data, Parcel Addresses (ut27-nrpn)","source_id":"data.edmonton.ca/ut27-nrpn#11418 97 Street","role":"position"}]}},{"type":"Feature","geometry":{"type":"Point","coordinates":[-113.542809,53.559702]},"properties":{"name":"St. Andrew's Centre","category":"hospital","source":"Government of Alberta continuing care list","source_id":"ab-cc#ST. ANDREW'S CENTRE@12720 111 Avenue NW","licence":"Open Government Licence - Alberta","fetched_at":"2026-10-08","detail":"Supportive living (assisted living), 408 units; 12720 111 Avenue NW","sources":[{"source":"Government of Alberta continuing care list","source_id":"ab-cc#ST. ANDREW'S CENTRE@12720 111 Avenue NW","data_date":"2025-06-06"},{"source":"City of Edmonton Open Data, Parcel Addresses (ut27-nrpn)","source_id":"data.edmonton.ca/ut27-nrpn#12720 111 Avenue NW","role":"position"}]}},{"type":"Feature","geometry":{"type":"Point","coordinates":[-113.506063,53.459777]},"properties":{"name":"St. Joseph's Auxiliary Hospital","category":"hospital","source":"Government of Alberta continuing care list","source_id":"ab-cc#ST. JOSEPH'S AUXILIARY HOSPITAL@10707 29 Avenue","licence":"Open Government Licence - Alberta","fetched_at":"2026-10-08","detail":"Continuing care home type A (long-term care), 188 units; 10707 29 Avenue","sources":[{"source":"Government of Alberta continuing care list","source_id":"ab-cc#ST. JOSEPH'S AUXILIARY HOSPITAL@10707 29 Avenue","data_date":"2026-07-02"},{"source":"City of Edmonton Open Data, Parcel Addresses (ut27-nrpn)","source_id":"data.edmonton.ca/ut27-nrpn#10707 29 Avenue","role":"position"},{"source":"Statistics Canada ODHF v1.1","source_id":"odhf#89","data_date":"2020-04-20"},{"source":"OpenStreetMap","source_id":"osm:way/527876484"}]}},{"type":"Feature","geometry":{"type":"Point","coordinates":[-113.456195,53.601968]},"properties":{"name":"St. Michael's Long Term Care Centre","category":"hospital","source":"Government of Alberta continuing care list","source_id":"ab-cc#ST. MICHAEL'S LONG TERM CARE CENTRE@7404 139 Avenue","licence":"Open Government Licence - Alberta","fetched_at":"2026-10-08","detail":"Continuing care home type A (long-term care), 153 units; 7404 139 Avenue","sources":[{"source":"Government of Alberta continuing care list","source_id":"ab-cc#ST. MICHAEL'S LONG TERM CARE CENTRE@7404 139 Avenue","data_date":"2025-09-09"},{"source":"City of Edmonton Open Data, Parcel Addresses (ut27-nrpn)","source_id":"data.edmonton.ca/ut27-nrpn#7404 139 Avenue","role":"position"},{"source":"Statistics Canada ODHF v1.1","source_id":"odhf#269","data_date":"2020-04-20"}]}},{"type":"Feature","geometry":{"type":"Point","coordinates":[-113.275868,53.568241]},"properties":{"name":"Strathcona Community Hospital","category":"hospital","source":"OpenStreetMap","source_id":"osm:way/143310816","licence":"ODbL 1.0 (c) OpenStreetMap contributors","fetched_at":"2026-10-08","detail":"Hospital","sources":[{"source":"OpenStreetMap","source_id":"osm:way/143310816"}],"verify":"OpenStreetMap only: in no official list, verify"}},{"type":"Feature","geometry":{"type":"Point","coordinates":[-113.625711,53.65524]},"properties":{"name":"Sturgeon Community Hospital","category":"hospital","source":"Statistics Canada ODHF v1.1","source_id":"odhf#278","licence":"Open Government Licence - Canada","fetched_at":"2026-10-08","detail":"Hospitals (general)","sources":[{"source":"Statistics Canada ODHF v1.1","source_id":"odhf#278","data_date":"2020-04-20"},{"source":"OpenStreetMap","source_id":"osm:way/297381469"}]}},{"type":"Feature","geometry":{"type":"Point","coordinates":[-113.534615,53.463286]},"properties":{"name":"The Sisters of Charity of Providence of Western Canada","category":"hospital","source":"Government of Alberta continuing care list","source_id":"ab-cc#THE SISTERS OF CHARITY OF PROVIDENCE OF WESTERN CANADA@Providence Centre, 3005 119 Street NW","licence":"Open Government Licence - Alberta","fetched_at":"2026-10-08","detail":"Supportive living (assisted living), 47 units; Providence Centre, 3005 119 Street NW","sources":[{"source":"Government of Alberta continuing care list","source_id":"ab-cc#THE SISTERS OF CHARITY OF PROVIDENCE OF WESTERN CANADA@Providence Centre, 3005 119 Street NW","data_date":"2026-03-19"},{"source":"City of Edmonton Open Data, Parcel Addresses (ut27-nrpn)","source_id":"data.edmonton.ca/ut27-nrpn#Providence Centre, 3005 119 Street NW","role":"position"}]}},{"type":"Feature","geometry":{"type":"Point","coordinates":[-113.617331,53.529964]},"properties":{"name":"The Waterford of Summerlea","category":"hospital","source":"Government of Alberta continuing care list","source_id":"ab-cc#THE WATERFORD OF SUMMERLEA@9395 172 Street","licence":"Open Government Licence - Alberta","fetched_at":"2026-10-08","detail":"Supportive living (assisted living), 250 units; 9395 172 Street","sources":[{"source":"Government of Alberta continuing care list","source_id":"ab-cc#THE WATERFORD OF SUMMERLEA@9395 172 Street","data_date":"2025-07-14"},{"source":"City of Edmonton Open Data, Parcel Addresses (ut27-nrpn)","source_id":"data.edmonton.ca/ut27-nrpn#9395 172 Street","role":"position"}]}},{"type":"Feature","geometry":{"type":"Point","coordinates":[-113.642302,53.484146]},"properties":{"name":"Touchmark at Wedgewood the Grande","category":"hospital","source":"Government of Alberta continuing care list","source_id":"ab-cc#TOUCHMARK AT WEDGEWOOD THE GRANDE@18333 Lessard Road NW","licence":"Open Government Licence - Alberta","fetched_at":"2026-10-08","detail":"Continuing care home type A (long-term care), 331 units; 18333 Lessard Road NW","sources":[{"source":"Government of Alberta continuing care list","source_id":"ab-cc#TOUCHMARK AT WEDGEWOOD THE GRANDE@18333 Lessard Road NW","data_date":"2026-06-26"},{"source":"City of Edmonton Open Data, Parcel Addresses (ut27-nrpn)","source_id":"data.edmonton.ca/ut27-nrpn#18333 Lessard Road NW","role":"position"},{"source":"Statistics Canada ODHF v1.1","source_id":"odhf#304","data_date":"2020-04-20"}]}},{"type":"Feature","geometry":{"type":"Point","coordinates":[-113.539659,53.610139]},"properties":{"name":"Tuoi Hac - Golden Age Manor","category":"hospital","source":"Government of Alberta continuing care list","source_id":"ab-cc#TUOI HAC - GOLDEN AGE MANOR@12607 148 Avenue NW","licence":"Open Government Licence - Alberta","fetched_at":"2026-10-08","detail":"Continuing care home type B (designated supportive living), 150 units; 12607 148 Avenue NW","sources":[{"source":"Government of Alberta continuing care list","source_id":"ab-cc#TUOI HAC - GOLDEN AGE MANOR@12607 148 Avenue NW","data_date":"2026-02-11"},{"source":"City of Edmonton Open Data, Parcel Addresses (ut27-nrpn)","source_id":"data.edmonton.ca/ut27-nrpn#12607 148 Avenue NW","role":"position"}]}},{"type":"Feature","geometry":{"type":"Point","coordinates":[-113.522727,53.520191]},"properties":{"name":"University of Alberta Hospital","category":"hospital","source":"Statistics Canada ODHF v1.1","source_id":"odhf#188+275+308+309","licence":"Open Government Licence - Canada","fetched_at":"2026-10-08","detail":"Hospitals; also: Stollery Children's Hospital, Mazankowski Alberta Heart Institute","sources":[{"source":"Statistics Canada ODHF v1.1","source_id":"odhf#188+275+308+309","data_date":"2020-04-20"},{"source":"OpenStreetMap","source_id":"osm:node/2193478609"},{"source":"OpenStreetMap","source_id":"osm:way/697173053"},{"source":"OpenStreetMap","source_id":"osm:way/1503511291"}]}},{"type":"Feature","geometry":{"type":"Point","coordinates":[-113.513129,53.558482]},"properties":{"name":"Valour Place","category":"hospital","source":"OpenStreetMap","source_id":"osm:way/324830686","licence":"ODbL 1.0 (c) OpenStreetMap contributors","fetched_at":"2026-10-08","detail":"Assisted living","sources":[{"source":"OpenStreetMap","source_id":"osm:way/324830686"}],"verify":"OpenStreetMap only: in no official list, verify"}},{"type":"Feature","geometry":{"type":"Point","coordinates":[-113.494961,53.597965]},"properties":{"name":"Venta Care Centre","category":"hospital","source":"Government of Alberta continuing care list","source_id":"ab-cc#VENTA CARE CENTRE@13525 102 Street","licence":"Open Government Licence - Alberta","fetched_at":"2026-10-08","detail":"Continuing care home type A (long-term care), 148 units; 13525 102 Street","sources":[{"source":"Government of Alberta continuing care list","source_id":"ab-cc#VENTA CARE CENTRE@13525 102 Street","data_date":"2026-05-27"},{"source":"City of Edmonton Open Data, Parcel Addresses (ut27-nrpn)","source_id":"data.edmonton.ca/ut27-nrpn#13525 102 Street","role":"position"},{"source":"Statistics Canada ODHF v1.1","source_id":"odhf#312","data_date":"2020-04-20"}]}},{"type":"Feature","geometry":{"type":"Point","coordinates":[-113.49491,53.597188]},"properties":{"name":"Venta Manor","category":"hospital","source":"Government of Alberta continuing care list","source_id":"ab-cc#VENTA MANOR@10120 135 Avenue","licence":"Open Government Licence - Alberta","fetched_at":"2026-10-08","detail":"Supportive living (assisted living), 30 units; 10120 135 Avenue","sources":[{"source":"Government of Alberta continuing care list","source_id":"ab-cc#VENTA MANOR@10120 135 Avenue","data_date":"2025-12-16"},{"source":"City of Edmonton Open Data, Parcel Addresses (ut27-nrpn)","source_id":"data.edmonton.ca/ut27-nrpn#10120 135 Avenue","role":"position"}]}},{"type":"Feature","geometry":{"type":"Point","coordinates":[-113.607576,53.5365]},"properties":{"name":"Villa Marguerite Seniors Community Partnership","category":"hospital","source":"Government of Alberta continuing care list","source_id":"ab-cc#VILLA MARGUERITE SENIORS COMMUNITY PARTNERSHIP@9810 165 Street","licence":"Open Government Licence - Alberta","fetched_at":"2026-10-08","detail":"Continuing care home type B (designated supportive living), 239 units; 9810 165 Street","sources":[{"source":"Government of Alberta continuing care list","source_id":"ab-cc#VILLA MARGUERITE SENIORS COMMUNITY PARTNERSHIP@9810 165 Street","data_date":"2026-06-03"},{"source":"City of Edmonton Open Data, Parcel Addresses (ut27-nrpn)","source_id":"data.edmonton.ca/ut27-nrpn#9810 165 Street","role":"position"}]}},{"type":"Feature","geometry":{"type":"Point","coordinates":[-113.463353,53.522448]},"properties":{"name":"Villa St Joseph","category":"hospital","source":"Government of Alberta continuing care list","source_id":"ab-cc#VILLA ST JOSEPH@8545 89 Street","licence":"Open Government Licence - Alberta","fetched_at":"2026-10-08","detail":"Supportive living (assisted living), 10 units; 8545 89 Street","sources":[{"source":"Government of Alberta continuing care list","source_id":"ab-cc#VILLA ST JOSEPH@8545 89 Street","data_date":"2026-05-20"},{"source":"City of Edmonton Open Data, Parcel Addresses (ut27-nrpn)","source_id":"data.edmonton.ca/ut27-nrpn#8545 89 Street","role":"position"}]}},{"type":"Feature","geometry":{"type":"Point","coordinates":[-113.55281,53.564453]},"properties":{"name":"Village at Westmount","category":"hospital","source":"Government of Alberta continuing care list","source_id":"ab-cc#VILLAGE AT WESTMOUNT@13317 115 Avenue NW","licence":"Open Government Licence - Alberta","fetched_at":"2026-10-08","detail":"Continuing care home type B (designated supportive living), 31 units; 13317 115 Avenue NW","sources":[{"source":"Government of Alberta continuing care list","source_id":"ab-cc#VILLAGE AT WESTMOUNT@13317 115 Avenue NW","data_date":"2025-08-12"},{"source":"City of Edmonton Open Data, Parcel Addresses (ut27-nrpn)","source_id":"data.edmonton.ca/ut27-nrpn#13317 115 Avenue NW","role":"position"}]}},{"type":"Feature","geometry":{"type":"Point","coordinates":[-113.45513,53.560165]},"properties":{"name":"Virginia Park Lodge","category":"hospital","source":"Government of Alberta continuing care list","source_id":"ab-cc#VIRGINIA PARK LODGE@11033 76 Street NW","licence":"Open Government Licence - Alberta","fetched_at":"2026-10-08","detail":"Seniors lodge (supportive living), 66 units; 11033 76 Street NW","sources":[{"source":"Government of Alberta continuing care list","source_id":"ab-cc#VIRGINIA PARK LODGE@11033 76 Street NW","data_date":"2026-04-14"},{"source":"City of Edmonton Open Data, Parcel Addresses (ut27-nrpn)","source_id":"data.edmonton.ca/ut27-nrpn#11033 76 Street NW","role":"position"}]}},{"type":"Feature","geometry":{"type":"Point","coordinates":[-113.527364,53.588566]},"properties":{"name":"Vista Housing for Seniors","category":"hospital","source":"OpenStreetMap","source_id":"osm:way/325252406","licence":"ODbL 1.0 (c) OpenStreetMap contributors","fetched_at":"2026-10-08","detail":"Assisted living","sources":[{"source":"OpenStreetMap","source_id":"osm:way/325252406"}],"verify":"OpenStreetMap only: in no official list, verify"}},{"type":"Feature","geometry":{"type":"Point","coordinates":[-113.619779,53.532748]},"properties":{"name":"Wild Rose","category":"hospital","source":"Government of Alberta continuing care list","source_id":"ab-cc#WILD ROSE@9612 172 Street NW","licence":"Open Government Licence - Alberta","fetched_at":"2026-10-08","detail":"Continuing care home type B (designated supportive living), 114 units; 9612 172 Street NW","sources":[{"source":"Government of Alberta continuing care list","source_id":"ab-cc#WILD ROSE@9612 172 Street NW","data_date":"2026-06-05"},{"source":"City of Edmonton Open Data, Parcel Addresses (ut27-nrpn)","source_id":"data.edmonton.ca/ut27-nrpn#9612 172 Street NW","role":"position"}]}},{"type":"Feature","geometry":{"type":"Point","coordinates":[-113.633178,53.638272]},"properties":{"name":"Youville Home","category":"hospital","source":"OpenStreetMap","source_id":"osm:way/1254242970","licence":"ODbL 1.0 (c) OpenStreetMap contributors","fetched_at":"2026-10-08","detail":"Assisted living","sources":[{"source":"OpenStreetMap","source_id":"osm:way/1254242970"}],"verify":"OpenStreetMap only: in no official list, verify"}},{"type":"Feature","geometry":{"type":"Point","coordinates":[-113.483426,53.547885]},"properties":{"name":"Fire Station 01","category":"fire_station","source":"City of Edmonton Open Data","source_id":"data.edmonton.ca/b4y7-zhnz#01","licence":"Open Government Licence - City of Edmonton","fetched_at":"2026-10-08","detail":"10351-96 Street NW","sources":[{"source":"City of Edmonton Open Data","source_id":"data.edmonton.ca/b4y7-zhnz#01"}]}},{"type":"Feature","geometry":{"type":"Point","coordinates":[-113.504145,53.54355]},"properties":{"name":"Fire Station 02","category":"fire_station","source":"City of Edmonton Open Data","source_id":"data.edmonton.ca/b4y7-zhnz#02","licence":"Open Government Licence - City of Edmonton","fetched_at":"2026-10-08","detail":"10217-107 Street NW","sources":[{"source":"City of Edmonton Open Data","source_id":"data.edmonton.ca/b4y7-zhnz#02"}]}},{"type":"Feature","geometry":{"type":"Point","coordinates":[-113.522061,53.512577]},"properties":{"name":"Fire Station 03","category":"fire_station","source":"City of Edmonton Open Data","source_id":"data.edmonton.ca/b4y7-zhnz#03","licence":"Open Government Licence - City of Edmonton","fetched_at":"2026-10-08","detail":"11226-76 Avenue NW","sources":[{"source":"City of Edmonton Open Data","source_id":"data.edmonton.ca/b4y7-zhnz#03"}]}},{"type":"Feature","geometry":{"type":"Point","coordinates":[-113.589843,53.555649]},"properties":{"name":"Fire Station 04","category":"fire_station","source":"City of Edmonton Open Data","source_id":"data.edmonton.ca/b4y7-zhnz#04","licence":"Open Government Licence - City of Edmonton","fetched_at":"2026-10-08","detail":"10949-156 Street NW","sources":[{"source":"City of Edmonton Open Data","source_id":"data.edmonton.ca/b4y7-zhnz#04"}]}},{"type":"Feature","geometry":{"type":"Point","coordinates":[-113.480493,53.561296]},"properties":{"name":"Fire Station 05","category":"fire_station","source":"City of Edmonton Open Data","source_id":"data.edmonton.ca/b4y7-zhnz#05","licence":"Open Government Licence - City of Edmonton","fetched_at":"2026-10-08","detail":"9020-111 Avenue NW","sources":[{"source":"City of Edmonton Open Data","source_id":"data.edmonton.ca/b4y7-zhnz#05"}]}},{"type":"Feature","geometry":{"type":"Point","coordinates":[-113.476266,53.517405]},"properties":{"name":"Fire Station 06","category":"fire_station","source":"City of Edmonton Open Data","source_id":"data.edmonton.ca/b4y7-zhnz#06","licence":"Open Government Licence - City of Edmonton","fetched_at":"2026-10-08","detail":"8105-96 Street NW","sources":[{"source":"City of Edmonton Open Data","source_id":"data.edmonton.ca/b4y7-zhnz#06"}]}},{"type":"Feature","geometry":{"type":"Point","coordinates":[-113.419296,53.570043]},"properties":{"name":"Fire Station 07","category":"fire_station","source":"City of Edmonton Open Data","source_id":"data.edmonton.ca/b4y7-zhnz#07","licence":"Open Government Licence - City of Edmonton","fetched_at":"2026-10-08","detail":"5025-118 Avenue NW","sources":[{"source":"City of Edmonton Open Data","source_id":"data.edmonton.ca/b4y7-zhnz#07"}]}},{"type":"Feature","geometry":{"type":"Point","coordinates":[-113.522151,53.570164]},"properties":{"name":"Fire Station 08","category":"fire_station","source":"City of Edmonton Open Data","source_id":"data.edmonton.ca/b4y7-zhnz#08","licence":"Open Government Licence - City of Edmonton","fetched_at":"2026-10-08","detail":"8603 Flying Club Rd NW","sources":[{"source":"City of Edmonton Open Data","source_id":"data.edmonton.ca/b4y7-zhnz#08"}]}},{"type":"Feature","geometry":{"type":"Point","coordinates":[-113.419549,53.494397]},"properties":{"name":"Fire Station 09","category":"fire_station","source":"City of Edmonton Open Data","source_id":"data.edmonton.ca/b4y7-zhnz#09","licence":"Open Government Licence - City of Edmonton","fetched_at":"2026-10-08","detail":"5604-50 Street NW","sources":[{"source":"City of Edmonton Open Data","source_id":"data.edmonton.ca/b4y7-zhnz#09"}]}},{"type":"Feature","geometry":{"type":"Point","coordinates":[-113.492997,53.585497]},"properties":{"name":"Fire Station 10","category":"fire_station","source":"City of Edmonton Open Data","source_id":"data.edmonton.ca/b4y7-zhnz#10","licence":"Open Government Licence - City of Edmonton","fetched_at":"2026-10-08","detail":"12735-101 Street NW","sources":[{"source":"City of Edmonton Open Data","source_id":"data.edmonton.ca/b4y7-zhnz#10"}]}},{"type":"Feature","geometry":{"type":"Point","coordinates":[-113.428631,53.538417]},"properties":{"name":"Fire Station 11","category":"fire_station","source":"City of Edmonton Open Data","source_id":"data.edmonton.ca/b4y7-zhnz#11","licence":"Open Government Licence - City of Edmonton","fetched_at":"2026-10-08","detail":"6110 - 98 Ave NW","sources":[{"source":"City of Edmonton Open Data","source_id":"data.edmonton.ca/b4y7-zhnz#11"}]}},{"type":"Feature","geometry":{"type":"Point","coordinates":[-113.590806,53.523814]},"properties":{"name":"Fire Station 12","category":"fire_station","source":"City of Edmonton Open Data","source_id":"data.edmonton.ca/b4y7-zhnz#12","licence":"Open Government Licence - City of Edmonton","fetched_at":"2026-10-08","detail":"9020-156 Street NW","sources":[{"source":"City of Edmonton Open Data","source_id":"data.edmonton.ca/b4y7-zhnz#12"}]}},{"type":"Feature","geometry":{"type":"Point","coordinates":[-113.538045,53.477936]},"properties":{"name":"Fire Station 13","category":"fire_station","source":"City of Edmonton Open Data","source_id":"data.edmonton.ca/b4y7-zhnz#13","licence":"Open Government Licence - City of Edmonton","fetched_at":"2026-10-08","detail":"4035-119 Street NW","sources":[{"source":"City of Edmonton Open Data","source_id":"data.edmonton.ca/b4y7-zhnz#13"}]}},{"type":"Feature","geometry":{"type":"Point","coordinates":[-113.45358,53.606754]},"properties":{"name":"Fire Station 14","category":"fire_station","source":"City of Edmonton Open Data","source_id":"data.edmonton.ca/b4y7-zhnz#14","licence":"Open Government Licence - City of Edmonton","fetched_at":"2026-10-08","detail":"7312-144 Avenue","sources":[{"source":"City of Edmonton Open Data","source_id":"data.edmonton.ca/b4y7-zhnz#14"}]}},{"type":"Feature","geometry":{"type":"Point","coordinates":[-113.480467,53.489458]},"properties":{"name":"Fire Station 15","category":"fire_station","source":"City of Edmonton Open Data","source_id":"data.edmonton.ca/b4y7-zhnz#15","licence":"Open Government Licence - City of Edmonton","fetched_at":"2026-10-08","detail":"5120-97 Street NW","sources":[{"source":"City of Edmonton Open Data","source_id":"data.edmonton.ca/b4y7-zhnz#15"}]}},{"type":"Feature","geometry":{"type":"Point","coordinates":[-113.435043,53.459671]},"properties":{"name":"Fire Station 16","category":"fire_station","source":"City of Edmonton Open Data","source_id":"data.edmonton.ca/b4y7-zhnz#16","licence":"Open Government Licence - City of Edmonton","fetched_at":"2026-10-08","detail":"2904-66 Street NW","sources":[{"source":"City of Edmonton Open Data","source_id":"data.edmonton.ca/b4y7-zhnz#16"}]}},{"type":"Feature","geometry":{"type":"Point","coordinates":[-113.516795,53.617622]},"properties":{"name":"Fire Station 17","category":"fire_station","source":"City of Edmonton Open Data","source_id":"data.edmonton.ca/b4y7-zhnz#17","licence":"Open Government Licence - City of Edmonton","fetched_at":"2026-10-08","detail":"15505 Castle Downs Road NW","sources":[{"source":"City of Edmonton Open Data","source_id":"data.edmonton.ca/b4y7-zhnz#17"}]}},{"type":"Feature","geometry":{"type":"Point","coordinates":[-113.386948,53.601346]},"properties":{"name":"Fire Station 18","category":"fire_station","source":"City of Edmonton Open Data","source_id":"data.edmonton.ca/b4y7-zhnz#18","licence":"Open Government Licence - City of Edmonton","fetched_at":"2026-10-08","detail":"13808 Victoria Trail NW","sources":[{"source":"City of Edmonton Open Data","source_id":"data.edmonton.ca/b4y7-zhnz#18"}]}},{"type":"Feature","geometry":{"type":"Point","coordinates":[-113.630381,53.496654]},"properties":{"name":"Fire Station 19","category":"fire_station","source":"City of Edmonton Open Data","source_id":"data.edmonton.ca/b4y7-zhnz#19","licence":"Open Government Licence - City of Edmonton","fetched_at":"2026-10-08","detail":"6210-178 Street NW","sources":[{"source":"City of Edmonton Open Data","source_id":"data.edmonton.ca/b4y7-zhnz#19"}]}},{"type":"Feature","geometry":{"type":"Point","coordinates":[-113.500915,53.454397]},"properties":{"name":"Fire Station 20","category":"fire_station","source":"City of Edmonton Open Data","source_id":"data.edmonton.ca/b4y7-zhnz#20","licence":"Open Government Licence - City of Edmonton","fetched_at":"2026-10-08","detail":"2303-105 Street NW","sources":[{"source":"City of Edmonton Open Data","source_id":"data.edmonton.ca/b4y7-zhnz#20"}]}},{"type":"Feature","geometry":{"type":"Point","coordinates":[-113.492019,53.528815]},"properties":{"name":"Fire Station 21","category":"fire_station","source":"City of Edmonton Open Data","source_id":"data.edmonton.ca/b4y7-zhnz#21","licence":"Open Government Licence - City of Edmonton","fetched_at":"2026-10-08","detail":"9315 - 101 Street","sources":[{"source":"City of Edmonton Open Data","source_id":"data.edmonton.ca/b4y7-zhnz#21"}]}},{"type":"Feature","geometry":{"type":"Point","coordinates":[-113.534579,53.542163]},"properties":{"name":"Fire Station 22","category":"fire_station","source":"City of Edmonton Open Data","source_id":"data.edmonton.ca/b4y7-zhnz#22","licence":"Open Government Licence - City of Edmonton","fetched_at":"2026-10-08","detail":"10124-123 Street NW","sources":[{"source":"City of Edmonton Open Data","source_id":"data.edmonton.ca/b4y7-zhnz#22"}]}},{"type":"Feature","geometry":{"type":"Point","coordinates":[-113.627962,53.543053]},"properties":{"name":"Fire Station 23","category":"fire_station","source":"City of Edmonton Open Data","source_id":"data.edmonton.ca/b4y7-zhnz#23","licence":"Open Government Licence - City of Edmonton","fetched_at":"2026-10-08","detail":"10130-178 Street NW","sources":[{"source":"City of Edmonton Open Data","source_id":"data.edmonton.ca/b4y7-zhnz#23"}]}},{"type":"Feature","geometry":{"type":"Point","coordinates":[-113.590966,53.459206]},"properties":{"name":"Fire Station 24","category":"fire_station","source":"City of Edmonton Open Data","source_id":"data.edmonton.ca/b4y7-zhnz#24","licence":"Open Government Licence - City of Edmonton","fetched_at":"2026-10-08","detail":"131 Haddow Close NW","sources":[{"source":"City of Edmonton Open Data","source_id":"data.edmonton.ca/b4y7-zhnz#24"}]}},{"type":"Feature","geometry":{"type":"Point","coordinates":[-113.470231,53.628217]},"properties":{"name":"Fire Station 25","category":"fire_station","source":"City of Edmonton Open Data","source_id":"data.edmonton.ca/b4y7-zhnz#25","licence":"Open Government Licence - City of Edmonton","fetched_at":"2026-10-08","detail":"8403-167 Ave","sources":[{"source":"City of Edmonton Open Data","source_id":"data.edmonton.ca/b4y7-zhnz#25"}]}},{"type":"Feature","geometry":{"type":"Point","coordinates":[-113.392734,53.458086]},"properties":{"name":"Fire Station 26","category":"fire_station","source":"City of Edmonton Open Data","source_id":"data.edmonton.ca/b4y7-zhnz#26","licence":"Open Government Licence - City of Edmonton","fetched_at":"2026-10-08","detail":"2803-34 St NW","sources":[{"source":"City of Edmonton Open Data","source_id":"data.edmonton.ca/b4y7-zhnz#26"}]}},{"type":"Feature","geometry":{"type":"Point","coordinates":[-113.475682,53.42875]},"properties":{"name":"Fire Station 27","category":"fire_station","source":"City of Edmonton Open Data","source_id":"data.edmonton.ca/b4y7-zhnz#27","licence":"Open Government Licence - City of Edmonton","fetched_at":"2026-10-08","detail":"1203 Ellwood Road SW","sources":[{"source":"City of Edmonton Open Data","source_id":"data.edmonton.ca/b4y7-zhnz#27"}]}},{"type":"Feature","geometry":{"type":"Point","coordinates":[-113.538581,53.410804]},"properties":{"name":"Fire Station 28","category":"fire_station","source":"City of Edmonton Open Data","source_id":"data.edmonton.ca/b4y7-zhnz#28","licence":"Open Government Licence - City of Edmonton","fetched_at":"2026-10-08","detail":"12110 26 Avenue SW","sources":[{"source":"City of Edmonton Open Data","source_id":"data.edmonton.ca/b4y7-zhnz#28"}]}},{"type":"Feature","geometry":{"type":"Point","coordinates":[-113.686225,53.526509]},"properties":{"name":"Fire Station 29","category":"fire_station","source":"City of Edmonton Open Data","source_id":"data.edmonton.ca/b4y7-zhnz#29","licence":"Open Government Licence - City of Edmonton","fetched_at":"2026-10-08","detail":"9204 213 St NW","sources":[{"source":"City of Edmonton Open Data","source_id":"data.edmonton.ca/b4y7-zhnz#29"}]}},{"type":"Feature","geometry":{"type":"Point","coordinates":[-113.417045,53.619758]},"properties":{"name":"Fire Station 30","category":"fire_station","source":"City of Edmonton Open Data","source_id":"data.edmonton.ca/b4y7-zhnz#30","licence":"Open Government Licence - City of Edmonton","fetched_at":"2026-10-08","detail":"15850 - 50 St NW","sources":[{"source":"City of Edmonton Open Data","source_id":"data.edmonton.ca/b4y7-zhnz#30"}]}},{"type":"Feature","geometry":{"type":"Point","coordinates":[-113.605677,53.425454]},"properties":{"name":"Fire Station 31","category":"fire_station","source":"City of Edmonton Open Data","source_id":"data.edmonton.ca/b4y7-zhnz#31","licence":"Open Government Licence - City of Edmonton","fetched_at":"2026-10-08","detail":"3865 Allan Drive SW","sources":[{"source":"City of Edmonton Open Data","source_id":"data.edmonton.ca/b4y7-zhnz#31"}]}},{"type":"Feature","geometry":{"type":"Point","coordinates":[-113.538658,53.593139]},"properties":{"name":"Police Services - Calder Community Station","category":"police","source":"City of Edmonton Open Data","source_id":"data.edmonton.ca/e7aq-scxv#POLICE SERVICES - CALDER COMMUNITY STATION@12520 - 132 AVENUE NW","licence":"Open Government Licence - City of Edmonton","fetched_at":"2026-10-08","detail":"12520 - 132 Avenue NW","sources":[{"source":"City of Edmonton Open Data","source_id":"data.edmonton.ca/e7aq-scxv#POLICE SERVICES - CALDER COMMUNITY STATION@12520 - 132 AVENUE NW"}]}},{"type":"Feature","geometry":{"type":"Point","coordinates":[-113.484817,53.547706]},"properties":{"name":"Police Services - Downtown Division","category":"police","source":"City of Edmonton Open Data","source_id":"data.edmonton.ca/e7aq-scxv#POLICE SERVICES - DOWNTOWN DIVISION@9620 - 103A AVENUE NW","licence":"Open Government Licence - City of Edmonton","fetched_at":"2026-10-08","detail":"9620 - 103a Avenue NW","sources":[{"source":"City of Edmonton Open Data","source_id":"data.edmonton.ca/e7aq-scxv#POLICE SERVICES - DOWNTOWN DIVISION@9620 - 103A AVENUE NW"}]}},{"type":"Feature","geometry":{"type":"Point","coordinates":[-113.417301,53.60504]},"properties":{"name":"Police Services - Northeast Division","category":"police","source":"City of Edmonton Open Data","source_id":"data.edmonton.ca/e7aq-scxv#POLICE SERVICES - NORTHEAST DIVISION@14203 - 50 STREET NW","licence":"Open Government Licence - City of Edmonton","fetched_at":"2026-10-08","detail":"14203 - 50 Street NW","sources":[{"source":"City of Edmonton Open Data","source_id":"data.edmonton.ca/e7aq-scxv#POLICE SERVICES - NORTHEAST DIVISION@14203 - 50 STREET NW"}]}},{"type":"Feature","geometry":{"type":"Point","coordinates":[-113.426714,53.460001]},"properties":{"name":"Police Services - Southeast Division","category":"police","source":"City of Edmonton Open Data","source_id":"data.edmonton.ca/e7aq-scxv#POLICE SERVICES - SOUTHEAST DIVISION@104 - YOUVILLE DRIVE EAST NW","licence":"Open Government Licence - City of Edmonton","fetched_at":"2026-10-08","detail":"104 - Youville Drive East NW","sources":[{"source":"City of Edmonton Open Data","source_id":"data.edmonton.ca/e7aq-scxv#POLICE SERVICES - SOUTHEAST DIVISION@104 - YOUVILLE DRIVE EAST NW"}]}},{"type":"Feature","geometry":{"type":"Point","coordinates":[-113.616228,53.434012]},"properties":{"name":"Police Services - Southwest Division","category":"police","source":"City of Edmonton Open Data","source_id":"data.edmonton.ca/e7aq-scxv#POLICE SERVICES - SOUTHWEST DIVISION@1351 - WINDERMERE WAY SW","licence":"Open Government Licence - City of Edmonton","fetched_at":"2026-10-08","detail":"1351 - Windermere Way SW","sources":[{"source":"City of Edmonton Open Data","source_id":"data.edmonton.ca/e7aq-scxv#POLICE SERVICES - SOUTHWEST DIVISION@1351 - WINDERMERE WAY SW"}]}},{"type":"Feature","geometry":{"type":"Point","coordinates":[-113.606742,53.538808]},"properties":{"name":"Police Services - West Division","category":"police","source":"City of Edmonton Open Data","source_id":"data.edmonton.ca/e7aq-scxv#POLICE SERVICES - WEST DIVISION@16505 - 100 AVENUE NW","licence":"Open Government Licence - City of Edmonton","fetched_at":"2026-10-08","detail":"16505 - 100 Avenue NW","sources":[{"source":"City of Edmonton Open Data","source_id":"data.edmonton.ca/e7aq-scxv#POLICE SERVICES - WEST DIVISION@16505 - 100 AVENUE NW"}]}},{"type":"Feature","geometry":{"type":"Point","coordinates":[-113.509119,53.559845]},"properties":{"name":"Royal Canadian Mounted Police","category":"police","source":"City of Edmonton Open Data","source_id":"data.edmonton.ca/e7aq-scxv#ROYAL CANADIAN MOUNTED POLICE@11136 - 109 STREET NW","licence":"Open Government Licence - City of Edmonton","fetched_at":"2026-10-08","detail":"11136 - 109 Street NW; also listed as: RCMP K Division","sources":[{"source":"City of Edmonton Open Data","source_id":"data.edmonton.ca/e7aq-scxv#ROYAL CANADIAN MOUNTED POLICE@11136 - 109 STREET NW"},{"source":"City of Edmonton Open Data","source_id":"data.edmonton.ca/e7aq-scxv#RCMP K DIVISION@11136 - 109 STREET NW"},{"source":"City of Edmonton Open Data","source_id":"data.edmonton.ca/e7aq-scxv#ROYAL CANADIAN MOUNTED POLICE@11140 - 109 STREET NW"},{"source":"City of Edmonton Open Data","source_id":"data.edmonton.ca/e7aq-scxv#RCMP K DIVISION@11140 - 109 STREET NW"}]}},{"type":"Feature","geometry":{"type":"Point","coordinates":[-113.38677,53.556213]},"properties":{"name":"ACT Aquatic and Recreation Centre","category":"reception","source":"City of Edmonton Open Data","source_id":"data.edmonton.ca/nz3t-vyg3#ACT Aquatic and Recreation Centre","licence":"Open Government Licence - City of Edmonton","fetched_at":"2026-10-08","detail":"Recreation centre (candidate reception centre)","sources":[{"source":"City of Edmonton Open Data","source_id":"data.edmonton.ca/nz3t-vyg3#ACT Aquatic and Recreation Centre"}]}},{"type":"Feature","geometry":{"type":"Point","coordinates":[-113.453785,53.523904]},"properties":{"name":"Bonnie Doon Leisure Centre","category":"reception","source":"City of Edmonton Open Data","source_id":"data.edmonton.ca/nz3t-vyg3#Bonnie Doon Leisure Centre","licence":"Open Government Licence - City of Edmonton","fetched_at":"2026-10-08","detail":"Recreation centre (candidate reception centre)","sources":[{"source":"City of Edmonton Open Data","source_id":"data.edmonton.ca/nz3t-vyg3#Bonnie Doon Leisure Centre"}]}},{"type":"Feature","geometry":{"type":"Point","coordinates":[-113.582394,53.458678]},"properties":{"name":"Booster Juice Recreation Centre in Terwillegar","category":"reception","source":"City of Edmonton Open Data","source_id":"data.edmonton.ca/nz3t-vyg3#Booster Juice Recreation Centre in Terwillegar","licence":"Open Government Licence - City of Edmonton","fetched_at":"2026-10-08","detail":"Recreation centre (candidate reception centre)","sources":[{"source":"City of Edmonton Open Data","source_id":"data.edmonton.ca/nz3t-vyg3#Booster Juice Recreation Centre in Terwillegar"}]}},{"type":"Feature","geometry":{"type":"Point","coordinates":[-113.514926,53.5597]},"properties":{"name":"Central Lions Recreation Centre","category":"reception","source":"City of Edmonton Open Data","source_id":"data.edmonton.ca/nz3t-vyg3#Central Lions Recreation Centre","licence":"Open Government Licence - City of Edmonton","fetched_at":"2026-10-08","detail":"Recreation centre (candidate reception centre)","sources":[{"source":"City of Edmonton Open Data","source_id":"data.edmonton.ca/nz3t-vyg3#Central Lions Recreation Centre"}]}},{"type":"Feature","geometry":{"type":"Point","coordinates":[-113.403323,53.60235]},"properties":{"name":"Clareview Community Recreation Centre","category":"reception","source":"City of Edmonton Open Data","source_id":"data.edmonton.ca/nz3t-vyg3#Clareview Community Recreation Centre","licence":"Open Government Licence - City of Edmonton","fetched_at":"2026-10-08","detail":"Recreation centre (candidate reception centre)","sources":[{"source":"City of Edmonton Open Data","source_id":"data.edmonton.ca/nz3t-vyg3#Clareview Community Recreation Centre"}]}},{"type":"Feature","geometry":{"type":"Point","coordinates":[-113.476277,53.557787]},"properties":{"name":"Commonwealth Recreation Centre","category":"reception","source":"City of Edmonton Open Data","source_id":"data.edmonton.ca/nz3t-vyg3#Commonwealth Recreation Centre","licence":"Open Government Licence - City of Edmonton","fetched_at":"2026-10-08","detail":"Recreation centre (candidate reception centre)","sources":[{"source":"City of Edmonton Open Data","source_id":"data.edmonton.ca/nz3t-vyg3#Commonwealth Recreation Centre"}]}},{"type":"Feature","geometry":{"type":"Point","coordinates":[-113.520227,53.480487]},"properties":{"name":"Confederation Leisure Centre","category":"reception","source":"City of Edmonton Open Data","source_id":"data.edmonton.ca/nz3t-vyg3#Confederation Leisure Centre","licence":"Open Government Licence - City of Edmonton","fetched_at":"2026-10-08","detail":"Recreation centre (candidate reception centre)","sources":[{"source":"City of Edmonton Open Data","source_id":"data.edmonton.ca/nz3t-vyg3#Confederation Leisure Centre"}]}},{"type":"Feature","geometry":{"type":"Point","coordinates":[-113.560641,53.561173]},"properties":{"name":"Coronation Sports and Recreation Centre","category":"reception","source":"City of Edmonton Open Data","source_id":"data.edmonton.ca/nz3t-vyg3#Coronation Sports and Recreation Centre","licence":"Open Government Licence - City of Edmonton","fetched_at":"2026-10-08","detail":"Recreation centre (candidate reception centre)","sources":[{"source":"City of Edmonton Open Data","source_id":"data.edmonton.ca/nz3t-vyg3#Coronation Sports and Recreation Centre"}]}},{"type":"Feature","geometry":{"type":"Point","coordinates":[-113.545321,53.401508]},"properties":{"name":"Dr. Anne Anderson Community Centre","category":"reception","source":"City of Edmonton Open Data","source_id":"data.edmonton.ca/nz3t-vyg3#Dr. Anne Anderson Community Centre","licence":"Open Government Licence - City of Edmonton","fetched_at":"2026-10-08","detail":"Recreation centre (candidate reception centre)","sources":[{"source":"City of Edmonton Open Data","source_id":"data.edmonton.ca/nz3t-vyg3#Dr. Anne Anderson Community Centre"}]}},{"type":"Feature","geometry":{"type":"Point","coordinates":[-113.444866,53.567264]},"properties":{"name":"Eastglen Leisure Centre","category":"reception","source":"City of Edmonton Open Data","source_id":"data.edmonton.ca/nz3t-vyg3#Eastglen Leisure Centre","licence":"Open Government Licence - City of Edmonton","fetched_at":"2026-10-08","detail":"Recreation centre (candidate reception centre)","sources":[{"source":"City of Edmonton Open Data","source_id":"data.edmonton.ca/nz3t-vyg3#Eastglen Leisure Centre"}]}},{"type":"Feature","geometry":{"type":"Point","coordinates":[-113.511877,53.589827]},"properties":{"name":"Grand Trunk Fitness and Leisure Centre","category":"reception","source":"City of Edmonton Open Data","source_id":"data.edmonton.ca/nz3t-vyg3#Grand Trunk Fitness and Leisure Centre","licence":"Open Government Licence - City of Edmonton","fetched_at":"2026-10-08","detail":"Recreation centre (candidate reception centre)","sources":[{"source":"City of Edmonton Open Data","source_id":"data.edmonton.ca/nz3t-vyg3#Grand Trunk Fitness and Leisure Centre"}]}},{"type":"Feature","geometry":{"type":"Point","coordinates":[-113.430793,53.549061]},"properties":{"name":"Hardisty Fitness and Leisure Centre","category":"reception","source":"City of Edmonton Open Data","source_id":"data.edmonton.ca/nz3t-vyg3#Hardisty Fitness and Leisure Centre","licence":"Open Government Licence - City of Edmonton","fetched_at":"2026-10-08","detail":"Recreation centre (candidate reception centre)","sources":[{"source":"City of Edmonton Open Data","source_id":"data.edmonton.ca/nz3t-vyg3#Hardisty Fitness and Leisure Centre"}]}},{"type":"Feature","geometry":{"type":"Point","coordinates":[-113.60371,53.52676]},"properties":{"name":"Jasper Place Leisure Centre","category":"reception","source":"City of Edmonton Open Data","source_id":"data.edmonton.ca/nz3t-vyg3#Jasper Place Leisure Centre","licence":"Open Government Licence - City of Edmonton","fetched_at":"2026-10-08","detail":"Recreation centre (candidate reception centre)","sources":[{"source":"City of Edmonton Open Data","source_id":"data.edmonton.ca/nz3t-vyg3#Jasper Place Leisure Centre"}]}},{"type":"Feature","geometry":{"type":"Point","coordinates":[-113.50721,53.526427]},"properties":{"name":"Kinsmen Sports Centre","category":"reception","source":"City of Edmonton Open Data","source_id":"data.edmonton.ca/nz3t-vyg3#Kinsmen Sports Centre","licence":"Open Government Licence - City of Edmonton","fetched_at":"2026-10-08","detail":"Recreation centre (candidate reception centre)","sources":[{"source":"City of Edmonton Open Data","source_id":"data.edmonton.ca/nz3t-vyg3#Kinsmen Sports Centre"}]}},{"type":"Feature","geometry":{"type":"Point","coordinates":[-113.44412,53.607434]},"properties":{"name":"Londonderry Fitness and Leisure Centre","category":"reception","source":"City of Edmonton Open Data","source_id":"data.edmonton.ca/nz3t-vyg3#Londonderry Fitness and Leisure Centre","licence":"Open Government Licence - City of Edmonton","fetched_at":"2026-10-08","detail":"Recreation centre (candidate reception centre)","sources":[{"source":"City of Edmonton Open Data","source_id":"data.edmonton.ca/nz3t-vyg3#Londonderry Fitness and Leisure Centre"}]}},{"type":"Feature","geometry":{"type":"Point","coordinates":[-113.444735,53.457049]},"properties":{"name":"Mill Woods Recreation Centre","category":"reception","source":"City of Edmonton Open Data","source_id":"data.edmonton.ca/nz3t-vyg3#Mill Woods Recreation Centre","licence":"Open Government Licence - City of Edmonton","fetched_at":"2026-10-08","detail":"Recreation centre (candidate reception centre)","sources":[{"source":"City of Edmonton Open Data","source_id":"data.edmonton.ca/nz3t-vyg3#Mill Woods Recreation Centre"}]}},{"type":"Feature","geometry":{"type":"Point","coordinates":[-113.476527,53.592954]},"properties":{"name":"O'Leary Fitness and Leisure Centre","category":"reception","source":"City of Edmonton Open Data","source_id":"data.edmonton.ca/nz3t-vyg3#O'Leary Fitness and Leisure Centre","licence":"Open Government Licence - City of Edmonton","fetched_at":"2026-10-08","detail":"Recreation centre (candidate reception centre)","sources":[{"source":"City of Edmonton Open Data","source_id":"data.edmonton.ca/nz3t-vyg3#O'Leary Fitness and Leisure Centre"}]}},{"type":"Feature","geometry":{"type":"Point","coordinates":[-113.603268,53.528945]},"properties":{"name":"St. Francis Xavier Sports Centre","category":"reception","source":"City of Edmonton Open Data","source_id":"data.edmonton.ca/nz3t-vyg3#St. Francis Xavier Sports Centre","licence":"Open Government Licence - City of Edmonton","fetched_at":"2026-10-08","detail":"Recreation centre (candidate reception centre)","sources":[{"source":"City of Edmonton Open Data","source_id":"data.edmonton.ca/nz3t-vyg3#St. Francis Xavier Sports Centre"}]}},{"type":"Feature","geometry":{"type":"Point","coordinates":[-113.371257,53.457924]},"properties":{"name":"The Meadows Community Recreation Centre","category":"reception","source":"City of Edmonton Open Data","source_id":"data.edmonton.ca/nz3t-vyg3#The Meadows Community Recreation Centre","licence":"Open Government Licence - City of Edmonton","fetched_at":"2026-10-08","detail":"Recreation centre (candidate reception centre)","sources":[{"source":"City of Edmonton Open Data","source_id":"data.edmonton.ca/nz3t-vyg3#The Meadows Community Recreation Centre"}]}},{"type":"Feature","geometry":{"type":"Point","coordinates":[-113.456307,53.602177]},"properties":{"name":"Ahs - St Michaels Long Term Care Centre","category":"seniors","source":"City of Edmonton Open Data","source_id":"data.edmonton.ca/zmac-3mxq#Ahs - St Michaels Long Term Care Centre","licence":"Open Government Licence - City of Edmonton","fetched_at":"2026-10-08","detail":"7404 - 139 Avenue NW","sources":[{"source":"City of Edmonton Open Data","source_id":"data.edmonton.ca/zmac-3mxq#Ahs - St Michaels Long Term Care Centre"}]}},{"type":"Feature","geometry":{"type":"Point","coordinates":[-113.449813,53.517606]},"properties":{"name":"Around 60 Club","category":"seniors","source":"City of Edmonton Open Data","source_id":"data.edmonton.ca/zmac-3mxq#Around 60 Club","licence":"Open Government Licence - City of Edmonton","fetched_at":"2026-10-08","detail":"7909 - 82 Avenue NW","sources":[{"source":"City of Edmonton Open Data","source_id":"data.edmonton.ca/zmac-3mxq#Around 60 Club"}]}},{"type":"Feature","geometry":{"type":"Point","coordinates":[-113.406637,53.563618]},"properties":{"name":"Beverly Active Seniors Society","category":"seniors","source":"City of Edmonton Open Data","source_id":"data.edmonton.ca/zmac-3mxq#Beverly Active Seniors Society","licence":"Open Government Licence - City of Edmonton","fetched_at":"2026-10-08","detail":"4209 - 111 Avenue NW","sources":[{"source":"City of Edmonton Open Data","source_id":"data.edmonton.ca/zmac-3mxq#Beverly Active Seniors Society"}]}},{"type":"Feature","geometry":{"type":"Point","coordinates":[-113.52755,53.58954]},"properties":{"name":"Calder Seniors Drop-In Centre","category":"seniors","source":"City of Edmonton Open Data","source_id":"data.edmonton.ca/zmac-3mxq#Calder Seniors Drop-In Centre","licence":"Open Government Licence - City of Edmonton","fetched_at":"2026-10-08","detail":"12963 - 120 Street NW","sources":[{"source":"City of Edmonton Open Data","source_id":"data.edmonton.ca/zmac-3mxq#Calder Seniors Drop-In Centre"}]}},{"type":"Feature","geometry":{"type":"Point","coordinates":[-113.571877,53.559322]},"properties":{"name":"Capitalcare Choice Mental Health","category":"seniors","source":"City of Edmonton Open Data","source_id":"data.edmonton.ca/zmac-3mxq#Capitalcare Choice Mental Health","licence":"Open Government Licence - City of Edmonton","fetched_at":"2026-10-08","detail":"14520 - 111 Avenue NW","sources":[{"source":"City of Edmonton Open Data","source_id":"data.edmonton.ca/zmac-3mxq#Capitalcare Choice Mental Health"}]}},{"type":"Feature","geometry":{"type":"Point","coordinates":[-113.542924,53.498715]},"properties":{"name":"Capitalcare Grandview","category":"seniors","source":"City of Edmonton Open Data","source_id":"data.edmonton.ca/zmac-3mxq#Capitalcare Grandview","licence":"Open Government Licence - City of Edmonton","fetched_at":"2026-10-08","detail":"6215 - 124 Street NW","sources":[{"source":"City of Edmonton Open Data","source_id":"data.edmonton.ca/zmac-3mxq#Capitalcare Grandview"}]}},{"type":"Feature","geometry":{"type":"Point","coordinates":[-113.514722,53.559921]},"properties":{"name":"Central Lions Senior Citizens Recreation","category":"seniors","source":"City of Edmonton Open Data","source_id":"data.edmonton.ca/zmac-3mxq#Central Lions Senior Citizens Recreation","licence":"Open Government Licence - City of Edmonton","fetched_at":"2026-10-08","detail":"11113 - 113 Street NW","sources":[{"source":"City of Edmonton Open Data","source_id":"data.edmonton.ca/zmac-3mxq#Central Lions Senior Citizens Recreation"}]}},{"type":"Feature","geometry":{"type":"Point","coordinates":[-113.417956,53.57786]},"properties":{"name":"Club 55 Seniors","category":"seniors","source":"City of Edmonton Open Data","source_id":"data.edmonton.ca/zmac-3mxq#Club 55 Seniors","licence":"Open Government Licence - City of Edmonton","fetched_at":"2026-10-08","detail":"12235 - 50 Street NW","sources":[{"source":"City of Edmonton Open Data","source_id":"data.edmonton.ca/zmac-3mxq#Club 55 Seniors"}]}},{"type":"Feature","geometry":{"type":"Point","coordinates":[-113.544936,53.540639]},"properties":{"name":"Connecting Care Management","category":"seniors","source":"City of Edmonton Open Data","source_id":"data.edmonton.ca/zmac-3mxq#Connecting Care Management","licence":"Open Government Licence - City of Edmonton","fetched_at":"2026-10-08","detail":"12903 - 102 Avenue NW","sources":[{"source":"City of Edmonton Open Data","source_id":"data.edmonton.ca/zmac-3mxq#Connecting Care Management"}]}},{"type":"Feature","geometry":{"type":"Point","coordinates":[-113.566767,53.44948]},"properties":{"name":"Devonshire Extended Care","category":"seniors","source":"City of Edmonton Open Data","source_id":"data.edmonton.ca/zmac-3mxq#Devonshire Extended Care","licence":"Open Government Licence - City of Edmonton","fetched_at":"2026-10-08","detail":"1808 - Rabbit Hill Road NW","sources":[{"source":"City of Edmonton Open Data","source_id":"data.edmonton.ca/zmac-3mxq#Devonshire Extended Care"}]}},{"type":"Feature","geometry":{"type":"Point","coordinates":[-113.482749,53.544244]},"properties":{"name":"Edmonton Chinese Seniors Recreation Group","category":"seniors","source":"City of Edmonton Open Data","source_id":"data.edmonton.ca/zmac-3mxq#Edmonton Chinese Seniors Recreation Group","licence":"Open Government Licence - City of Edmonton","fetched_at":"2026-10-08","detail":"10152 - 96 Street NW","sources":[{"source":"City of Edmonton Open Data","source_id":"data.edmonton.ca/zmac-3mxq#Edmonton Chinese Seniors Recreation Group"}]}},{"type":"Feature","geometry":{"type":"Point","coordinates":[-113.604471,53.527137]},"properties":{"name":"Edmonton Self Starters Org","category":"seniors","source":"City of Edmonton Open Data","source_id":"data.edmonton.ca/zmac-3mxq#Edmonton Self Starters Org","licence":"Open Government Licence - City of Edmonton","fetched_at":"2026-10-08","detail":"9170 - 163 Street NW","sources":[{"source":"City of Edmonton Open Data","source_id":"data.edmonton.ca/zmac-3mxq#Edmonton Self Starters Org"}]}},{"type":"Feature","geometry":{"type":"Point","coordinates":[-113.508794,53.53931]},"properties":{"name":"Golden Horizon Seniors Society","category":"seniors","source":"City of Edmonton Open Data","source_id":"data.edmonton.ca/zmac-3mxq#Golden Horizon Seniors Society","licence":"Open Government Licence - City of Edmonton","fetched_at":"2026-10-08","detail":"10014 - 109 Street NW","sources":[{"source":"City of Edmonton Open Data","source_id":"data.edmonton.ca/zmac-3mxq#Golden Horizon Seniors Society"}]}},{"type":"Feature","geometry":{"type":"Point","coordinates":[-113.529918,53.461135]},"properties":{"name":"Heritage Seniors Stop-In Centre","category":"seniors","source":"City of Edmonton Open Data","source_id":"data.edmonton.ca/zmac-3mxq#Heritage Seniors Stop-In Centre","licence":"Open Government Licence - City of Edmonton","fetched_at":"2026-10-08","detail":"280 - Saddleback Road NW","sources":[{"source":"City of Edmonton Open Data","source_id":"data.edmonton.ca/zmac-3mxq#Heritage Seniors Stop-In Centre"}]}},{"type":"Feature","geometry":{"type":"Point","coordinates":[-113.480685,53.558703]},"properties":{"name":"Italian Canadian Seniors Assoc","category":"seniors","source":"City of Edmonton Open Data","source_id":"data.edmonton.ca/zmac-3mxq#Italian Canadian Seniors Assoc","licence":"Open Government Licence - City of Edmonton","fetched_at":"2026-10-08","detail":"9111 - 110 Avenue NW","sources":[{"source":"City of Edmonton Open Data","source_id":"data.edmonton.ca/zmac-3mxq#Italian Canadian Seniors Assoc"}]}},{"type":"Feature","geometry":{"type":"Point","coordinates":[-113.523541,53.540514]},"properties":{"name":"Jewish Drop-In Centre","category":"seniors","source":"City of Edmonton Open Data","source_id":"data.edmonton.ca/zmac-3mxq#Jewish Drop-In Centre","licence":"Open Government Licence - City of Edmonton","fetched_at":"2026-10-08","detail":"10052 - 117 Street NW","sources":[{"source":"City of Edmonton Open Data","source_id":"data.edmonton.ca/zmac-3mxq#Jewish Drop-In Centre"}]}},{"type":"Feature","geometry":{"type":"Point","coordinates":[-113.602241,53.526155]},"properties":{"name":"Luther Place Seniors","category":"seniors","source":"City of Edmonton Open Data","source_id":"data.edmonton.ca/zmac-3mxq#Luther Place Seniors","licence":"Open Government Licence - City of Edmonton","fetched_at":"2026-10-08","detail":"9009 - 163 Street NW","sources":[{"source":"City of Edmonton Open Data","source_id":"data.edmonton.ca/zmac-3mxq#Luther Place Seniors"}]}},{"type":"Feature","geometry":{"type":"Point","coordinates":[-113.483529,53.551349]},"properties":{"name":"McCauley Seniors Drop-In, Operation Friendship","category":"seniors","source":"City of Edmonton Open Data","source_id":"data.edmonton.ca/zmac-3mxq#McCauley Seniors Drop-In, Operation Friendship","licence":"Open Government Licence - City of Edmonton","fetched_at":"2026-10-08","detail":"9526 - 106 Avenue NW","sources":[{"source":"City of Edmonton Open Data","source_id":"data.edmonton.ca/zmac-3mxq#McCauley Seniors Drop-In, Operation Friendship"}]}},{"type":"Feature","geometry":{"type":"Point","coordinates":[-113.41382,53.444746]},"properties":{"name":"Millwoods Cultural Society Of Retired & Semi-Retired","category":"seniors","source":"City of Edmonton Open Data","source_id":"data.edmonton.ca/zmac-3mxq#Millwoods Cultural Society Of Retired & Semi-Retired","licence":"Open Government Licence - City of Edmonton","fetched_at":"2026-10-08","detail":"1560 - 48 Street NW","sources":[{"source":"City of Edmonton Open Data","source_id":"data.edmonton.ca/zmac-3mxq#Millwoods Cultural Society Of Retired & Semi-Retired"}]}},{"type":"Feature","geometry":{"type":"Point","coordinates":[-113.49428,53.594008]},"properties":{"name":"Native Seniors Centre","category":"seniors","source":"City of Edmonton Open Data","source_id":"data.edmonton.ca/zmac-3mxq#Native Seniors Centre","licence":"Open Government Licence - City of Edmonton","fetched_at":"2026-10-08","detail":"13308 - 101 Street NW","sources":[{"source":"City of Edmonton Open Data","source_id":"data.edmonton.ca/zmac-3mxq#Native Seniors Centre"}]}},{"type":"Feature","geometry":{"type":"Point","coordinates":[-113.429937,53.598728]},"properties":{"name":"Neighnourhood Activity Association Of Belvedere","category":"seniors","source":"City of Edmonton Open Data","source_id":"data.edmonton.ca/zmac-3mxq#Neighnourhood Activity Association Of Belvedere","licence":"Open Government Licence - City of Edmonton","fetched_at":"2026-10-08","detail":"5714 - 136 Avenue NW","sources":[{"source":"City of Edmonton Open Data","source_id":"data.edmonton.ca/zmac-3mxq#Neighnourhood Activity Association Of Belvedere"}]}},{"type":"Feature","geometry":{"type":"Point","coordinates":[-113.451742,53.59186]},"properties":{"name":"North Edmonton Senior Citizens Recreation Society","category":"seniors","source":"City of Edmonton Open Data","source_id":"data.edmonton.ca/zmac-3mxq#North Edmonton Senior Citizens Recreation Society","licence":"Open Government Licence - City of Edmonton","fetched_at":"2026-10-08","detail":"7111 - 132 Avenue NW","sources":[{"source":"City of Edmonton Open Data","source_id":"data.edmonton.ca/zmac-3mxq#North Edmonton Senior Citizens Recreation Society"}]}},{"type":"Feature","geometry":{"type":"Point","coordinates":[-113.458361,53.602557]},"properties":{"name":"Northgates Lions Senior Citizens Centre","category":"seniors","source":"City of Edmonton Open Data","source_id":"data.edmonton.ca/zmac-3mxq#Northgates Lions Senior Citizens Centre","licence":"Open Government Licence - City of Edmonton","fetched_at":"2026-10-08","detail":"7524 - 139 Avenue NW","sources":[{"source":"City of Edmonton Open Data","source_id":"data.edmonton.ca/zmac-3mxq#Northgates Lions Senior Citizens Centre"}]}},{"type":"Feature","geometry":{"type":"Point","coordinates":[-113.442388,53.526153]},"properties":{"name":"Over 60 Felowship","category":"seniors","source":"City of Edmonton Open Data","source_id":"data.edmonton.ca/zmac-3mxq#Over 60 Felowship","licence":"Open Government Licence - City of Edmonton","fetched_at":"2026-10-08","detail":"9115 - 75 Street NW","sources":[{"source":"City of Edmonton Open Data","source_id":"data.edmonton.ca/zmac-3mxq#Over 60 Felowship"}]}},{"type":"Feature","geometry":{"type":"Point","coordinates":[-113.524047,53.473893]},"properties":{"name":"Petrolia 60 Plus","category":"seniors","source":"City of Edmonton Open Data","source_id":"data.edmonton.ca/zmac-3mxq#Petrolia 60 Plus","licence":"Open Government Licence - City of Edmonton","fetched_at":"2026-10-08","detail":"3755 - 114 Street NW","sources":[{"source":"City of Edmonton Open Data","source_id":"data.edmonton.ca/zmac-3mxq#Petrolia 60 Plus"}]}},{"type":"Feature","geometry":{"type":"Point","coordinates":[-113.640146,53.527093]},"properties":{"name":"S & D Health Care Inc","category":"seniors","source":"City of Edmonton Open Data","source_id":"data.edmonton.ca/zmac-3mxq#S & D Health Care Inc","licence":"Open Government Licence - City of Edmonton","fetched_at":"2026-10-08","detail":"18267 - 93 Avenue NW","sources":[{"source":"City of Edmonton Open Data","source_id":"data.edmonton.ca/zmac-3mxq#S & D Health Care Inc"}]}},{"type":"Feature","geometry":{"type":"Point","coordinates":[-113.499612,53.52035]},"properties":{"name":"S C O N A","category":"seniors","source":"City of Edmonton Open Data","source_id":"data.edmonton.ca/zmac-3mxq#S C O N A","licence":"Open Government Licence - City of Edmonton","fetched_at":"2026-10-08","detail":"10440 - 84 Avenue NW","sources":[{"source":"City of Edmonton Open Data","source_id":"data.edmonton.ca/zmac-3mxq#S C O N A"}]}},{"type":"Feature","geometry":{"type":"Point","coordinates":[-113.491396,53.544744]},"properties":{"name":"Sage Seniors Association Of Greater Edmonton, Soc. For Retired & Semi Retired, Wise Owls","category":"seniors","source":"City of Edmonton Open Data","source_id":"data.edmonton.ca/zmac-3mxq#Sage Seniors Association Of Greater Edmonton, Soc. For Retired & Semi Retired, Wise Owls","licence":"Open Government Licence - City of Edmonton","fetched_at":"2026-10-08","detail":"15 - Sir Winston Churchill Square NW","sources":[{"source":"City of Edmonton Open Data","source_id":"data.edmonton.ca/zmac-3mxq#Sage Seniors Association Of Greater Edmonton, Soc. For Retired & Semi Retired, Wise Owls"}]}},{"type":"Feature","geometry":{"type":"Point","coordinates":[-113.426655,53.57552]},"properties":{"name":"Senior Citizens Club 55","category":"seniors","source":"City of Edmonton Open Data","source_id":"data.edmonton.ca/zmac-3mxq#Senior Citizens Club 55","licence":"Open Government Licence - City of Edmonton","fetched_at":"2026-10-08","detail":"5520 - 121 Avenue NW","sources":[{"source":"City of Edmonton Open Data","source_id":"data.edmonton.ca/zmac-3mxq#Senior Citizens Club 55"}]}},{"type":"Feature","geometry":{"type":"Point","coordinates":[-113.51727,53.537415]},"properties":{"name":"Senior Citizens Drop In","category":"seniors","source":"City of Edmonton Open Data","source_id":"data.edmonton.ca/zmac-3mxq#Senior Citizens Drop In","licence":"Open Government Licence - City of Edmonton","fetched_at":"2026-10-08","detail":"11326 - 99 Avenue NW","sources":[{"source":"City of Edmonton Open Data","source_id":"data.edmonton.ca/zmac-3mxq#Senior Citizens Drop In"}]}},{"type":"Feature","geometry":{"type":"Point","coordinates":[-113.428183,53.546206]},"properties":{"name":"Senior Drop In","category":"seniors","source":"City of Edmonton Open Data","source_id":"data.edmonton.ca/zmac-3mxq#Senior Drop In","licence":"Open Government Licence - City of Edmonton","fetched_at":"2026-10-08","detail":"6303 - 104 Avenue NW","sources":[{"source":"City of Edmonton Open Data","source_id":"data.edmonton.ca/zmac-3mxq#Senior Drop In"}]}},{"type":"Feature","geometry":{"type":"Point","coordinates":[-113.546956,53.564805]},"properties":{"name":"Seniors Outreach Network Society","category":"seniors","source":"City of Edmonton Open Data","source_id":"data.edmonton.ca/zmac-3mxq#Seniors Outreach Network Society","licence":"Open Government Licence - City of Edmonton","fetched_at":"2026-10-08","detail":"11457 - 132 Street NW","sources":[{"source":"City of Edmonton Open Data","source_id":"data.edmonton.ca/zmac-3mxq#Seniors Outreach Network Society"}]}},{"type":"Feature","geometry":{"type":"Point","coordinates":[-113.454103,53.469095]},"properties":{"name":"Shangri-La Seniors Club","category":"seniors","source":"City of Edmonton Open Data","source_id":"data.edmonton.ca/zmac-3mxq#Shangri-La Seniors Club","licence":"Open Government Licence - City of Edmonton","fetched_at":"2026-10-08","detail":"7910 - 36 Avenue NW","sources":[{"source":"City of Edmonton Open Data","source_id":"data.edmonton.ca/zmac-3mxq#Shangri-La Seniors Club"}]}},{"type":"Feature","geometry":{"type":"Point","coordinates":[-113.451771,53.530208]},"properties":{"name":"South East Edmonton Seniors Association","category":"seniors","source":"City of Edmonton Open Data","source_id":"data.edmonton.ca/zmac-3mxq#South East Edmonton Seniors Association","licence":"Open Government Licence - City of Edmonton","fetched_at":"2026-10-08","detail":"9350 - 82 Street NW","sources":[{"source":"City of Edmonton Open Data","source_id":"data.edmonton.ca/zmac-3mxq#South East Edmonton Seniors Association"}]}},{"type":"Feature","geometry":{"type":"Point","coordinates":[-113.513888,53.485637]},"properties":{"name":"Southgate Centre","category":"seniors","source":"City of Edmonton Open Data","source_id":"data.edmonton.ca/zmac-3mxq#Southgate Centre","licence":"Open Government Licence - City of Edmonton","fetched_at":"2026-10-08","detail":"5015 - 111 Street NW","sources":[{"source":"City of Edmonton Open Data","source_id":"data.edmonton.ca/zmac-3mxq#Southgate Centre"}]}},{"type":"Feature","geometry":{"type":"Point","coordinates":[-113.511329,53.499327]},"properties":{"name":"Southwest Seniors Outreach Society","category":"seniors","source":"City of Edmonton Open Data","source_id":"data.edmonton.ca/zmac-3mxq#Southwest Seniors Outreach Society","licence":"Open Government Licence - City of Edmonton","fetched_at":"2026-10-08","detail":"10832 - 62 Avenue NW","sources":[{"source":"City of Edmonton Open Data","source_id":"data.edmonton.ca/zmac-3mxq#Southwest Seniors Outreach Society"}]}},{"type":"Feature","geometry":{"type":"Point","coordinates":[-113.429821,53.454332]},"properties":{"name":"Towne Centre Seniors Drop In","category":"seniors","source":"City of Edmonton Open Data","source_id":"data.edmonton.ca/zmac-3mxq#Towne Centre Seniors Drop In","licence":"Open Government Licence - City of Edmonton","fetched_at":"2026-10-08","detail":"5808 - 23 Avenue NW","sources":[{"source":"City of Edmonton Open Data","source_id":"data.edmonton.ca/zmac-3mxq#Towne Centre Seniors Drop In"}]}},{"type":"Feature","geometry":{"type":"Point","coordinates":[-113.513063,53.539715]},"properties":{"name":"West Edmonton Seniors, Arms Assoc. For Residence Maint. For Seniors","category":"seniors","source":"City of Edmonton Open Data","source_id":"data.edmonton.ca/zmac-3mxq#West Edmonton Seniors, Arms Assoc. For Residence Maint. For Seniors","licence":"Open Government Licence - City of Edmonton","fetched_at":"2026-10-08","detail":"11111 - Jasper Avenue NW","sources":[{"source":"City of Edmonton Open Data","source_id":"data.edmonton.ca/zmac-3mxq#West Edmonton Seniors, Arms Assoc. For Residence Maint. For Seniors"}]}},{"type":"Feature","geometry":{"type":"Point","coordinates":[-113.625867,53.53265]},"properties":{"name":"Westend Seniors Activity Centre","category":"seniors","source":"City of Edmonton Open Data","source_id":"data.edmonton.ca/zmac-3mxq#Westend Seniors Activity Centre","licence":"Open Government Licence - City of Edmonton","fetched_at":"2026-10-08","detail":"9629 - 176 Street NW","sources":[{"source":"City of Edmonton Open Data","source_id":"data.edmonton.ca/zmac-3mxq#Westend Seniors Activity Centre"}]}},{"type":"Feature","geometry":{"type":"Point","coordinates":[-113.554373,53.561351]},"properties":{"name":"Westmount Seniors Drop In","category":"seniors","source":"City of Edmonton Open Data","source_id":"data.edmonton.ca/zmac-3mxq#Westmount Seniors Drop In","licence":"Open Government Licence - City of Edmonton","fetched_at":"2026-10-08","detail":"1 - Westmount Shopping Centre NW","sources":[{"source":"City of Edmonton Open Data","source_id":"data.edmonton.ca/zmac-3mxq#Westmount Seniors Drop In"}]}},{"type":"Feature","geometry":{"type":"Point","coordinates":[-113.484025,53.544735]},"properties":{"name":"Zhi Yang Seniors Recreation Club","category":"seniors","source":"City of Edmonton Open Data","source_id":"data.edmonton.ca/zmac-3mxq#Zhi Yang Seniors Recreation Club","licence":"Open Government Licence - City of Edmonton","fetched_at":"2026-10-08","detail":"9630 - 102 Avenue NW","sources":[{"source":"City of Edmonton Open Data","source_id":"data.edmonton.ca/zmac-3mxq#Zhi Yang Seniors Recreation Club"}]}},{"type":"Feature","geometry":{"type":"Point","coordinates":[-113.36193,53.469767]},"properties":{"name":"A. Blair McPherson (EPSB)","category":"school","source":"City of Edmonton Open Data","source_id":"data.edmonton.ca/996c-239n#1458","licence":"Open Government Licence - City of Edmonton","fetched_at":"2026-10-08","detail":"K to Gr 9","sources":[{"source":"City of Edmonton Open Data","source_id":"data.edmonton.ca/996c-239n#1458"}]}},{"type":"Feature","geometry":{"type":"Point","coordinates":[-113.392846,53.574535]},"properties":{"name":"Abbott (EPSB)","category":"school","source":"City of Edmonton Open Data","source_id":"data.edmonton.ca/996c-239n#7100","licence":"Open Government Licence - City of Edmonton","fetched_at":"2026-10-08","detail":"K to Gr 6","sources":[{"source":"City of Edmonton Open Data","source_id":"data.edmonton.ca/996c-239n#7100"}]}},{"type":"Feature","geometry":{"type":"Point","coordinates":[-113.490289,53.521387]},"properties":{"name":"Academy King Edward (EPSB)","category":"school","source":"City of Edmonton Open Data","source_id":"data.edmonton.ca/996c-239n#0018","licence":"Open Government Licence - City of Edmonton","fetched_at":"2026-10-08","detail":"Gr 3 to 12","sources":[{"source":"City of Edmonton Open Data","source_id":"data.edmonton.ca/996c-239n#0018"}]}},{"type":"Feature","geometry":{"type":"Point","coordinates":[-113.636098,53.51817]},"properties":{"name":"Aldergrove (EPSB)","category":"school","source":"City of Edmonton Open Data","source_id":"data.edmonton.ca/996c-239n#7234","licence":"Open Government Licence - City of Edmonton","fetched_at":"2026-10-08","detail":"K to Gr 6","sources":[{"source":"City of Edmonton Open Data","source_id":"data.edmonton.ca/996c-239n#7234"}]}},{"type":"Feature","geometry":{"type":"Point","coordinates":[-113.608294,53.527488]},"properties":{"name":"Aleda Patterson (EPSB)","category":"school","source":"City of Edmonton Open Data","source_id":"data.edmonton.ca/996c-239n#2269","licence":"Open Government Licence - City of Edmonton","fetched_at":"2026-10-08","detail":"K to 3","sources":[{"source":"City of Edmonton Open Data","source_id":"data.edmonton.ca/996c-239n#2269"}]}},{"type":"Feature","geometry":{"type":"Point","coordinates":[-113.609878,53.53332]},"properties":{"name":"Alex Janvier (EPSB)","category":"school","source":"City of Edmonton Open Data","source_id":"data.edmonton.ca/996c-239n#2268","licence":"Open Government Licence - City of Edmonton","fetched_at":"2026-10-08","detail":"Gr 4 to 9","sources":[{"source":"City of Edmonton Open Data","source_id":"data.edmonton.ca/996c-239n#2268"}]}},{"type":"Feature","geometry":{"type":"Point","coordinates":[-113.503612,53.501003]},"properties":{"name":"Allendale (EPSB)","category":"school","source":"City of Edmonton Open Data","source_id":"data.edmonton.ca/996c-239n#7500","licence":"Open Government Licence - City of Edmonton","fetched_at":"2026-10-08","detail":"Gr 7 to 9","sources":[{"source":"City of Edmonton Open Data","source_id":"data.edmonton.ca/996c-239n#7500"}]}},{"type":"Feature","geometry":{"type":"Point","coordinates":[-113.383789,53.59449]},"properties":{"name":"Anne Fitzgerald (Catholic)","category":"school","source":"City of Edmonton Open Data","source_id":"data.edmonton.ca/gfxq-u8uu#8049","licence":"Open Government Licence - City of Edmonton","fetched_at":"2026-10-08","detail":"Kindergarten to Grade 6","sources":[{"source":"City of Edmonton Open Data","source_id":"data.edmonton.ca/gfxq-u8uu#8049"}]}},{"type":"Feature","geometry":{"type":"Point","coordinates":[-113.606541,53.530234]},"properties":{"name":"Annunciation (Catholic)","category":"school","source":"City of Edmonton Open Data","source_id":"data.edmonton.ca/gfxq-u8uu#8001","licence":"Open Government Licence - City of Edmonton","fetched_at":"2026-10-08","detail":"Kindergarten to Grade 6","sources":[{"source":"City of Edmonton Open Data","source_id":"data.edmonton.ca/gfxq-u8uu#8001"}]}},{"type":"Feature","geometry":{"type":"Point","coordinates":[-113.577017,53.460027]},"properties":{"name":"Archbishop Joseph MacNeil (Catholic)","category":"school","source":"City of Edmonton Open Data","source_id":"data.edmonton.ca/gfxq-u8uu#8026","licence":"Open Government Licence - City of Edmonton","fetched_at":"2026-10-08","detail":"Kindergarten to Grade 9","sources":[{"source":"City of Edmonton Open Data","source_id":"data.edmonton.ca/gfxq-u8uu#8026"}]}},{"type":"Feature","geometry":{"type":"Point","coordinates":[-113.567021,53.553237]},"properties":{"name":"Archbishop MacDonald (Catholic)","category":"school","source":"City of Edmonton Open Data","source_id":"data.edmonton.ca/gfxq-u8uu#8403","licence":"Open Government Licence - City of Edmonton","fetched_at":"2026-10-08","detail":"Grade 10 to Grade 12","sources":[{"source":"City of Edmonton Open Data","source_id":"data.edmonton.ca/gfxq-u8uu#8403"}]}},{"type":"Feature","geometry":{"type":"Point","coordinates":[-113.475152,53.592873]},"properties":{"name":"Archbishop O'Leary (Catholic)","category":"school","source":"City of Edmonton Open Data","source_id":"data.edmonton.ca/gfxq-u8uu#8404","licence":"Open Government Licence - City of Edmonton","fetched_at":"2026-10-08","detail":"Grade 10 to Grade 12","sources":[{"source":"City of Edmonton Open Data","source_id":"data.edmonton.ca/gfxq-u8uu#8404"}]}},{"type":"Feature","geometry":{"type":"Point","coordinates":[-113.434528,53.539904]},"properties":{"name":"Argyll Centre (EPSB)","category":"school","source":"City of Edmonton Open Data","source_id":"data.edmonton.ca/996c-239n#0349","licence":"Open Government Licence - City of Edmonton","fetched_at":"2026-10-08","detail":"K to Gr 12","sources":[{"source":"City of Edmonton Open Data","source_id":"data.edmonton.ca/996c-239n#0349"}]}},{"type":"Feature","geometry":{"type":"Point","coordinates":[-113.586757,53.556853]},"properties":{"name":"Aspen Program (EPSB)","category":"school","source":"City of Edmonton Open Data","source_id":"data.edmonton.ca/996c-239n#7707","licence":"Open Government Licence - City of Edmonton","fetched_at":"2026-10-08","detail":"Gr 2 to 12","sources":[{"source":"City of Edmonton Open Data","source_id":"data.edmonton.ca/996c-239n#7707"}]}},{"type":"Feature","geometry":{"type":"Point","coordinates":[-113.544962,53.588007]},"properties":{"name":"Athlone (EPSB)","category":"school","source":"City of Edmonton Open Data","source_id":"data.edmonton.ca/996c-239n#7104","licence":"Open Government Licence - City of Edmonton","fetched_at":"2026-10-08","detail":"K to Gr 6","sources":[{"source":"City of Edmonton Open Data","source_id":"data.edmonton.ca/996c-239n#7104"}]}},{"type":"Feature","geometry":{"type":"Point","coordinates":[-113.426418,53.535406]},"properties":{"name":"Austin O'Brien (Catholic)","category":"school","source":"City of Edmonton Open Data","source_id":"data.edmonton.ca/gfxq-u8uu#8402","licence":"Open Government Licence - City of Edmonton","fetched_at":"2026-10-08","detail":"Grade 10 to Grade 12","sources":[{"source":"City of Edmonton Open Data","source_id":"data.edmonton.ca/gfxq-u8uu#8402"}]}},{"type":"Feature","geometry":{"type":"Point","coordinates":[-113.52429,53.491747]},"properties":{"name":"Avalon (EPSB)","category":"school","source":"City of Edmonton Open Data","source_id":"data.edmonton.ca/996c-239n#7550","licence":"Open Government Licence - City of Edmonton","fetched_at":"2026-10-08","detail":"Gr 7 to 9","sources":[{"source":"City of Edmonton Open Data","source_id":"data.edmonton.ca/996c-239n#7550"}]}},{"type":"Feature","geometry":{"type":"Point","coordinates":[-113.448509,53.511949]},"properties":{"name":"Avonmore (EPSB)","category":"school","source":"City of Edmonton Open Data","source_id":"data.edmonton.ca/996c-239n#7501","licence":"Open Government Licence - City of Edmonton","fetched_at":"2026-10-08","detail":"K to Gr 9","sources":[{"source":"City of Edmonton Open Data","source_id":"data.edmonton.ca/996c-239n#7501"}]}},{"type":"Feature","geometry":{"type":"Point","coordinates":[-113.450161,53.591745]},"properties":{"name":"Balwin (EPSB)","category":"school","source":"City of Edmonton Open Data","source_id":"data.edmonton.ca/996c-239n#7502","licence":"Open Government Licence - City of Edmonton","fetched_at":"2026-10-08","detail":"K to Gr 9","sources":[{"source":"City of Edmonton Open Data","source_id":"data.edmonton.ca/996c-239n#7502"}]}},{"type":"Feature","geometry":{"type":"Point","coordinates":[-113.378749,53.605067]},"properties":{"name":"Bannerman (EPSB)","category":"school","source":"City of Edmonton Open Data","source_id":"data.edmonton.ca/996c-239n#7253","licence":"Open Government Licence - City of Edmonton","fetched_at":"2026-10-08","detail":"K to Gr 6","sources":[{"source":"City of Edmonton Open Data","source_id":"data.edmonton.ca/996c-239n#7253"}]}},{"type":"Feature","geometry":{"type":"Point","coordinates":[-113.506085,53.632993]},"properties":{"name":"Baturyn (EPSB)","category":"school","source":"City of Edmonton Open Data","source_id":"data.edmonton.ca/996c-239n#7247","licence":"Open Government Licence - City of Edmonton","fetched_at":"2026-10-08","detail":"K to Gr 6","sources":[{"source":"City of Edmonton Open Data","source_id":"data.edmonton.ca/996c-239n#7247"}]}},{"type":"Feature","geometry":{"type":"Point","coordinates":[-113.413792,53.575367]},"properties":{"name":"Beacon Heights (EPSB)","category":"school","source":"City of Edmonton Open Data","source_id":"data.edmonton.ca/996c-239n#7106","licence":"Open Government Licence - City of Edmonton","fetched_at":"2026-10-08","detail":"K to Gr 6","sources":[{"source":"City of Edmonton Open Data","source_id":"data.edmonton.ca/996c-239n#7106"}]}},{"type":"Feature","geometry":{"type":"Point","coordinates":[-113.531782,53.510012]},"properties":{"name":"Belgravia (EPSB)","category":"school","source":"City of Edmonton Open Data","source_id":"data.edmonton.ca/996c-239n#7107","licence":"Open Government Licence - City of Edmonton","fetched_at":"2026-10-08","detail":"K to Gr 6","sources":[{"source":"City of Edmonton Open Data","source_id":"data.edmonton.ca/996c-239n#7107"}]}},{"type":"Feature","geometry":{"type":"Point","coordinates":[-113.638237,53.52568]},"properties":{"name":"Belmead (EPSB)","category":"school","source":"City of Edmonton Open Data","source_id":"data.edmonton.ca/996c-239n#7236","licence":"Open Government Licence - City of Edmonton","fetched_at":"2026-10-08","detail":"K to Gr 6","sources":[{"source":"City of Edmonton Open Data","source_id":"data.edmonton.ca/996c-239n#7236"}]}},{"type":"Feature","geometry":{"type":"Point","coordinates":[-113.392692,53.593298]},"properties":{"name":"Belmont (EPSB)","category":"school","source":"City of Edmonton Open Data","source_id":"data.edmonton.ca/996c-239n#7228","licence":"Open Government Licence - City of Edmonton","fetched_at":"2026-10-08","detail":"K to Gr 6","sources":[{"source":"City of Edmonton Open Data","source_id":"data.edmonton.ca/996c-239n#7228"}]}},{"type":"Feature","geometry":{"type":"Point","coordinates":[-113.436109,53.595065]},"properties":{"name":"Belvedere (EPSB)","category":"school","source":"City of Edmonton Open Data","source_id":"data.edmonton.ca/996c-239n#7109","licence":"Open Government Licence - City of Edmonton","fetched_at":"2026-10-08","detail":"K to Gr 6","sources":[{"source":"City of Edmonton Open Data","source_id":"data.edmonton.ca/996c-239n#7109"}]}},{"type":"Feature","geometry":{"type":"Point","coordinates":[-113.439115,53.571454]},"properties":{"name":"Ben Calf Robe - St. Clare (Catholic)","category":"school","source":"City of Edmonton Open Data","source_id":"data.edmonton.ca/gfxq-u8uu#8214","licence":"Open Government Licence - City of Edmonton","fetched_at":"2026-10-08","detail":"Kindergarten to Grade 9","sources":[{"source":"City of Edmonton Open Data","source_id":"data.edmonton.ca/gfxq-u8uu#8214"}]}},{"type":"Feature","geometry":{"type":"Point","coordinates":[-113.672099,53.487343]},"properties":{"name":"Bessie Nichols (EPSB)","category":"school","source":"City of Edmonton Open Data","source_id":"data.edmonton.ca/996c-239n#1577","licence":"Open Government Licence - City of Edmonton","fetched_at":"2026-10-08","detail":"K to Gr 9","sources":[{"source":"City of Edmonton Open Data","source_id":"data.edmonton.ca/996c-239n#1577"}]}},{"type":"Feature","geometry":{"type":"Point","coordinates":[-113.678234,53.529277]},"properties":{"name":"Bishop David Motiuk (Catholic)","category":"school","source":"City of Edmonton Open Data","source_id":"data.edmonton.ca/gfxq-u8uu#1967","licence":"Open Government Licence - City of Edmonton","fetched_at":"2026-10-08","detail":"Kindergarten to Grade 9","sources":[{"source":"City of Edmonton Open Data","source_id":"data.edmonton.ca/gfxq-u8uu#1967"}]}},{"type":"Feature","geometry":{"type":"Point","coordinates":[-113.480593,53.635063]},"properties":{"name":"Bishop Greschuk (Catholic)","category":"school","source":"City of Edmonton Open Data","source_id":"data.edmonton.ca/gfxq-u8uu#8059","licence":"Open Government Licence - City of Edmonton","fetched_at":"2026-10-08","detail":"Kindergarten to Grade 6","sources":[{"source":"City of Edmonton Open Data","source_id":"data.edmonton.ca/gfxq-u8uu#8059"}]}},{"type":"Feature","geometry":{"type":"Point","coordinates":[-113.508386,53.622001]},"properties":{"name":"Bishop Savaryn (Catholic)","category":"school","source":"City of Edmonton Open Data","source_id":"data.edmonton.ca/gfxq-u8uu#8048","licence":"Open Government Licence - City of Edmonton","fetched_at":"2026-10-08","detail":"Kindergarten to Grade 6","sources":[{"source":"City of Edmonton Open Data","source_id":"data.edmonton.ca/gfxq-u8uu#8048"}]}},{"type":"Feature","geometry":{"type":"Point","coordinates":[-113.398665,53.46058]},"properties":{"name":"Bisset (EPSB)","category":"school","source":"City of Edmonton Open Data","source_id":"data.edmonton.ca/996c-239n#7276","licence":"Open Government Licence - City of Edmonton","fetched_at":"2026-10-08","detail":"K to Gr 6","sources":[{"source":"City of Edmonton Open Data","source_id":"data.edmonton.ca/996c-239n#7276"}]}},{"type":"Feature","geometry":{"type":"Point","coordinates":[-113.426281,53.471966]},"properties":{"name":"Blessed John Paul I (Catholic)","category":"school","source":"City of Edmonton Open Data","source_id":"data.edmonton.ca/gfxq-u8uu#8053","licence":"Open Government Licence - City of Edmonton","fetched_at":"2026-10-08","detail":"Kindergarten to Grade 6","sources":[{"source":"City of Edmonton Open Data","source_id":"data.edmonton.ca/gfxq-u8uu#8053"}]}},{"type":"Feature","geometry":{"type":"Point","coordinates":[-113.431002,53.531501]},"properties":{"name":"Braemar (EPSB)","category":"school","source":"City of Edmonton Open Data","source_id":"data.edmonton.ca/996c-239n#7704","licence":"Open Government Licence - City of Edmonton","fetched_at":"2026-10-08","detail":"Gr 8 to 12","sources":[{"source":"City of Edmonton Open Data","source_id":"data.edmonton.ca/996c-239n#7704"}]}},{"type":"Feature","geometry":{"type":"Point","coordinates":[-113.577069,53.493572]},"properties":{"name":"Brander Gardens (EPSB)","category":"school","source":"City of Edmonton Open Data","source_id":"data.edmonton.ca/996c-239n#7226","licence":"Open Government Licence - City of Edmonton","fetched_at":"2026-10-08","detail":"K to Gr 6","sources":[{"source":"City of Edmonton Open Data","source_id":"data.edmonton.ca/996c-239n#7226"}]}},{"type":"Feature","geometry":{"type":"Point","coordinates":[-113.587703,53.549049]},"properties":{"name":"Brightview (EPSB)","category":"school","source":"City of Edmonton Open Data","source_id":"data.edmonton.ca/996c-239n#7504","licence":"Open Government Licence - City of Edmonton","fetched_at":"2026-10-08","detail":"K to Gr 6","sources":[{"source":"City of Edmonton Open Data","source_id":"data.edmonton.ca/996c-239n#7504"}]}},{"type":"Feature","geometry":{"type":"Point","coordinates":[-113.597908,53.546757]},"properties":{"name":"Britannia (EPSB)","category":"school","source":"City of Edmonton Open Data","source_id":"data.edmonton.ca/996c-239n#7551","licence":"Open Government Licence - City of Edmonton","fetched_at":"2026-10-08","detail":"Gr 7 to 9","sources":[{"source":"City of Edmonton Open Data","source_id":"data.edmonton.ca/996c-239n#7551"}]}},{"type":"Feature","geometry":{"type":"Point","coordinates":[-113.567921,53.491665]},"properties":{"name":"Brookside (EPSB)","category":"school","source":"City of Edmonton Open Data","source_id":"data.edmonton.ca/996c-239n#7146","licence":"Open Government Licence - City of Edmonton","fetched_at":"2026-10-08","detail":"K to Gr 6","sources":[{"source":"City of Edmonton Open Data","source_id":"data.edmonton.ca/996c-239n#7146"}]}},{"type":"Feature","geometry":{"type":"Point","coordinates":[-113.490586,53.544561]},"properties":{"name":"CCAC City-Centre (Catholic)","category":"school","source":"City of Edmonton Open Data","source_id":"data.edmonton.ca/gfxq-u8uu#2385","licence":"Open Government Licence - City of Edmonton","fetched_at":"2026-10-08","detail":"Grade 9 to Grade 12","sources":[{"source":"City of Edmonton Open Data","source_id":"data.edmonton.ca/gfxq-u8uu#2385"}]}},{"type":"Feature","geometry":{"type":"Point","coordinates":[-113.40203,53.601397]},"properties":{"name":"CCAC-Clareview (Catholic)","category":"school","source":"City of Edmonton Open Data","source_id":"data.edmonton.ca/gfxq-u8uu#2382","licence":"Open Government Licence - City of Edmonton","fetched_at":"2026-10-08","detail":"Grade 9 to Grade 12","sources":[{"source":"City of Edmonton Open Data","source_id":"data.edmonton.ca/gfxq-u8uu#2382"}]}},{"type":"Feature","geometry":{"type":"Point","coordinates":[-113.451808,53.473381]},"properties":{"name":"CCAC-Mill Woods (Catholic)","category":"school","source":"City of Edmonton Open Data","source_id":"data.edmonton.ca/gfxq-u8uu#2383","licence":"Open Government Licence - City of Edmonton","fetched_at":"2026-10-08","detail":"Grade 9 to Grade 12","sources":[{"source":"City of Edmonton Open Data","source_id":"data.edmonton.ca/gfxq-u8uu#2383"}]}},{"type":"Feature","geometry":{"type":"Point","coordinates":[-113.555192,53.567608]},"properties":{"name":"CCAC-Westmount (Catholic)","category":"school","source":"City of Edmonton Open Data","source_id":"data.edmonton.ca/gfxq-u8uu#2384","licence":"Open Government Licence - City of Edmonton","fetched_at":"2026-10-08","detail":"Grade 9 to Grade 12","sources":[{"source":"City of Edmonton Open Data","source_id":"data.edmonton.ca/gfxq-u8uu#2384"}]}},{"type":"Feature","geometry":{"type":"Point","coordinates":[-113.526558,53.610392]},"properties":{"name":"Caernarvon (EPSB)","category":"school","source":"City of Edmonton Open Data","source_id":"data.edmonton.ca/996c-239n#7225","licence":"Open Government Licence - City of Edmonton","fetched_at":"2026-10-08","detail":"K to Gr 6","sources":[{"source":"City of Edmonton Open Data","source_id":"data.edmonton.ca/996c-239n#7225"}]}},{"type":"Feature","geometry":{"type":"Point","coordinates":[-113.525621,53.589041]},"properties":{"name":"Calder (EPSB)","category":"school","source":"City of Edmonton Open Data","source_id":"data.edmonton.ca/996c-239n#7113","licence":"Open Government Licence - City of Edmonton","fetched_at":"2026-10-08","detail":"K to Gr 6","sources":[{"source":"City of Edmonton Open Data","source_id":"data.edmonton.ca/996c-239n#7113"}]}},{"type":"Feature","geometry":{"type":"Point","coordinates":[-113.622907,53.508527]},"properties":{"name":"Callingwood (EPSB)","category":"school","source":"City of Edmonton Open Data","source_id":"data.edmonton.ca/996c-239n#7237","licence":"Open Government Licence - City of Edmonton","fetched_at":"2026-10-08","detail":"K to Gr 6","sources":[{"source":"City of Edmonton Open Data","source_id":"data.edmonton.ca/996c-239n#7237"}]}},{"type":"Feature","geometry":{"type":"Point","coordinates":[-113.476308,53.606559]},"properties":{"name":"Cardinal Leger (Catholic)","category":"school","source":"City of Edmonton Open Data","source_id":"data.edmonton.ca/gfxq-u8uu#8287","licence":"Open Government Licence - City of Edmonton","fetched_at":"2026-10-08","detail":"Grade 7 to Grade 9","sources":[{"source":"City of Edmonton Open Data","source_id":"data.edmonton.ca/gfxq-u8uu#8287"}]}},{"type":"Feature","geometry":{"type":"Point","coordinates":[-113.624607,53.493591]},"properties":{"name":"Centennial (EPSB)","category":"school","source":"City of Edmonton Open Data","source_id":"data.edmonton.ca/996c-239n#7260","licence":"Open Government Licence - City of Edmonton","fetched_at":"2026-10-08","detail":"K to Gr 6","sources":[{"source":"City of Edmonton Open Data","source_id":"data.edmonton.ca/996c-239n#7260"}]}},{"type":"Feature","geometry":{"type":"Point","coordinates":[-113.492213,53.539701]},"properties":{"name":"Centre High (EPSB)","category":"school","source":"City of Edmonton Open Data","source_id":"data.edmonton.ca/996c-239n#0017","licence":"Open Government Licence - City of Edmonton","fetched_at":"2026-10-08","detail":"Gr 10 to 12","sources":[{"source":"City of Edmonton Open Data","source_id":"data.edmonton.ca/996c-239n#0017"}]}},{"type":"Feature","geometry":{"type":"Point","coordinates":[-113.42364,53.632646]},"properties":{"name":"Christ the King (Catholic)","category":"school","source":"City of Edmonton Open Data","source_id":"data.edmonton.ca/gfxq-u8uu#1972","licence":"Open Government Licence - City of Edmonton","fetched_at":"2026-10-08","detail":"Grade 1 to Grade 9","sources":[{"source":"City of Edmonton Open Data","source_id":"data.edmonton.ca/gfxq-u8uu#1972"}]}},{"type":"Feature","geometry":{"type":"Point","coordinates":[-113.435489,53.531013]},"properties":{"name":"Clara Tyner (EPSB)","category":"school","source":"City of Edmonton Open Data","source_id":"data.edmonton.ca/996c-239n#7193","licence":"Open Government Licence - City of Edmonton","fetched_at":"2026-10-08","detail":"K to Gr 6","sources":[{"source":"City of Edmonton Open Data","source_id":"data.edmonton.ca/996c-239n#7193"}]}},{"type":"Feature","geometry":{"type":"Point","coordinates":[-113.617166,53.439598]},"properties":{"name":"Const Daniel Woodall (EPSB)","category":"school","source":"City of Edmonton Open Data","source_id":"data.edmonton.ca/996c-239n#1924","licence":"Open Government Licence - City of Edmonton","fetched_at":"2026-10-08","detail":"K to Gr 6","sources":[{"source":"City of Edmonton Open Data","source_id":"data.edmonton.ca/996c-239n#1924"}]}},{"type":"Feature","geometry":{"type":"Point","coordinates":[-113.56059,53.555079]},"properties":{"name":"Coronation (EPSB)","category":"school","source":"City of Edmonton Open Data","source_id":"data.edmonton.ca/996c-239n#7115","licence":"Open Government Licence - City of Edmonton","fetched_at":"2026-10-08","detail":"K to Gr 6","sources":[{"source":"City of Edmonton Open Data","source_id":"data.edmonton.ca/996c-239n#7115"}]}},{"type":"Feature","geometry":{"type":"Point","coordinates":[-113.429453,53.420362]},"properties":{"name":"Corpus Christi (Catholic)","category":"school","source":"City of Edmonton Open Data","source_id":"data.edmonton.ca/gfxq-u8uu#1973","licence":"Open Government Licence - City of Edmonton","fetched_at":"2026-10-08","detail":"Kindergarten to Grade 9","sources":[{"source":"City of Edmonton Open Data","source_id":"data.edmonton.ca/gfxq-u8uu#1973"}]}},{"type":"Feature","geometry":{"type":"Point","coordinates":[-113.405561,53.440893]},"properties":{"name":"Crawford Plains (EPSB)","category":"school","source":"City of Edmonton Open Data","source_id":"data.edmonton.ca/996c-239n#7263","licence":"Open Government Licence - City of Edmonton","fetched_at":"2026-10-08","detail":"K to Gr 6","sources":[{"source":"City of Edmonton Open Data","source_id":"data.edmonton.ca/996c-239n#7263"}]}},{"type":"Feature","geometry":{"type":"Point","coordinates":[-113.570398,53.534938]},"properties":{"name":"Crestwood (EPSB)","category":"school","source":"City of Edmonton Open Data","source_id":"data.edmonton.ca/996c-239n#7503","licence":"Open Government Licence - City of Edmonton","fetched_at":"2026-10-08","detail":"K to Gr 9","sources":[{"source":"City of Edmonton Open Data","source_id":"data.edmonton.ca/996c-239n#7503"}]}},{"type":"Feature","geometry":{"type":"Point","coordinates":[-113.506173,53.475843]},"properties":{"name":"D. S. MacKenzie (EPSB)","category":"school","source":"City of Edmonton Open Data","source_id":"data.edmonton.ca/996c-239n#7522","licence":"Open Government Licence - City of Edmonton","fetched_at":"2026-10-08","detail":"Gr 7 to 9","sources":[{"source":"City of Edmonton Open Data","source_id":"data.edmonton.ca/996c-239n#7522"}]}},{"type":"Feature","geometry":{"type":"Point","coordinates":[-113.400501,53.449978]},"properties":{"name":"Daly Grove (EPSB)","category":"school","source":"City of Edmonton Open Data","source_id":"data.edmonton.ca/996c-239n#7264","licence":"Open Government Licence - City of Edmonton","fetched_at":"2026-10-08","detail":"K to Gr 6","sources":[{"source":"City of Edmonton Open Data","source_id":"data.edmonton.ca/996c-239n#7264"}]}},{"type":"Feature","geometry":{"type":"Point","coordinates":[-113.706636,53.536502]},"properties":{"name":"David Thomas King (EPSB)","category":"school","source":"City of Edmonton Open Data","source_id":"data.edmonton.ca/996c-239n#1930","licence":"Open Government Licence - City of Edmonton","fetched_at":"2026-10-08","detail":"K to Gr 9","sources":[{"source":"City of Edmonton Open Data","source_id":"data.edmonton.ca/996c-239n#1930"}]}},{"type":"Feature","geometry":{"type":"Point","coordinates":[-113.478447,53.575869]},"properties":{"name":"Delton (EPSB)","category":"school","source":"City of Edmonton Open Data","source_id":"data.edmonton.ca/996c-239n#7118","licence":"Open Government Licence - City of Edmonton","fetched_at":"2026-10-08","detail":"K to Gr 6","sources":[{"source":"City of Edmonton Open Data","source_id":"data.edmonton.ca/996c-239n#7118"}]}},{"type":"Feature","geometry":{"type":"Point","coordinates":[-113.45544,53.5964]},"properties":{"name":"Delwood (EPSB)","category":"school","source":"City of Edmonton Open Data","source_id":"data.edmonton.ca/996c-239n#7194","licence":"Open Government Licence - City of Edmonton","fetched_at":"2026-10-08","detail":"K to Gr 6","sources":[{"source":"City of Edmonton Open Data","source_id":"data.edmonton.ca/996c-239n#7194"}]}},{"type":"Feature","geometry":{"type":"Point","coordinates":[-113.477307,53.605348]},"properties":{"name":"Dickinsfield (EPSB)","category":"school","source":"City of Edmonton Open Data","source_id":"data.edmonton.ca/996c-239n#7559","licence":"Open Government Licence - City of Edmonton","fetched_at":"2026-10-08","detail":"Gr 7 to 9","sources":[{"source":"City of Edmonton Open Data","source_id":"data.edmonton.ca/996c-239n#7559"}]}},{"type":"Feature","geometry":{"type":"Point","coordinates":[-113.452394,53.404645]},"properties":{"name":"Divine Mercy (Catholic)","category":"school","source":"City of Edmonton Open Data","source_id":"data.edmonton.ca/gfxq-u8uu#2266","licence":"Open Government Licence - City of Edmonton","fetched_at":"2026-10-08","detail":"Kindergarten to Grade 6","sources":[{"source":"City of Edmonton Open Data","source_id":"data.edmonton.ca/gfxq-u8uu#2266"}]}},{"type":"Feature","geometry":{"type":"Point","coordinates":[-113.585375,53.402423]},"properties":{"name":"Donald R. Getty (EPSB)","category":"school","source":"City of Edmonton Open Data","source_id":"data.edmonton.ca/996c-239n#1950","licence":"Open Government Licence - City of Edmonton","fetched_at":"2026-10-08","detail":"K to Gr 9","sources":[{"source":"City of Edmonton Open Data","source_id":"data.edmonton.ca/996c-239n#1950"}]}},{"type":"Feature","geometry":{"type":"Point","coordinates":[-113.460583,53.514439]},"properties":{"name":"Donnan (EPSB)","category":"school","source":"City of Edmonton Open Data","source_id":"data.edmonton.ca/996c-239n#7505","licence":"Open Government Licence - City of Edmonton","fetched_at":"2026-10-08","detail":"K to Gr 6","sources":[{"source":"City of Edmonton Open Data","source_id":"data.edmonton.ca/996c-239n#7505"}]}},{"type":"Feature","geometry":{"type":"Point","coordinates":[-113.561649,53.573711]},"properties":{"name":"Dovercourt (EPSB)","category":"school","source":"City of Edmonton Open Data","source_id":"data.edmonton.ca/996c-239n#7121","licence":"Open Government Licence - City of Edmonton","fetched_at":"2026-10-08","detail":"K to Gr 6","sources":[{"source":"City of Edmonton Open Data","source_id":"data.edmonton.ca/996c-239n#7121"}]}},{"type":"Feature","geometry":{"type":"Point","coordinates":[-113.54368,53.402138]},"properties":{"name":"Dr. Anne Anderson (EPSB)","category":"school","source":"City of Edmonton Open Data","source_id":"data.edmonton.ca/996c-239n#2249","licence":"Open Government Licence - City of Edmonton","fetched_at":"2026-10-08","detail":"Gr 10 to 12","sources":[{"source":"City of Edmonton Open Data","source_id":"data.edmonton.ca/996c-239n#2249"}]}},{"type":"Feature","geometry":{"type":"Point","coordinates":[-113.421341,53.62312]},"properties":{"name":"Dr. Donald Massey (EPSB)","category":"school","source":"City of Edmonton Open Data","source_id":"data.edmonton.ca/996c-239n#1456","licence":"Open Government Licence - City of Edmonton","fetched_at":"2026-10-08","detail":"K to Gr 9","sources":[{"source":"City of Edmonton Open Data","source_id":"data.edmonton.ca/996c-239n#1456"}]}},{"type":"Feature","geometry":{"type":"Point","coordinates":[-113.535307,53.399407]},"properties":{"name":"Dr. Lila Fahlman (EPSB)","category":"school","source":"City of Edmonton Open Data","source_id":"data.edmonton.ca/996c-239n#1926","licence":"Open Government Licence - City of Edmonton","fetched_at":"2026-10-08","detail":"K to Gr 9","sources":[{"source":"City of Edmonton Open Data","source_id":"data.edmonton.ca/996c-239n#1926"}]}},{"type":"Feature","geometry":{"type":"Point","coordinates":[-113.604206,53.427313]},"properties":{"name":"Dr. M. A. Armour (EPSB)","category":"school","source":"City of Edmonton Open Data","source_id":"data.edmonton.ca/996c-239n#1934","licence":"Open Government Licence - City of Edmonton","fetched_at":"2026-10-08","detail":"K to Gr 9","sources":[{"source":"City of Edmonton Open Data","source_id":"data.edmonton.ca/996c-239n#1934"}]}},{"type":"Feature","geometry":{"type":"Point","coordinates":[-113.505272,53.471574]},"properties":{"name":"Duggan (EPSB)","category":"school","source":"City of Edmonton Open Data","source_id":"data.edmonton.ca/996c-239n#7218","licence":"Open Government Licence - City of Edmonton","fetched_at":"2026-10-08","detail":"K to Gr 6","sources":[{"source":"City of Edmonton Open Data","source_id":"data.edmonton.ca/996c-239n#7218"}]}},{"type":"Feature","geometry":{"type":"Point","coordinates":[-113.527402,53.622195]},"properties":{"name":"Dunluce (EPSB)","category":"school","source":"City of Edmonton Open Data","source_id":"data.edmonton.ca/996c-239n#7246","licence":"Open Government Licence - City of Edmonton","fetched_at":"2026-10-08","detail":"K to Gr 6","sources":[{"source":"City of Edmonton Open Data","source_id":"data.edmonton.ca/996c-239n#7246"}]}},{"type":"Feature","geometry":{"type":"Point","coordinates":[-113.582672,53.473926]},"properties":{"name":"Earl Buxton (EPSB)","category":"school","source":"City of Edmonton Open Data","source_id":"data.edmonton.ca/996c-239n#7278","licence":"Open Government Licence - City of Edmonton","fetched_at":"2026-10-08","detail":"K to Gr 6","sources":[{"source":"City of Edmonton Open Data","source_id":"data.edmonton.ca/996c-239n#7278"}]}},{"type":"Feature","geometry":{"type":"Point","coordinates":[-113.446042,53.567954]},"properties":{"name":"Eastglen (EPSB)","category":"school","source":"City of Edmonton Open Data","source_id":"data.edmonton.ca/996c-239n#7051","licence":"Open Government Licence - City of Edmonton","fetched_at":"2026-10-08","detail":"Gr 10 to 12","sources":[{"source":"City of Edmonton Open Data","source_id":"data.edmonton.ca/996c-239n#7051"}]}},{"type":"Feature","geometry":{"type":"Point","coordinates":[-113.456186,53.474114]},"properties":{"name":"Edith Rogers (EPSB)","category":"school","source":"City of Edmonton Open Data","source_id":"data.edmonton.ca/996c-239n#7561","licence":"Open Government Licence - City of Edmonton","fetched_at":"2026-10-08","detail":"Gr 7 to 9","sources":[{"source":"City of Edmonton Open Data","source_id":"data.edmonton.ca/996c-239n#7561"}]}},{"type":"Feature","geometry":{"type":"Point","coordinates":[-113.56833,53.554807]},"properties":{"name":"Edm Christian High (EPSB)","category":"school","source":"City of Edmonton Open Data","source_id":"data.edmonton.ca/996c-239n#7905","licence":"Open Government Licence - City of Edmonton","fetched_at":"2026-10-08","detail":"Gr 10 to 12","sources":[{"source":"City of Edmonton Open Data","source_id":"data.edmonton.ca/996c-239n#7905"}]}},{"type":"Feature","geometry":{"type":"Point","coordinates":[-113.431814,53.620162]},"properties":{"name":"Edm Christian NE (EPSB)","category":"school","source":"City of Edmonton Open Data","source_id":"data.edmonton.ca/996c-239n#1282","licence":"Open Government Licence - City of Edmonton","fetched_at":"2026-10-08","detail":"K to Gr 9","sources":[{"source":"City of Edmonton Open Data","source_id":"data.edmonton.ca/996c-239n#1282"}]}},{"type":"Feature","geometry":{"type":"Point","coordinates":[-113.568802,53.555562]},"properties":{"name":"Edm Christian West (EPSB)","category":"school","source":"City of Edmonton Open Data","source_id":"data.edmonton.ca/996c-239n#1283","licence":"Open Government Licence - City of Edmonton","fetched_at":"2026-10-08","detail":"K to Gr 9","sources":[{"source":"City of Edmonton Open Data","source_id":"data.edmonton.ca/996c-239n#1283"}]}},{"type":"Feature","geometry":{"type":"Point","coordinates":[-113.440981,53.449177]},"properties":{"name":"Ekota (EPSB)","category":"school","source":"City of Edmonton Open Data","source_id":"data.edmonton.ca/996c-239n#7233","licence":"Open Government Licence - City of Edmonton","fetched_at":"2026-10-08","detail":"K to Gr 6","sources":[{"source":"City of Edmonton Open Data","source_id":"data.edmonton.ca/996c-239n#7233"}]}},{"type":"Feature","geometry":{"type":"Point","coordinates":[-113.370508,53.455516]},"properties":{"name":"Elder Dr. Francis Whiskeyjack (EPSB)","category":"school","source":"City of Edmonton Open Data","source_id":"data.edmonton.ca/996c-239n#2566","licence":"Open Government Licence - City of Edmonton","fetched_at":"2026-10-08","detail":"Gr 10 to 12","sources":[{"source":"City of Edmonton Open Data","source_id":"data.edmonton.ca/996c-239n#2566"}]}},{"type":"Feature","geometry":{"type":"Point","coordinates":[-113.559863,53.620868]},"properties":{"name":"Elizabeth Finch (EPSB)","category":"school","source":"City of Edmonton Open Data","source_id":"data.edmonton.ca/996c-239n#1459","licence":"Open Government Licence - City of Edmonton","fetched_at":"2026-10-08","detail":"K to Gr 9","sources":[{"source":"City of Edmonton Open Data","source_id":"data.edmonton.ca/996c-239n#1459"}]}},{"type":"Feature","geometry":{"type":"Point","coordinates":[-113.4415,53.427799]},"properties":{"name":"Ellerslie Campus (EPSB)","category":"school","source":"City of Edmonton Open Data","source_id":"data.edmonton.ca/996c-239n#7565","licence":"Open Government Licence - City of Edmonton","fetched_at":"2026-10-08","detail":"K to Gr 9","sources":[{"source":"City of Edmonton Open Data","source_id":"data.edmonton.ca/996c-239n#7565"}]}},{"type":"Feature","geometry":{"type":"Point","coordinates":[-113.441383,53.425463]},"properties":{"name":"Ellerslie Campus South (EPSB)","category":"school","source":"City of Edmonton Open Data","source_id":"data.edmonton.ca/996c-239n#","licence":"Open Government Licence - City of Edmonton","fetched_at":"2026-10-08","detail":"K to Gr 3","sources":[{"source":"City of Edmonton Open Data","source_id":"data.edmonton.ca/996c-239n#"}]}},{"type":"Feature","geometry":{"type":"Point","coordinates":[-113.604608,53.516362]},"properties":{"name":"Elmwood (EPSB)","category":"school","source":"City of Edmonton Open Data","source_id":"data.edmonton.ca/996c-239n#7204","licence":"Open Government Licence - City of Edmonton","fetched_at":"2026-10-08","detail":"K to Gr 6","sources":[{"source":"City of Edmonton Open Data","source_id":"data.edmonton.ca/996c-239n#7204"}]}},{"type":"Feature","geometry":{"type":"Point","coordinates":[-113.574082,53.446197]},"properties":{"name":"Esther Starkman (EPSB)","category":"school","source":"City of Edmonton Open Data","source_id":"data.edmonton.ca/996c-239n#1460","licence":"Open Government Licence - City of Edmonton","fetched_at":"2026-10-08","detail":"K to Gr 9","sources":[{"source":"City of Edmonton Open Data","source_id":"data.edmonton.ca/996c-239n#1460"}]}},{"type":"Feature","geometry":{"type":"Point","coordinates":[-113.484427,53.610632]},"properties":{"name":"Evansdale (EPSB)","category":"school","source":"City of Edmonton Open Data","source_id":"data.edmonton.ca/996c-239n#7215","licence":"Open Government Licence - City of Edmonton","fetched_at":"2026-10-08","detail":"K to Gr 6","sources":[{"source":"City of Edmonton Open Data","source_id":"data.edmonton.ca/996c-239n#7215"}]}},{"type":"Feature","geometry":{"type":"Point","coordinates":[-113.456006,53.607603]},"properties":{"name":"Father Leo Green (Catholic)","category":"school","source":"City of Edmonton Open Data","source_id":"data.edmonton.ca/gfxq-u8uu#8003","licence":"Open Government Licence - City of Edmonton","fetched_at":"2026-10-08","detail":"Kindergarten to Grade 6","sources":[{"source":"City of Edmonton Open Data","source_id":"data.edmonton.ca/gfxq-u8uu#8003"}]}},{"type":"Feature","geometry":{"type":"Point","coordinates":[-113.550537,53.406479]},"properties":{"name":"Father Michael McCaffery (Catholic)","category":"school","source":"City of Edmonton Open Data","source_id":"data.edmonton.ca/gfxq-u8uu#2436","licence":"Open Government Licence - City of Edmonton","fetched_at":"2026-10-08","detail":"Grade 9 to Grade 12","sources":[{"source":"City of Edmonton Open Data","source_id":"data.edmonton.ca/gfxq-u8uu#2436"}]}},{"type":"Feature","geometry":{"type":"Point","coordinates":[-113.463535,53.420272]},"properties":{"name":"Father Michael Mireau (Catholic)","category":"school","source":"City of Edmonton Open Data","source_id":"data.edmonton.ca/gfxq-u8uu#1968","licence":"Open Government Licence - City of Edmonton","fetched_at":"2026-10-08","detail":"Kindergarten to Grade 9","sources":[{"source":"City of Edmonton Open Data","source_id":"data.edmonton.ca/gfxq-u8uu#1968"}]}},{"type":"Feature","geometry":{"type":"Point","coordinates":[-113.377687,53.472175]},"properties":{"name":"Father Michael Troy (Catholic)","category":"school","source":"City of Edmonton Open Data","source_id":"data.edmonton.ca/gfxq-u8uu#8025","licence":"Open Government Licence - City of Edmonton","fetched_at":"2026-10-08","detail":"Grade 7 to Grade 9","sources":[{"source":"City of Edmonton Open Data","source_id":"data.edmonton.ca/gfxq-u8uu#8025"}]}},{"type":"Feature","geometry":{"type":"Point","coordinates":[-113.474673,53.626994]},"properties":{"name":"Florence Hallock (EPSB)","category":"school","source":"City of Edmonton Open Data","source_id":"data.edmonton.ca/996c-239n#1457","licence":"Open Government Licence - City of Edmonton","fetched_at":"2026-10-08","detail":"K to Gr 9","sources":[{"source":"City of Edmonton Open Data","source_id":"data.edmonton.ca/996c-239n#1457"}]}},{"type":"Feature","geometry":{"type":"Point","coordinates":[-113.453027,53.544724]},"properties":{"name":"Forest Heights (EPSB)","category":"school","source":"City of Edmonton Open Data","source_id":"data.edmonton.ca/996c-239n#7123","licence":"Open Government Licence - City of Edmonton","fetched_at":"2026-10-08","detail":"K to Gr 6","sources":[{"source":"City of Edmonton Open Data","source_id":"data.edmonton.ca/996c-239n#7123"}]}},{"type":"Feature","geometry":{"type":"Point","coordinates":[-113.372604,53.611908]},"properties":{"name":"Fraser (EPSB)","category":"school","source":"City of Edmonton Open Data","source_id":"data.edmonton.ca/996c-239n#7273","licence":"Open Government Licence - City of Edmonton","fetched_at":"2026-10-08","detail":"K to Gr 6","sources":[{"source":"City of Edmonton Open Data","source_id":"data.edmonton.ca/996c-239n#7273"}]}},{"type":"Feature","geometry":{"type":"Point","coordinates":[-113.449081,53.459734]},"properties":{"name":"Frere Antoine (Catholic)","category":"school","source":"City of Edmonton Open Data","source_id":"data.edmonton.ca/gfxq-u8uu#8236","licence":"Open Government Licence - City of Edmonton","fetched_at":"2026-10-08","detail":"Kindergarten to Grade 6","sources":[{"source":"City of Edmonton Open Data","source_id":"data.edmonton.ca/gfxq-u8uu#8236"}]}},{"type":"Feature","geometry":{"type":"Point","coordinates":[-113.513379,53.522554]},"properties":{"name":"Garneau (EPSB)","category":"school","source":"City of Edmonton Open Data","source_id":"data.edmonton.ca/996c-239n#7509","licence":"Open Government Licence - City of Edmonton","fetched_at":"2026-10-08","detail":"K to Gr 6","sources":[{"source":"City of Edmonton Open Data","source_id":"data.edmonton.ca/996c-239n#7509"}]}},{"type":"Feature","geometry":{"type":"Point","coordinates":[-113.561986,53.404391]},"properties":{"name":"Garth Worthington (EPSB)","category":"school","source":"City of Edmonton Open Data","source_id":"data.edmonton.ca/996c-239n#2275","licence":"Open Government Licence - City of Edmonton","fetched_at":"2026-10-08","detail":"K to Gr 9","sources":[{"source":"City of Edmonton Open Data","source_id":"data.edmonton.ca/996c-239n#2275"}]}},{"type":"Feature","geometry":{"type":"Point","coordinates":[-113.572261,53.473836]},"properties":{"name":"George H. Luck (EPSB)","category":"school","source":"City of Edmonton Open Data","source_id":"data.edmonton.ca/996c-239n#7279","licence":"Open Government Licence - City of Edmonton","fetched_at":"2026-10-08","detail":"K to Gr 6","sources":[{"source":"City of Edmonton Open Data","source_id":"data.edmonton.ca/996c-239n#7279"}]}},{"type":"Feature","geometry":{"type":"Point","coordinates":[-113.525377,53.44267]},"properties":{"name":"George P. Nicholson (EPSB)","category":"school","source":"City of Edmonton Open Data","source_id":"data.edmonton.ca/996c-239n#1004","licence":"Open Government Licence - City of Edmonton","fetched_at":"2026-10-08","detail":"K to Gr 6","sources":[{"source":"City of Edmonton Open Data","source_id":"data.edmonton.ca/996c-239n#1004"}]}},{"type":"Feature","geometry":{"type":"Point","coordinates":[-113.484241,53.596297]},"properties":{"name":"Glengarry (EPSB)","category":"school","source":"City of Edmonton Open Data","source_id":"data.edmonton.ca/996c-239n#7184","licence":"Open Government Licence - City of Edmonton","fetched_at":"2026-10-08","detail":"K to Gr 6","sources":[{"source":"City of Edmonton Open Data","source_id":"data.edmonton.ca/996c-239n#7184"}]}},{"type":"Feature","geometry":{"type":"Point","coordinates":[-113.555504,53.544166]},"properties":{"name":"Glenora (EPSB)","category":"school","source":"City of Edmonton Open Data","source_id":"data.edmonton.ca/996c-239n#7126","licence":"Open Government Licence - City of Edmonton","fetched_at":"2026-10-08","detail":"K to Gr 6","sources":[{"source":"City of Edmonton Open Data","source_id":"data.edmonton.ca/996c-239n#7126"}]}},{"type":"Feature","geometry":{"type":"Point","coordinates":[-113.496433,53.559312]},"properties":{"name":"Glenrose Hospital (EPSB)","category":"school","source":"City of Edmonton Open Data","source_id":"data.edmonton.ca/996c-239n#7701","licence":"Open Government Licence - City of Edmonton","fetched_at":"2026-10-08","detail":"K to Gr 12","sources":[{"source":"City of Edmonton Open Data","source_id":"data.edmonton.ca/996c-239n#7701"}]}},{"type":"Feature","geometry":{"type":"Point","coordinates":[-113.413439,53.54953]},"properties":{"name":"Gold Bar (EPSB)","category":"school","source":"City of Edmonton Open Data","source_id":"data.edmonton.ca/996c-239n#7127","licence":"Open Government Licence - City of Edmonton","fetched_at":"2026-10-08","detail":"K to Gr 6","sources":[{"source":"City of Edmonton Open Data","source_id":"data.edmonton.ca/996c-239n#7127"}]}},{"type":"Feature","geometry":{"type":"Point","coordinates":[-113.635743,53.491567]},"properties":{"name":"Good Shepherd (Catholic)","category":"school","source":"City of Edmonton Open Data","source_id":"data.edmonton.ca/gfxq-u8uu#8061","licence":"Open Government Licence - City of Edmonton","fetched_at":"2026-10-08","detail":"Kindergarten to Grade 6","sources":[{"source":"City of Edmonton Open Data","source_id":"data.edmonton.ca/gfxq-u8uu#8061"}]}},{"type":"Feature","geometry":{"type":"Point","coordinates":[-113.456734,53.469472]},"properties":{"name":"Grace Martin (EPSB)","category":"school","source":"City of Edmonton Open Data","source_id":"data.edmonton.ca/996c-239n#7220","licence":"Open Government Licence - City of Edmonton","fetched_at":"2026-10-08","detail":"K to Gr 6","sources":[{"source":"City of Edmonton Open Data","source_id":"data.edmonton.ca/996c-239n#7220"}]}},{"type":"Feature","geometry":{"type":"Point","coordinates":[-113.546776,53.499538]},"properties":{"name":"Grandview Heights (EPSB)","category":"school","source":"City of Edmonton Open Data","source_id":"data.edmonton.ca/996c-239n#7128","licence":"Open Government Licence - City of Edmonton","fetched_at":"2026-10-08","detail":"Gr 1 to 9","sources":[{"source":"City of Edmonton Open Data","source_id":"data.edmonton.ca/996c-239n#7128"}]}},{"type":"Feature","geometry":{"type":"Point","coordinates":[-113.526957,53.472483]},"properties":{"name":"Greenfield (EPSB)","category":"school","source":"City of Edmonton Open Data","source_id":"data.edmonton.ca/996c-239n#7178","licence":"Open Government Licence - City of Edmonton","fetched_at":"2026-10-08","detail":"K to Gr 6","sources":[{"source":"City of Edmonton Open Data","source_id":"data.edmonton.ca/996c-239n#7178"}]}},{"type":"Feature","geometry":{"type":"Point","coordinates":[-113.42779,53.473837]},"properties":{"name":"Greenview (EPSB)","category":"school","source":"City of Edmonton Open Data","source_id":"data.edmonton.ca/996c-239n#7250","licence":"Open Government Licence - City of Edmonton","fetched_at":"2026-10-08","detail":"K to Gr 6","sources":[{"source":"City of Edmonton Open Data","source_id":"data.edmonton.ca/996c-239n#7250"}]}},{"type":"Feature","geometry":{"type":"Point","coordinates":[-113.568534,53.544996]},"properties":{"name":"Grovenor (EPSB)","category":"school","source":"City of Edmonton Open Data","source_id":"data.edmonton.ca/996c-239n#7129","licence":"Open Government Licence - City of Edmonton","fetched_at":"2026-10-08","detail":"K to Gr 6","sources":[{"source":"City of Edmonton Open Data","source_id":"data.edmonton.ca/996c-239n#7129"}]}},{"type":"Feature","geometry":{"type":"Point","coordinates":[-113.608714,53.515595]},"properties":{"name":"H.E. Beriault (Catholic)","category":"school","source":"City of Edmonton Open Data","source_id":"data.edmonton.ca/gfxq-u8uu#8004","licence":"Open Government Licence - City of Edmonton","fetched_at":"2026-10-08","detail":"Grade 7 to Grade 9","sources":[{"source":"City of Edmonton Open Data","source_id":"data.edmonton.ca/gfxq-u8uu#8004"}]}},{"type":"Feature","geometry":{"type":"Point","coordinates":[-113.428834,53.548227]},"properties":{"name":"Hardisty (EPSB)","category":"school","source":"City of Edmonton Open Data","source_id":"data.edmonton.ca/996c-239n#7512","licence":"Open Government Licence - City of Edmonton","fetched_at":"2026-10-08","detail":"K to Gr 9","sources":[{"source":"City of Edmonton Open Data","source_id":"data.edmonton.ca/996c-239n#7512"}]}},{"type":"Feature","geometry":{"type":"Point","coordinates":[-113.518242,53.479514]},"properties":{"name":"Harry Ainlay (EPSB)","category":"school","source":"City of Edmonton Open Data","source_id":"data.edmonton.ca/996c-239n#7059","licence":"Open Government Licence - City of Edmonton","fetched_at":"2026-10-08","detail":"Gr 10 to 12","sources":[{"source":"City of Edmonton Open Data","source_id":"data.edmonton.ca/996c-239n#7059"}]}},{"type":"Feature","geometry":{"type":"Point","coordinates":[-113.478427,53.504049]},"properties":{"name":"Hazeldean (EPSB)","category":"school","source":"City of Edmonton Open Data","source_id":"data.edmonton.ca/996c-239n#7132","licence":"Open Government Licence - City of Edmonton","fetched_at":"2026-10-08","detail":"K to Gr 6","sources":[{"source":"City of Edmonton Open Data","source_id":"data.edmonton.ca/996c-239n#7132"}]}},{"type":"Feature","geometry":{"type":"Point","coordinates":[-113.435188,53.56977]},"properties":{"name":"Highlands (EPSB)","category":"school","source":"City of Edmonton Open Data","source_id":"data.edmonton.ca/996c-239n#7513","licence":"Open Government Licence - City of Edmonton","fetched_at":"2026-10-08","detail":"K to Gr 9","sources":[{"source":"City of Edmonton Open Data","source_id":"data.edmonton.ca/996c-239n#7513"}]}},{"type":"Feature","geometry":{"type":"Point","coordinates":[-113.604327,53.514285]},"properties":{"name":"Hillcrest (EPSB)","category":"school","source":"City of Edmonton Open Data","source_id":"data.edmonton.ca/996c-239n#7552","licence":"Open Government Licence - City of Edmonton","fetched_at":"2026-10-08","detail":"Gr 7 to 9","sources":[{"source":"City of Edmonton Open Data","source_id":"data.edmonton.ca/996c-239n#7552"}]}},{"type":"Feature","geometry":{"type":"Point","coordinates":[-113.427996,53.46783]},"properties":{"name":"Hillview (EPSB)","category":"school","source":"City of Edmonton Open Data","source_id":"data.edmonton.ca/996c-239n#7255","licence":"Open Government Licence - City of Edmonton","fetched_at":"2026-10-08","detail":"K to Gr 6","sources":[{"source":"City of Edmonton Open Data","source_id":"data.edmonton.ca/996c-239n#7255"}]}},{"type":"Feature","geometry":{"type":"Point","coordinates":[-113.559095,53.607761]},"properties":{"name":"Hilwie Hamdon (EPSB)","category":"school","source":"City of Edmonton Open Data","source_id":"data.edmonton.ca/996c-239n#1931","licence":"Open Government Licence - City of Edmonton","fetched_at":"2026-10-08","detail":"K to Gr 9","sources":[{"source":"City of Edmonton Open Data","source_id":"data.edmonton.ca/996c-239n#1931"}]}},{"type":"Feature","geometry":{"type":"Point","coordinates":[-113.510801,53.536798]},"properties":{"name":"Holy Child (Catholic)","category":"school","source":"City of Edmonton Open Data","source_id":"data.edmonton.ca/gfxq-u8uu#8202","licence":"Open Government Licence - City of Edmonton","fetched_at":"2026-10-08","detail":"Kindergarten to Grade 6","sources":[{"source":"City of Edmonton Open Data","source_id":"data.edmonton.ca/gfxq-u8uu#8202"}]}},{"type":"Feature","geometry":{"type":"Point","coordinates":[-113.582331,53.546806]},"properties":{"name":"Holy Cross (Catholic)","category":"school","source":"City of Edmonton Open Data","source_id":"data.edmonton.ca/gfxq-u8uu#8203","licence":"Open Government Licence - City of Edmonton","fetched_at":"2026-10-08","detail":"Kindergarten to Grade 9","sources":[{"source":"City of Edmonton Open Data","source_id":"data.edmonton.ca/gfxq-u8uu#8203"}]}},{"type":"Feature","geometry":{"type":"Point","coordinates":[-113.403,53.446475]},"properties":{"name":"Holy Family (Catholic)","category":"school","source":"City of Edmonton Open Data","source_id":"data.edmonton.ca/gfxq-u8uu#8234","licence":"Open Government Licence - City of Edmonton","fetched_at":"2026-10-08","detail":"Kindergarten to Grade 9","sources":[{"source":"City of Edmonton Open Data","source_id":"data.edmonton.ca/gfxq-u8uu#8234"}]}},{"type":"Feature","geometry":{"type":"Point","coordinates":[-113.44285,53.457223]},"properties":{"name":"Holy Trinity (Catholic)","category":"school","source":"City of Edmonton Open Data","source_id":"data.edmonton.ca/gfxq-u8uu#8411","licence":"Open Government Licence - City of Edmonton","fetched_at":"2026-10-08","detail":"Grade 10 to Grade 12","sources":[{"source":"City of Edmonton Open Data","source_id":"data.edmonton.ca/gfxq-u8uu#8411"}]}},{"type":"Feature","geometry":{"type":"Point","coordinates":[-113.44912,53.53103]},"properties":{"name":"Holyrood (EPSB)","category":"school","source":"City of Edmonton Open Data","source_id":"data.edmonton.ca/996c-239n#7514","licence":"Open Government Licence - City of Edmonton","fetched_at":"2026-10-08","detail":"K to Gr 6","sources":[{"source":"City of Edmonton Open Data","source_id":"data.edmonton.ca/996c-239n#7514"}]}},{"type":"Feature","geometry":{"type":"Point","coordinates":[-113.411583,53.587227]},"properties":{"name":"Homesteader (EPSB)","category":"school","source":"City of Edmonton Open Data","source_id":"data.edmonton.ca/996c-239n#7240","licence":"Open Government Licence - City of Edmonton","fetched_at":"2026-10-08","detail":"K to Gr 6","sources":[{"source":"City of Edmonton Open Data","source_id":"data.edmonton.ca/996c-239n#7240"}]}},{"type":"Feature","geometry":{"type":"Point","coordinates":[-113.343092,53.656671]},"properties":{"name":"Horse Hill (EPSB)","category":"school","source":"City of Edmonton Open Data","source_id":"data.edmonton.ca/996c-239n#7567","licence":"Open Government Licence - City of Edmonton","fetched_at":"2026-10-08","detail":"K to Gr 6","sources":[{"source":"City of Edmonton Open Data","source_id":"data.edmonton.ca/996c-239n#7567"}]}},{"type":"Feature","geometry":{"type":"Point","coordinates":[-113.540406,53.566019]},"properties":{"name":"Inglewood (EPSB)","category":"school","source":"City of Edmonton Open Data","source_id":"data.edmonton.ca/996c-239n#7136","licence":"Open Government Licence - City of Edmonton","fetched_at":"2026-10-08","detail":"K to Gr 6","sources":[{"source":"City of Edmonton Open Data","source_id":"data.edmonton.ca/996c-239n#7136"}]}},{"type":"Feature","geometry":{"type":"Point","coordinates":[-113.538913,53.648853]},"properties":{"name":"Institut Serv Schs (EPSB)","category":"school","source":"City of Edmonton Open Data","source_id":"data.edmonton.ca/996c-239n#7706","licence":"Open Government Licence - City of Edmonton","fetched_at":"2026-10-08","detail":"Gr 4 to 12","sources":[{"source":"City of Edmonton Open Data","source_id":"data.edmonton.ca/996c-239n#7706"}]}},{"type":"Feature","geometry":{"type":"Point","coordinates":[-113.390923,53.563558]},"properties":{"name":"Ivor Dent (EPSB)","category":"school","source":"City of Edmonton Open Data","source_id":"data.edmonton.ca/996c-239n#1951","licence":"Open Government Licence - City of Edmonton","fetched_at":"2026-10-08","detail":"K to Gr 9","sources":[{"source":"City of Edmonton Open Data","source_id":"data.edmonton.ca/996c-239n#1951"}]}},{"type":"Feature","geometry":{"type":"Point","coordinates":[-113.460533,53.611538]},"properties":{"name":"J. A. Fife (EPSB)","category":"school","source":"City of Edmonton Open Data","source_id":"data.edmonton.ca/996c-239n#7188","licence":"Open Government Licence - City of Edmonton","fetched_at":"2026-10-08","detail":"K to Gr 6","sources":[{"source":"City of Edmonton Open Data","source_id":"data.edmonton.ca/996c-239n#7188"}]}},{"type":"Feature","geometry":{"type":"Point","coordinates":[-113.446908,53.456129]},"properties":{"name":"J. Percy Page (EPSB)","category":"school","source":"City of Edmonton Open Data","source_id":"data.edmonton.ca/996c-239n#7075","licence":"Open Government Licence - City of Edmonton","fetched_at":"2026-10-08","detail":"Gr 10 to 12","sources":[{"source":"City of Edmonton Open Data","source_id":"data.edmonton.ca/996c-239n#7075"}]}},{"type":"Feature","geometry":{"type":"Point","coordinates":[-113.485382,53.507486]},"properties":{"name":"J.H. Picard (Catholic)","category":"school","source":"City of Edmonton Open Data","source_id":"data.edmonton.ca/gfxq-u8uu#8410","licence":"Open Government Licence - City of Edmonton","fetched_at":"2026-10-08","detail":"Kindergarten to Grade 12","sources":[{"source":"City of Edmonton Open Data","source_id":"data.edmonton.ca/gfxq-u8uu#8410"}]}},{"type":"Feature","geometry":{"type":"Point","coordinates":[-113.4364,53.605272]},"properties":{"name":"J.J. Bowlen (Catholic)","category":"school","source":"City of Edmonton Open Data","source_id":"data.edmonton.ca/gfxq-u8uu#8200","licence":"Open Government Licence - City of Edmonton","fetched_at":"2026-10-08","detail":"Grade 7 to Grade 9","sources":[{"source":"City of Edmonton Open Data","source_id":"data.edmonton.ca/gfxq-u8uu#8200"}]}},{"type":"Feature","geometry":{"type":"Point","coordinates":[-113.408923,53.483395]},"properties":{"name":"Jackson Heights (EPSB)","category":"school","source":"City of Edmonton Open Data","source_id":"data.edmonton.ca/996c-239n#1003","licence":"Open Government Licence - City of Edmonton","fetched_at":"2026-10-08","detail":"K to Gr 6","sources":[{"source":"City of Edmonton Open Data","source_id":"data.edmonton.ca/996c-239n#1003"}]}},{"type":"Feature","geometry":{"type":"Point","coordinates":[-113.584566,53.522623]},"properties":{"name":"James Gibbons (EPSB)","category":"school","source":"City of Edmonton Open Data","source_id":"data.edmonton.ca/996c-239n#7207","licence":"Open Government Licence - City of Edmonton","fetched_at":"2026-10-08","detail":"K to Gr 6","sources":[{"source":"City of Edmonton Open Data","source_id":"data.edmonton.ca/996c-239n#7207"}]}},{"type":"Feature","geometry":{"type":"Point","coordinates":[-113.453214,53.407575]},"properties":{"name":"Jan Reimer (EPSB)","category":"school","source":"City of Edmonton Open Data","source_id":"data.edmonton.ca/996c-239n#1927","licence":"Open Government Licence - City of Edmonton","fetched_at":"2026-10-08","detail":"K to Gr 9","sources":[{"source":"City of Edmonton Open Data","source_id":"data.edmonton.ca/996c-239n#1927"}]}},{"type":"Feature","geometry":{"type":"Point","coordinates":[-113.604101,53.524774]},"properties":{"name":"Jasper Place (EPSB)","category":"school","source":"City of Edmonton Open Data","source_id":"data.edmonton.ca/996c-239n#7071","licence":"Open Government Licence - City of Edmonton","fetched_at":"2026-10-08","detail":"Gr 10 to 12","sources":[{"source":"City of Edmonton Open Data","source_id":"data.edmonton.ca/996c-239n#7071"}]}},{"type":"Feature","geometry":{"type":"Point","coordinates":[-113.621122,53.416762]},"properties":{"name":"Joan Carr (Catholic)","category":"school","source":"City of Edmonton Open Data","source_id":"data.edmonton.ca/gfxq-u8uu#2435","licence":"Open Government Licence - City of Edmonton","fetched_at":"2026-10-08","detail":"Kindergarten to Grade 9","sources":[{"source":"City of Edmonton Open Data","source_id":"data.edmonton.ca/gfxq-u8uu#2435"}]}},{"type":"Feature","geometry":{"type":"Point","coordinates":[-113.635349,53.416393]},"properties":{"name":"Joey Moss (EPSB)","category":"school","source":"City of Edmonton Open Data","source_id":"data.edmonton.ca/996c-239n#2433","licence":"Open Government Licence - City of Edmonton","fetched_at":"2026-10-08","detail":"K to Gr 9","sources":[{"source":"City of Edmonton Open Data","source_id":"data.edmonton.ca/996c-239n#2433"}]}},{"type":"Feature","geometry":{"type":"Point","coordinates":[-113.505405,53.555692]},"properties":{"name":"John A. McDougall (EPSB)","category":"school","source":"City of Edmonton Open Data","source_id":"data.edmonton.ca/996c-239n#7521","licence":"Open Government Licence - City of Edmonton","fetched_at":"2026-10-08","detail":"K to Gr 6","sources":[{"source":"City of Edmonton Open Data","source_id":"data.edmonton.ca/996c-239n#7521"}]}},{"type":"Feature","geometry":{"type":"Point","coordinates":[-113.449975,53.609961]},"properties":{"name":"John Barnett (EPSB)","category":"school","source":"City of Edmonton Open Data","source_id":"data.edmonton.ca/996c-239n#7214","licence":"Open Government Licence - City of Edmonton","fetched_at":"2026-10-08","detail":"K to Gr 6","sources":[{"source":"City of Edmonton Open Data","source_id":"data.edmonton.ca/996c-239n#7214"}]}},{"type":"Feature","geometry":{"type":"Point","coordinates":[-113.391642,53.603588]},"properties":{"name":"John D. Bracco (EPSB)","category":"school","source":"City of Edmonton Open Data","source_id":"data.edmonton.ca/996c-239n#7573","licence":"Open Government Licence - City of Edmonton","fetched_at":"2026-10-08","detail":"Gr 7 to 9","sources":[{"source":"City of Edmonton Open Data","source_id":"data.edmonton.ca/996c-239n#7573"}]}},{"type":"Feature","geometry":{"type":"Point","coordinates":[-113.535061,53.419281]},"properties":{"name":"Johnny Bright (EPSB)","category":"school","source":"City of Edmonton Open Data","source_id":"data.edmonton.ca/996c-239n#1455","licence":"Open Government Licence - City of Edmonton","fetched_at":"2026-10-08","detail":"K to Gr 9","sources":[{"source":"City of Edmonton Open Data","source_id":"data.edmonton.ca/996c-239n#1455"}]}},{"type":"Feature","geometry":{"type":"Point","coordinates":[-113.406018,53.47753]},"properties":{"name":"Julia Kiniski (EPSB)","category":"school","source":"City of Edmonton Open Data","source_id":"data.edmonton.ca/996c-239n#7275","licence":"Open Government Licence - City of Edmonton","fetched_at":"2026-10-08","detail":"K to Gr 6","sources":[{"source":"City of Edmonton Open Data","source_id":"data.edmonton.ca/996c-239n#7275"}]}},{"type":"Feature","geometry":{"type":"Point","coordinates":[-113.44163,53.460904]},"properties":{"name":"Kameyosek (EPSB)","category":"school","source":"City of Edmonton Open Data","source_id":"data.edmonton.ca/996c-239n#7239","licence":"Open Government Licence - City of Edmonton","fetched_at":"2026-10-08","detail":"K to Gr 6","sources":[{"source":"City of Edmonton Open Data","source_id":"data.edmonton.ca/996c-239n#7239"}]}},{"type":"Feature","geometry":{"type":"Point","coordinates":[-113.415104,53.46271]},"properties":{"name":"Kate Chegwin (EPSB)","category":"school","source":"City of Edmonton Open Data","source_id":"data.edmonton.ca/996c-239n#7574","licence":"Open Government Licence - City of Edmonton","fetched_at":"2026-10-08","detail":"Gr 7 to 9","sources":[{"source":"City of Edmonton Open Data","source_id":"data.edmonton.ca/996c-239n#7574"}]}},{"type":"Feature","geometry":{"type":"Point","coordinates":[-113.527195,53.61206]},"properties":{"name":"Katherine Therrien (Catholic)","category":"school","source":"City of Edmonton Open Data","source_id":"data.edmonton.ca/gfxq-u8uu#8043","licence":"Open Government Licence - City of Edmonton","fetched_at":"2026-10-08","detail":"Kindergarten to Grade 6","sources":[{"source":"City of Edmonton Open Data","source_id":"data.edmonton.ca/gfxq-u8uu#8043"}]}},{"type":"Feature","geometry":{"type":"Point","coordinates":[-113.501377,53.449133]},"properties":{"name":"Keheewin (EPSB)","category":"school","source":"City of Edmonton Open Data","source_id":"data.edmonton.ca/996c-239n#7254","licence":"Open Government Licence - City of Edmonton","fetched_at":"2026-10-08","detail":"K to Gr 6","sources":[{"source":"City of Edmonton Open Data","source_id":"data.edmonton.ca/996c-239n#7254"}]}},{"type":"Feature","geometry":{"type":"Point","coordinates":[-113.436086,53.523774]},"properties":{"name":"Kenilworth (EPSB)","category":"school","source":"City of Edmonton Open Data","source_id":"data.edmonton.ca/996c-239n#7546","licence":"Open Government Licence - City of Edmonton","fetched_at":"2026-10-08","detail":"Gr 7 to 9","sources":[{"source":"City of Edmonton Open Data","source_id":"data.edmonton.ca/996c-239n#7546"}]}},{"type":"Feature","geometry":{"type":"Point","coordinates":[-113.52773,53.595453]},"properties":{"name":"Kensington (EPSB)","category":"school","source":"City of Edmonton Open Data","source_id":"data.edmonton.ca/996c-239n#7137","licence":"Open Government Licence - City of Edmonton","fetched_at":"2026-10-08","detail":"K to Gr 9","sources":[{"source":"City of Edmonton Open Data","source_id":"data.edmonton.ca/996c-239n#7137"}]}},{"type":"Feature","geometry":{"type":"Point","coordinates":[-113.457525,53.606352]},"properties":{"name":"Kildare (EPSB)","category":"school","source":"City of Edmonton Open Data","source_id":"data.edmonton.ca/996c-239n#7138","licence":"Open Government Licence - City of Edmonton","fetched_at":"2026-10-08","detail":"K to Gr 6","sources":[{"source":"City of Edmonton Open Data","source_id":"data.edmonton.ca/996c-239n#7138"}]}},{"type":"Feature","geometry":{"type":"Point","coordinates":[-113.482109,53.59127]},"properties":{"name":"Killarney (EPSB)","category":"school","source":"City of Edmonton Open Data","source_id":"data.edmonton.ca/996c-239n#7516","licence":"Open Government Licence - City of Edmonton","fetched_at":"2026-10-08","detail":"Gr 7 to 9","sources":[{"source":"City of Edmonton Open Data","source_id":"data.edmonton.ca/996c-239n#7516"}]}},{"type":"Feature","geometry":{"type":"Point","coordinates":[-113.683156,53.502138]},"properties":{"name":"Kim Hung (EPSB)","category":"school","source":"City of Edmonton Open Data","source_id":"data.edmonton.ca/996c-239n#1925","licence":"Open Government Licence - City of Edmonton","fetched_at":"2026-10-08","detail":"K to Gr 9","sources":[{"source":"City of Edmonton Open Data","source_id":"data.edmonton.ca/996c-239n#1925"}]}},{"type":"Feature","geometry":{"type":"Point","coordinates":[-113.492074,53.521389]},"properties":{"name":"King Edward (EPSB)","category":"school","source":"City of Edmonton Open Data","source_id":"data.edmonton.ca/996c-239n#7517","licence":"Open Government Licence - City of Edmonton","fetched_at":"2026-10-08","detail":"K to Gr 6","sources":[{"source":"City of Edmonton Open Data","source_id":"data.edmonton.ca/996c-239n#7517"}]}},{"type":"Feature","geometry":{"type":"Point","coordinates":[-113.387544,53.611071]},"properties":{"name":"Kirkness (EPSB)","category":"school","source":"City of Edmonton Open Data","source_id":"data.edmonton.ca/996c-239n#7262","licence":"Open Government Licence - City of Edmonton","fetched_at":"2026-10-08","detail":"K to Gr 6","sources":[{"source":"City of Edmonton Open Data","source_id":"data.edmonton.ca/996c-239n#7262"}]}},{"type":"Feature","geometry":{"type":"Point","coordinates":[-113.603765,53.532511]},"properties":{"name":"L. S. West Edm (EPSB)","category":"school","source":"City of Edmonton Open Data","source_id":"data.edmonton.ca/996c-239n#1022","licence":"Open Government Licence - City of Edmonton","fetched_at":"2026-10-08","detail":"Gr 10 to 12","sources":[{"source":"City of Edmonton Open Data","source_id":"data.edmonton.ca/996c-239n#1022"}]}},{"type":"Feature","geometry":{"type":"Point","coordinates":[-113.530717,53.460071]},"properties":{"name":"L. S. at Blue Quill (EPSB)","category":"school","source":"City of Edmonton Open Data","source_id":"data.edmonton.ca/996c-239n#7724","licence":"Open Government Licence - City of Edmonton","fetched_at":"2026-10-08","detail":"Gr 10 to 12","sources":[{"source":"City of Edmonton Open Data","source_id":"data.edmonton.ca/996c-239n#7724"}]}},{"type":"Feature","geometry":{"type":"Point","coordinates":[-113.487997,53.597873]},"properties":{"name":"L. S. at Northgate (EPSB)","category":"school","source":"City of Edmonton Open Data","source_id":"data.edmonton.ca/996c-239n#7722","licence":"Open Government Licence - City of Edmonton","fetched_at":"2026-10-08","detail":"Gr 10 to 12; also listed as: Transitions at the Y (EPSB)","sources":[{"source":"City of Edmonton Open Data","source_id":"data.edmonton.ca/996c-239n#7722"},{"source":"City of Edmonton Open Data","source_id":"data.edmonton.ca/996c-239n#0325"}]}},{"type":"Feature","geometry":{"type":"Point","coordinates":[-113.489281,53.517803]},"properties":{"name":"L. S. on Whyte (EPSB)","category":"school","source":"City of Edmonton Open Data","source_id":"data.edmonton.ca/996c-239n#0386","licence":"Open Government Licence - City of Edmonton","fetched_at":"2026-10-08","detail":"Gr 10 to 12","sources":[{"source":"City of Edmonton Open Data","source_id":"data.edmonton.ca/996c-239n#0386"}]}},{"type":"Feature","geometry":{"type":"Point","coordinates":[-113.500999,53.483589]},"properties":{"name":"L. Y. Cairns (EPSB)","category":"school","source":"City of Edmonton Open Data","source_id":"data.edmonton.ca/996c-239n#7702","licence":"Open Government Licence - City of Edmonton","fetched_at":"2026-10-08","detail":"Gr 7 to 12","sources":[{"source":"City of Edmonton Open Data","source_id":"data.edmonton.ca/996c-239n#7702"}]}},{"type":"Feature","geometry":{"type":"Point","coordinates":[-113.645616,53.533087]},"properties":{"name":"LaPerle (EPSB)","category":"school","source":"City of Edmonton Open Data","source_id":"data.edmonton.ca/996c-239n#7267","licence":"Open Government Licence - City of Edmonton","fetched_at":"2026-10-08","detail":"K to Gr 6","sources":[{"source":"City of Edmonton Open Data","source_id":"data.edmonton.ca/996c-239n#7267"}]}},{"type":"Feature","geometry":{"type":"Point","coordinates":[-113.487085,53.6359]},"properties":{"name":"Lago Lindo (EPSB)","category":"school","source":"City of Edmonton Open Data","source_id":"data.edmonton.ca/996c-239n#7277","licence":"Open Government Licence - City of Edmonton","fetched_at":"2026-10-08","detail":"K to Gr 6","sources":[{"source":"City of Edmonton Open Data","source_id":"data.edmonton.ca/996c-239n#7277"}]}},{"type":"Feature","geometry":{"type":"Point","coordinates":[-113.545372,53.487668]},"properties":{"name":"Lansdowne (EPSB)","category":"school","source":"City of Edmonton Open Data","source_id":"data.edmonton.ca/996c-239n#7180","licence":"Open Government Licence - City of Edmonton","fetched_at":"2026-10-08","detail":"K to Gr 6","sources":[{"source":"City of Edmonton Open Data","source_id":"data.edmonton.ca/996c-239n#7180"}]}},{"type":"Feature","geometry":{"type":"Point","coordinates":[-113.503265,53.587896]},"properties":{"name":"Lauderdale (EPSB)","category":"school","source":"City of Edmonton Open Data","source_id":"data.edmonton.ca/996c-239n#7141","licence":"Open Government Licence - City of Edmonton","fetched_at":"2026-10-08","detail":"K to Gr 6","sources":[{"source":"City of Edmonton Open Data","source_id":"data.edmonton.ca/996c-239n#7141"}]}},{"type":"Feature","geometry":{"type":"Point","coordinates":[-113.566253,53.51615]},"properties":{"name":"Laurier Heights (EPSB)","category":"school","source":"City of Edmonton Open Data","source_id":"data.edmonton.ca/996c-239n#7518","licence":"Open Government Licence - City of Edmonton","fetched_at":"2026-10-08","detail":"K to Gr 9","sources":[{"source":"City of Edmonton Open Data","source_id":"data.edmonton.ca/996c-239n#7518"}]}},{"type":"Feature","geometry":{"type":"Point","coordinates":[-113.445285,53.471067]},"properties":{"name":"Lee Ridge (EPSB)","category":"school","source":"City of Edmonton Open Data","source_id":"data.edmonton.ca/996c-239n#7224","licence":"Open Government Licence - City of Edmonton","fetched_at":"2026-10-08","detail":"K to Gr 6","sources":[{"source":"City of Edmonton Open Data","source_id":"data.edmonton.ca/996c-239n#7224"}]}},{"type":"Feature","geometry":{"type":"Point","coordinates":[-113.522533,53.491078]},"properties":{"name":"Lendrum (EPSB)","category":"school","source":"City of Edmonton Open Data","source_id":"data.edmonton.ca/996c-239n#7185","licence":"Open Government Licence - City of Edmonton","fetched_at":"2026-10-08","detail":"K to Gr 6","sources":[{"source":"City of Edmonton Open Data","source_id":"data.edmonton.ca/996c-239n#7185"}]}},{"type":"Feature","geometry":{"type":"Point","coordinates":[-113.579486,53.457307]},"properties":{"name":"Lillian Osborne (EPSB)","category":"school","source":"City of Edmonton Open Data","source_id":"data.edmonton.ca/996c-239n#1344","licence":"Open Government Licence - City of Edmonton","fetched_at":"2026-10-08","detail":"Gr 10 to 12","sources":[{"source":"City of Edmonton Open Data","source_id":"data.edmonton.ca/996c-239n#1344"}]}},{"type":"Feature","geometry":{"type":"Point","coordinates":[-113.449679,53.606271]},"properties":{"name":"Londonderry (EPSB)","category":"school","source":"City of Edmonton Open Data","source_id":"data.edmonton.ca/996c-239n#7534","licence":"Open Government Licence - City of Edmonton","fetched_at":"2026-10-08","detail":"Gr 7 to 9","sources":[{"source":"City of Edmonton Open Data","source_id":"data.edmonton.ca/996c-239n#7534"}]}},{"type":"Feature","geometry":{"type":"Point","coordinates":[-113.501816,53.624114]},"properties":{"name":"Lorelei (EPSB)","category":"school","source":"City of Edmonton Open Data","source_id":"data.edmonton.ca/996c-239n#7242","licence":"Open Government Licence - City of Edmonton","fetched_at":"2026-10-08","detail":"K to Gr 6","sources":[{"source":"City of Edmonton Open Data","source_id":"data.edmonton.ca/996c-239n#7242"}]}},{"type":"Feature","geometry":{"type":"Point","coordinates":[-113.522439,53.479736]},"properties":{"name":"Louis St. Laurent (Catholic)","category":"school","source":"City of Edmonton Open Data","source_id":"data.edmonton.ca/gfxq-u8uu#8409","licence":"Open Government Licence - City of Edmonton","fetched_at":"2026-10-08","detail":"Grade 7 to Grade 12","sources":[{"source":"City of Edmonton Open Data","source_id":"data.edmonton.ca/gfxq-u8uu#8409"}]}},{"type":"Feature","geometry":{"type":"Point","coordinates":[-113.645923,53.505867]},"properties":{"name":"Lymburn (EPSB)","category":"school","source":"City of Edmonton Open Data","source_id":"data.edmonton.ca/996c-239n#7269","licence":"Open Government Licence - City of Edmonton","fetched_at":"2026-10-08","detail":"K to Gr 6","sources":[{"source":"City of Edmonton Open Data","source_id":"data.edmonton.ca/996c-239n#7269"}]}},{"type":"Feature","geometry":{"type":"Point","coordinates":[-113.5879,53.516629]},"properties":{"name":"Lynnwood (EPSB)","category":"school","source":"City of Edmonton Open Data","source_id":"data.edmonton.ca/996c-239n#7208","licence":"Open Government Licence - City of Edmonton","fetched_at":"2026-10-08","detail":"K to Gr 6","sources":[{"source":"City of Edmonton Open Data","source_id":"data.edmonton.ca/996c-239n#7208"}]}},{"type":"Feature","geometry":{"type":"Point","coordinates":[-113.444095,53.606541]},"properties":{"name":"M.E. LaZerte (EPSB)","category":"school","source":"City of Edmonton Open Data","source_id":"data.edmonton.ca/996c-239n#7063","licence":"Open Government Licence - City of Edmonton","fetched_at":"2026-10-08","detail":"Gr 10 to 12","sources":[{"source":"City of Edmonton Open Data","source_id":"data.edmonton.ca/996c-239n#7063"}]}},{"type":"Feature","geometry":{"type":"Point","coordinates":[-113.496675,53.607523]},"properties":{"name":"Maj Gen Griesbach (EPSB)","category":"school","source":"City of Edmonton Open Data","source_id":"data.edmonton.ca/996c-239n#7575","licence":"Open Government Licence - City of Edmonton","fetched_at":"2026-10-08","detail":"K to Gr 9","sources":[{"source":"City of Edmonton Open Data","source_id":"data.edmonton.ca/996c-239n#7575"}]}},{"type":"Feature","geometry":{"type":"Point","coordinates":[-113.456986,53.477638]},"properties":{"name":"Malcolm Tweddle (EPSB)","category":"school","source":"City of Edmonton Open Data","source_id":"data.edmonton.ca/996c-239n#7223","licence":"Open Government Licence - City of Edmonton","fetched_at":"2026-10-08","detail":"K to Gr 6","sources":[{"source":"City of Edmonton Open Data","source_id":"data.edmonton.ca/996c-239n#7223"}]}},{"type":"Feature","geometry":{"type":"Point","coordinates":[-113.529554,53.485187]},"properties":{"name":"Malmo (EPSB)","category":"school","source":"City of Edmonton Open Data","source_id":"data.edmonton.ca/996c-239n#7186","licence":"Open Government Licence - City of Edmonton","fetched_at":"2026-10-08","detail":"K to Gr 6","sources":[{"source":"City of Edmonton Open Data","source_id":"data.edmonton.ca/996c-239n#7186"}]}},{"type":"Feature","geometry":{"type":"Point","coordinates":[-113.507141,53.62388]},"properties":{"name":"Mary Butterworth (EPSB)","category":"school","source":"City of Edmonton Open Data","source_id":"data.edmonton.ca/996c-239n#7572","licence":"Open Government Licence - City of Edmonton","fetched_at":"2026-10-08","detail":"Gr 7 to 9","sources":[{"source":"City of Edmonton Open Data","source_id":"data.edmonton.ca/996c-239n#7572"}]}},{"type":"Feature","geometry":{"type":"Point","coordinates":[-113.399738,53.463219]},"properties":{"name":"Mary Hanley (Catholic)","category":"school","source":"City of Edmonton Open Data","source_id":"data.edmonton.ca/gfxq-u8uu#8060","licence":"Open Government Licence - City of Edmonton","fetched_at":"2026-10-08","detail":"Kindergarten to Grade 6","sources":[{"source":"City of Edmonton Open Data","source_id":"data.edmonton.ca/gfxq-u8uu#8060"}]}},{"type":"Feature","geometry":{"type":"Point","coordinates":[-113.595045,53.554943]},"properties":{"name":"Mayfield (EPSB)","category":"school","source":"City of Edmonton Open Data","source_id":"data.edmonton.ca/996c-239n#7209","licence":"Open Government Licence - City of Edmonton","fetched_at":"2026-10-08","detail":"K to Gr 6","sources":[{"source":"City of Edmonton Open Data","source_id":"data.edmonton.ca/996c-239n#7209"}]}},{"type":"Feature","geometry":{"type":"Point","coordinates":[-113.551112,53.59752]},"properties":{"name":"McArthur (EPSB)","category":"school","source":"City of Edmonton Open Data","source_id":"data.edmonton.ca/996c-239n#7143","licence":"Open Government Licence - City of Edmonton","fetched_at":"2026-10-08","detail":"K to Gr 6","sources":[{"source":"City of Edmonton Open Data","source_id":"data.edmonton.ca/996c-239n#7143"}]}},{"type":"Feature","geometry":{"type":"Point","coordinates":[-113.508885,53.487803]},"properties":{"name":"McKee (EPSB)","category":"school","source":"City of Edmonton Open Data","source_id":"data.edmonton.ca/996c-239n#7195","licence":"Open Government Licence - City of Edmonton","fetched_at":"2026-10-08","detail":"K to Gr 6","sources":[{"source":"City of Edmonton Open Data","source_id":"data.edmonton.ca/996c-239n#7195"}]}},{"type":"Feature","geometry":{"type":"Point","coordinates":[-113.524655,53.512912]},"properties":{"name":"McKernan (EPSB)","category":"school","source":"City of Edmonton Open Data","source_id":"data.edmonton.ca/996c-239n#7523","licence":"Open Government Licence - City of Edmonton","fetched_at":"2026-10-08","detail":"K to Gr 9","sources":[{"source":"City of Edmonton Open Data","source_id":"data.edmonton.ca/996c-239n#7523"}]}},{"type":"Feature","geometry":{"type":"Point","coordinates":[-113.431044,53.610771]},"properties":{"name":"McLeod (EPSB)","category":"school","source":"City of Edmonton Open Data","source_id":"data.edmonton.ca/996c-239n#7200","licence":"Open Government Licence - City of Edmonton","fetched_at":"2026-10-08","detail":"K to Gr 6","sources":[{"source":"City of Edmonton Open Data","source_id":"data.edmonton.ca/996c-239n#7200"}]}},{"type":"Feature","geometry":{"type":"Point","coordinates":[-113.459123,53.548528]},"properties":{"name":"McNally (EPSB)","category":"school","source":"City of Edmonton Open Data","source_id":"data.edmonton.ca/996c-239n#7058","licence":"Open Government Licence - City of Edmonton","fetched_at":"2026-10-08","detail":"Gr 10 to 12","sources":[{"source":"City of Edmonton Open Data","source_id":"data.edmonton.ca/996c-239n#7058"}]}},{"type":"Feature","geometry":{"type":"Point","coordinates":[-113.595376,53.525989]},"properties":{"name":"Meadowlark (EPSB)","category":"school","source":"City of Edmonton Open Data","source_id":"data.edmonton.ca/996c-239n#7210","licence":"Open Government Licence - City of Edmonton","fetched_at":"2026-10-08","detail":"K to Gr 6","sources":[{"source":"City of Edmonton Open Data","source_id":"data.edmonton.ca/996c-239n#7210"}]}},{"type":"Feature","geometry":{"type":"Point","coordinates":[-113.593241,53.536919]},"properties":{"name":"Meadowlark Christian (EPSB)","category":"school","source":"City of Edmonton Open Data","source_id":"data.edmonton.ca/996c-239n#7931","licence":"Open Government Licence - City of Edmonton","fetched_at":"2026-10-08","detail":"K to Gr 9","sources":[{"source":"City of Edmonton Open Data","source_id":"data.edmonton.ca/996c-239n#7931"}]}},{"type":"Feature","geometry":{"type":"Point","coordinates":[-113.484216,53.587396]},"properties":{"name":"Mee-Yah-Noh (EPSB)","category":"school","source":"City of Edmonton Open Data","source_id":"data.edmonton.ca/996c-239n#7149","licence":"Open Government Licence - City of Edmonton","fetched_at":"2026-10-08","detail":"K to Gr 6","sources":[{"source":"City of Edmonton Open Data","source_id":"data.edmonton.ca/996c-239n#7149"}]}},{"type":"Feature","geometry":{"type":"Point","coordinates":[-113.44872,53.442815]},"properties":{"name":"Menisa (EPSB)","category":"school","source":"City of Edmonton Open Data","source_id":"data.edmonton.ca/996c-239n#7259","licence":"Open Government Licence - City of Edmonton","fetched_at":"2026-10-08","detail":"K to Gr 6","sources":[{"source":"City of Edmonton Open Data","source_id":"data.edmonton.ca/996c-239n#7259"}]}},{"type":"Feature","geometry":{"type":"Point","coordinates":[-113.448172,53.510601]},"properties":{"name":"Metro Continuing Ed. (EPSB)","category":"school","source":"City of Edmonton Open Data","source_id":"data.edmonton.ca/996c-239n#7090","licence":"Open Government Licence - City of Edmonton","fetched_at":"2026-10-08","detail":"Gr 10 to 12","sources":[{"source":"City of Edmonton Open Data","source_id":"data.edmonton.ca/996c-239n#7090"}]}},{"type":"Feature","geometry":{"type":"Point","coordinates":[-113.428009,53.450222]},"properties":{"name":"Meyokumin (EPSB)","category":"school","source":"City of Edmonton Open Data","source_id":"data.edmonton.ca/996c-239n#7257","licence":"Open Government Licence - City of Edmonton","fetched_at":"2026-10-08","detail":"K to Gr 6","sources":[{"source":"City of Edmonton Open Data","source_id":"data.edmonton.ca/996c-239n#7257"}]}},{"type":"Feature","geometry":{"type":"Point","coordinates":[-113.454017,53.455282]},"properties":{"name":"Meyonohk (EPSB)","category":"school","source":"City of Edmonton Open Data","source_id":"data.edmonton.ca/996c-239n#7249","licence":"Open Government Licence - City of Edmonton","fetched_at":"2026-10-08","detail":"K to Gr 6","sources":[{"source":"City of Edmonton Open Data","source_id":"data.edmonton.ca/996c-239n#7249"}]}},{"type":"Feature","geometry":{"type":"Point","coordinates":[-113.65063,53.489834]},"properties":{"name":"Michael A. Kostek (EPSB)","category":"school","source":"City of Edmonton Open Data","source_id":"data.edmonton.ca/996c-239n#7281","licence":"Open Government Licence - City of Edmonton","fetched_at":"2026-10-08","detail":"K to Gr 6","sources":[{"source":"City of Edmonton Open Data","source_id":"data.edmonton.ca/996c-239n#7281"}]}},{"type":"Feature","geometry":{"type":"Point","coordinates":[-113.681895,53.530835]},"properties":{"name":"Michael Phair (EPSB)","category":"school","source":"City of Edmonton Open Data","source_id":"data.edmonton.ca/996c-239n#1933","licence":"Open Government Licence - City of Edmonton","fetched_at":"2026-10-08","detail":"Gr 7 to 9","sources":[{"source":"City of Edmonton Open Data","source_id":"data.edmonton.ca/996c-239n#1933"}]}},{"type":"Feature","geometry":{"type":"Point","coordinates":[-113.460892,53.413267]},"properties":{"name":"Michael Strembitsky (EPSB)","category":"school","source":"City of Edmonton Open Data","source_id":"data.edmonton.ca/996c-239n#1578","licence":"Open Government Licence - City of Edmonton","fetched_at":"2026-10-08","detail":"Gr 2 to 9","sources":[{"source":"City of Edmonton Open Data","source_id":"data.edmonton.ca/996c-239n#1578"}]}},{"type":"Feature","geometry":{"type":"Point","coordinates":[-113.482362,53.515651]},"properties":{"name":"Mill Creek (EPSB)","category":"school","source":"City of Edmonton Open Data","source_id":"data.edmonton.ca/996c-239n#7150","licence":"Open Government Licence - City of Edmonton","fetched_at":"2026-10-08","detail":"K to Gr 6","sources":[{"source":"City of Edmonton Open Data","source_id":"data.edmonton.ca/996c-239n#7150"}]}},{"type":"Feature","geometry":{"type":"Point","coordinates":[-113.462497,53.47528]},"properties":{"name":"Millwoods Christian (EPSB)","category":"school","source":"City of Edmonton Open Data","source_id":"data.edmonton.ca/996c-239n#7909","licence":"Open Government Licence - City of Edmonton","fetched_at":"2026-10-08","detail":"K to Gr 12","sources":[{"source":"City of Edmonton Open Data","source_id":"data.edmonton.ca/996c-239n#7909"}]}},{"type":"Feature","geometry":{"type":"Point","coordinates":[-113.408436,53.467725]},"properties":{"name":"Minchau (EPSB)","category":"school","source":"City of Edmonton Open Data","source_id":"data.edmonton.ca/996c-239n#7274","licence":"Open Government Licence - City of Edmonton","fetched_at":"2026-10-08","detail":"K to Gr 6","sources":[{"source":"City of Edmonton Open Data","source_id":"data.edmonton.ca/996c-239n#7274"}]}},{"type":"Feature","geometry":{"type":"Point","coordinates":[-113.522015,53.417191]},"properties":{"name":"Monsignor Fee Otterson (Catholic)","category":"school","source":"City of Edmonton Open Data","source_id":"data.edmonton.ca/gfxq-u8uu#1429","licence":"Open Government Licence - City of Edmonton","fetched_at":"2026-10-08","detail":"Kindergarten to Grade 8","sources":[{"source":"City of Edmonton Open Data","source_id":"data.edmonton.ca/gfxq-u8uu#1429"}]}},{"type":"Feature","geometry":{"type":"Point","coordinates":[-113.5763,53.447383]},"properties":{"name":"Monsignor William Irwin (Catholic)","category":"school","source":"City of Edmonton Open Data","source_id":"data.edmonton.ca/gfxq-u8uu#1428","licence":"Open Government Licence - City of Edmonton","fetched_at":"2026-10-08","detail":"Kindergarten to Grade 6","sources":[{"source":"City of Edmonton Open Data","source_id":"data.edmonton.ca/gfxq-u8uu#1428"}]}},{"type":"Feature","geometry":{"type":"Point","coordinates":[-113.579493,53.458824]},"properties":{"name":"Mother Margaret Mary (Catholic)","category":"school","source":"City of Edmonton Open Data","source_id":"data.edmonton.ca/gfxq-u8uu#1430","licence":"Open Government Licence - City of Edmonton","fetched_at":"2026-10-08","detail":"Grade 10 to Grade 12","sources":[{"source":"City of Edmonton Open Data","source_id":"data.edmonton.ca/gfxq-u8uu#1430"}]}},{"type":"Feature","geometry":{"type":"Point","coordinates":[-113.503362,53.495603]},"properties":{"name":"Mount Pleasant (EPSB)","category":"school","source":"City of Edmonton Open Data","source_id":"data.edmonton.ca/996c-239n#7524","licence":"Open Government Licence - City of Edmonton","fetched_at":"2026-10-08","detail":"K to Gr 6","sources":[{"source":"City of Edmonton Open Data","source_id":"data.edmonton.ca/996c-239n#7524"}]}},{"type":"Feature","geometry":{"type":"Point","coordinates":[-113.557013,53.44173]},"properties":{"name":"Nellie Carlson (EPSB)","category":"school","source":"City of Edmonton Open Data","source_id":"data.edmonton.ca/996c-239n#1936","licence":"Open Government Licence - City of Edmonton","fetched_at":"2026-10-08","detail":"K to Gr 9","sources":[{"source":"City of Edmonton Open Data","source_id":"data.edmonton.ca/996c-239n#1936"}]}},{"type":"Feature","geometry":{"type":"Point","coordinates":[-113.47678,53.603448]},"properties":{"name":"Northmount (EPSB)","category":"school","source":"City of Edmonton Open Data","source_id":"data.edmonton.ca/996c-239n#7191","licence":"Open Government Licence - City of Edmonton","fetched_at":"2026-10-08","detail":"K to Gr 6","sources":[{"source":"City of Edmonton Open Data","source_id":"data.edmonton.ca/996c-239n#7191"}]}},{"type":"Feature","geometry":{"type":"Point","coordinates":[-113.488064,53.560298]},"properties":{"name":"Norwood (EPSB)","category":"school","source":"City of Edmonton Open Data","source_id":"data.edmonton.ca/996c-239n#7156","licence":"Open Government Licence - City of Edmonton","fetched_at":"2026-10-08","detail":"K to Gr 6","sources":[{"source":"City of Edmonton Open Data","source_id":"data.edmonton.ca/996c-239n#7156"}]}},{"type":"Feature","geometry":{"type":"Point","coordinates":[-113.501964,53.519735]},"properties":{"name":"Old Scona (EPSB)","category":"school","source":"City of Edmonton Open Data","source_id":"data.edmonton.ca/996c-239n#7066","licence":"Open Government Licence - City of Edmonton","fetched_at":"2026-10-08","detail":"Gr 10 to 12","sources":[{"source":"City of Edmonton Open Data","source_id":"data.edmonton.ca/996c-239n#7066"}]}},{"type":"Feature","geometry":{"type":"Point","coordinates":[-113.639012,53.498251]},"properties":{"name":"Ormsby (EPSB)","category":"school","source":"City of Edmonton Open Data","source_id":"data.edmonton.ca/996c-239n#7248","licence":"Open Government Licence - City of Edmonton","fetched_at":"2026-10-08","detail":"K to Gr 6","sources":[{"source":"City of Edmonton Open Data","source_id":"data.edmonton.ca/996c-239n#7248"}]}},{"type":"Feature","geometry":{"type":"Point","coordinates":[-113.439148,53.531442]},"properties":{"name":"Ottewell (EPSB)","category":"school","source":"City of Edmonton Open Data","source_id":"data.edmonton.ca/996c-239n#7528","licence":"Open Government Licence - City of Edmonton","fetched_at":"2026-10-08","detail":"Gr 7 to 9","sources":[{"source":"City of Edmonton Open Data","source_id":"data.edmonton.ca/996c-239n#7528"}]}},{"type":"Feature","geometry":{"type":"Point","coordinates":[-113.501406,53.512758]},"properties":{"name":"Our Lady of Mount Carmel (Catholic)","category":"school","source":"City of Edmonton Open Data","source_id":"data.edmonton.ca/gfxq-u8uu#8205","licence":"Open Government Licence - City of Edmonton","fetched_at":"2026-10-08","detail":"Kindergarten to Grade 6","sources":[{"source":"City of Edmonton Open Data","source_id":"data.edmonton.ca/gfxq-u8uu#8205"}]}},{"type":"Feature","geometry":{"type":"Point","coordinates":[-113.595259,53.555705]},"properties":{"name":"Our Lady of Peace (Catholic)","category":"school","source":"City of Edmonton Open Data","source_id":"data.edmonton.ca/gfxq-u8uu#8010","licence":"Open Government Licence - City of Edmonton","fetched_at":"2026-10-08","detail":"Kindergarten to Grade 6","sources":[{"source":"City of Edmonton Open Data","source_id":"data.edmonton.ca/gfxq-u8uu#8010"}]}},{"type":"Feature","geometry":{"type":"Point","coordinates":[-113.594721,53.514923]},"properties":{"name":"Our Lady of Victories (Catholic)","category":"school","source":"City of Edmonton Open Data","source_id":"data.edmonton.ca/gfxq-u8uu#8011","licence":"Open Government Licence - City of Edmonton","fetched_at":"2026-10-08","detail":"Kindergarten to Grade 6","sources":[{"source":"City of Edmonton Open Data","source_id":"data.edmonton.ca/gfxq-u8uu#8011"}]}},{"type":"Feature","geometry":{"type":"Point","coordinates":[-113.625492,53.499654]},"properties":{"name":"Our Lady of the Prairies (Catholic)","category":"school","source":"City of Edmonton Open Data","source_id":"data.edmonton.ca/gfxq-u8uu#8058","licence":"Open Government Licence - City of Edmonton","fetched_at":"2026-10-08","detail":"Kindergarten to Grade 6","sources":[{"source":"City of Edmonton Open Data","source_id":"data.edmonton.ca/gfxq-u8uu#8058"}]}},{"type":"Feature","geometry":{"type":"Point","coordinates":[-113.388902,53.58138]},"properties":{"name":"Overlanders (EPSB)","category":"school","source":"City of Edmonton Open Data","source_id":"data.edmonton.ca/996c-239n#7229","licence":"Open Government Licence - City of Edmonton","fetched_at":"2026-10-08","detail":"K to Gr 6","sources":[{"source":"City of Edmonton Open Data","source_id":"data.edmonton.ca/996c-239n#7229"}]}},{"type":"Feature","geometry":{"type":"Point","coordinates":[-113.519166,53.5042]},"properties":{"name":"Parkallen (EPSB)","category":"school","source":"City of Edmonton Open Data","source_id":"data.edmonton.ca/996c-239n#7529","licence":"Open Government Licence - City of Edmonton","fetched_at":"2026-10-08","detail":"K to Gr 6","sources":[{"source":"City of Edmonton Open Data","source_id":"data.edmonton.ca/996c-239n#7529"}]}},{"type":"Feature","geometry":{"type":"Point","coordinates":[-113.568171,53.526857]},"properties":{"name":"Parkview (EPSB)","category":"school","source":"City of Edmonton Open Data","source_id":"data.edmonton.ca/996c-239n#7531","licence":"Open Government Licence - City of Edmonton","fetched_at":"2026-10-08","detail":"K to Gr 9","sources":[{"source":"City of Edmonton Open Data","source_id":"data.edmonton.ca/996c-239n#7531"}]}},{"type":"Feature","geometry":{"type":"Point","coordinates":[-113.602802,53.510948]},"properties":{"name":"Patricia Heights (EPSB)","category":"school","source":"City of Edmonton Open Data","source_id":"data.edmonton.ca/996c-239n#7176","licence":"Open Government Licence - City of Edmonton","fetched_at":"2026-10-08","detail":"K to Gr 6","sources":[{"source":"City of Edmonton Open Data","source_id":"data.edmonton.ca/996c-239n#7176"}]}},{"type":"Feature","geometry":{"type":"Point","coordinates":[-113.413315,53.448937]},"properties":{"name":"Pollard Meadows (EPSB)","category":"school","source":"City of Edmonton Open Data","source_id":"data.edmonton.ca/996c-239n#7258","licence":"Open Government Licence - City of Edmonton","fetched_at":"2026-10-08","detail":"K to Gr 6","sources":[{"source":"City of Edmonton Open Data","source_id":"data.edmonton.ca/996c-239n#7258"}]}},{"type":"Feature","geometry":{"type":"Point","coordinates":[-113.459409,53.589563]},"properties":{"name":"Princeton (EPSB)","category":"school","source":"City of Edmonton Open Data","source_id":"data.edmonton.ca/996c-239n#7187","licence":"Open Government Licence - City of Edmonton","fetched_at":"2026-10-08","detail":"K to Gr 6","sources":[{"source":"City of Edmonton Open Data","source_id":"data.edmonton.ca/996c-239n#7187"}]}},{"type":"Feature","geometry":{"type":"Point","coordinates":[-113.50449,53.513756]},"properties":{"name":"Queen Alexandra (EPSB)","category":"school","source":"City of Edmonton Open Data","source_id":"data.edmonton.ca/996c-239n#7164","licence":"Open Government Licence - City of Edmonton","fetched_at":"2026-10-08","detail":"K to Gr 6","sources":[{"source":"City of Edmonton Open Data","source_id":"data.edmonton.ca/996c-239n#7164"}]}},{"type":"Feature","geometry":{"type":"Point","coordinates":[-113.487602,53.591161]},"properties":{"name":"Queen Elizabeth (EPSB)","category":"school","source":"City of Edmonton Open Data","source_id":"data.edmonton.ca/996c-239n#7052","licence":"Open Government Licence - City of Edmonton","fetched_at":"2026-10-08","detail":"Gr 10 to 12","sources":[{"source":"City of Edmonton Open Data","source_id":"data.edmonton.ca/996c-239n#7052"}]}},{"type":"Feature","geometry":{"type":"Point","coordinates":[-113.534293,53.476955]},"properties":{"name":"Richard Secord (EPSB)","category":"school","source":"City of Edmonton Open Data","source_id":"data.edmonton.ca/996c-239n#7201","licence":"Open Government Licence - City of Edmonton","fetched_at":"2026-10-08","detail":"K to Gr 6","sources":[{"source":"City of Edmonton Open Data","source_id":"data.edmonton.ca/996c-239n#7201"}]}},{"type":"Feature","geometry":{"type":"Point","coordinates":[-113.505439,53.478206]},"properties":{"name":"Rideau Park (EPSB)","category":"school","source":"City of Edmonton Open Data","source_id":"data.edmonton.ca/996c-239n#7232","licence":"Open Government Licence - City of Edmonton","fetched_at":"2026-10-08","detail":"K to Gr 6","sources":[{"source":"City of Edmonton Open Data","source_id":"data.edmonton.ca/996c-239n#7232"}]}},{"type":"Feature","geometry":{"type":"Point","coordinates":[-113.586472,53.508498]},"properties":{"name":"Rio Terrace (EPSB)","category":"school","source":"City of Edmonton Open Data","source_id":"data.edmonton.ca/996c-239n#7211","licence":"Open Government Licence - City of Edmonton","fetched_at":"2026-10-08","detail":"K to Gr 6","sources":[{"source":"City of Edmonton Open Data","source_id":"data.edmonton.ca/996c-239n#7211"}]}},{"type":"Feature","geometry":{"type":"Point","coordinates":[-113.577088,53.490967]},"properties":{"name":"Riverbend (EPSB)","category":"school","source":"City of Edmonton Open Data","source_id":"data.edmonton.ca/996c-239n#7538","licence":"Open Government Licence - City of Edmonton","fetched_at":"2026-10-08","detail":"Gr 7 to 9","sources":[{"source":"City of Edmonton Open Data","source_id":"data.edmonton.ca/996c-239n#7538"}]}},{"type":"Feature","geometry":{"type":"Point","coordinates":[-113.468383,53.543467]},"properties":{"name":"Riverdale (EPSB)","category":"school","source":"City of Edmonton Open Data","source_id":"data.edmonton.ca/996c-239n#7168","licence":"Open Government Licence - City of Edmonton","fetched_at":"2026-10-08","detail":"K to Gr 6","sources":[{"source":"City of Edmonton Open Data","source_id":"data.edmonton.ca/996c-239n#7168"}]}},{"type":"Feature","geometry":{"type":"Point","coordinates":[-113.515288,53.420481]},"properties":{"name":"Roberta MacAdams (EPSB)","category":"school","source":"City of Edmonton Open Data","source_id":"data.edmonton.ca/996c-239n#1935","licence":"Open Government Licence - City of Edmonton","fetched_at":"2026-10-08","detail":"K to Gr 6","sources":[{"source":"City of Edmonton Open Data","source_id":"data.edmonton.ca/996c-239n#1935"}]}},{"type":"Feature","geometry":{"type":"Point","coordinates":[-113.495768,53.594113]},"properties":{"name":"Rosecrest (EPSB)","category":"school","source":"City of Edmonton Open Data","source_id":"data.edmonton.ca/996c-239n#7729","licence":"Open Government Licence - City of Edmonton","fetched_at":"2026-10-08","detail":"K to Gr 12","sources":[{"source":"City of Edmonton Open Data","source_id":"data.edmonton.ca/996c-239n#7729"}]}},{"type":"Feature","geometry":{"type":"Point","coordinates":[-113.557817,53.559865]},"properties":{"name":"Ross Sheppard (EPSB)","category":"school","source":"City of Edmonton Open Data","source_id":"data.edmonton.ca/996c-239n#7053","licence":"Open Government Licence - City of Edmonton","fetched_at":"2026-10-08","detail":"Gr 10 to 12","sources":[{"source":"City of Edmonton Open Data","source_id":"data.edmonton.ca/996c-239n#7053"}]}},{"type":"Feature","geometry":{"type":"Point","coordinates":[-113.515477,53.592761]},"properties":{"name":"Rosslyn (EPSB)","category":"school","source":"City of Edmonton Open Data","source_id":"data.edmonton.ca/996c-239n#7535","licence":"Open Government Licence - City of Edmonton","fetched_at":"2026-10-08","detail":"Gr 7 to 9","sources":[{"source":"City of Edmonton Open Data","source_id":"data.edmonton.ca/996c-239n#7535"}]}},{"type":"Feature","geometry":{"type":"Point","coordinates":[-113.468685,53.522318]},"properties":{"name":"Rutherford (EPSB)","category":"school","source":"City of Edmonton Open Data","source_id":"data.edmonton.ca/996c-239n#7170","licence":"Open Government Licence - City of Edmonton","fetched_at":"2026-10-08","detail":"K to Gr 6","sources":[{"source":"City of Edmonton Open Data","source_id":"data.edmonton.ca/996c-239n#7170"}]}},{"type":"Feature","geometry":{"type":"Point","coordinates":[-113.639544,53.491054]},"properties":{"name":"S. Bruce Smith (EPSB)","category":"school","source":"City of Edmonton Open Data","source_id":"data.edmonton.ca/996c-239n#7571","licence":"Open Government Licence - City of Edmonton","fetched_at":"2026-10-08","detail":"Gr 7 to 9","sources":[{"source":"City of Edmonton Open Data","source_id":"data.edmonton.ca/996c-239n#7571"}]}},{"type":"Feature","geometry":{"type":"Point","coordinates":[-113.427697,53.441003]},"properties":{"name":"Sakaw (EPSB)","category":"school","source":"City of Edmonton Open Data","source_id":"data.edmonton.ca/996c-239n#7251","licence":"Open Government Licence - City of Edmonton","fetched_at":"2026-10-08","detail":"K to Gr 6","sources":[{"source":"City of Edmonton Open Data","source_id":"data.edmonton.ca/996c-239n#7251"}]}},{"type":"Feature","geometry":{"type":"Point","coordinates":[-113.460766,53.446846]},"properties":{"name":"Satoo (EPSB)","category":"school","source":"City of Edmonton Open Data","source_id":"data.edmonton.ca/996c-239n#7235","licence":"Open Government Licence - City of Edmonton","fetched_at":"2026-10-08","detail":"K to Gr 6","sources":[{"source":"City of Edmonton Open Data","source_id":"data.edmonton.ca/996c-239n#7235"}]}},{"type":"Feature","geometry":{"type":"Point","coordinates":[-113.504484,53.596839]},"properties":{"name":"Scott Robertson (EPSB)","category":"school","source":"City of Edmonton Open Data","source_id":"data.edmonton.ca/996c-239n#7171","licence":"Open Government Licence - City of Edmonton","fetched_at":"2026-10-08","detail":"K to Gr 6","sources":[{"source":"City of Edmonton Open Data","source_id":"data.edmonton.ca/996c-239n#7171"}]}},{"type":"Feature","geometry":{"type":"Point","coordinates":[-113.427265,53.411526]},"properties":{"name":"Shauna May Seneca (EPSB)","category":"school","source":"City of Edmonton Open Data","source_id":"data.edmonton.ca/996c-239n#1929","licence":"Open Government Licence - City of Edmonton","fetched_at":"2026-10-08","detail":"K to Gr 9","sources":[{"source":"City of Edmonton Open Data","source_id":"data.edmonton.ca/996c-239n#1929"}]}},{"type":"Feature","geometry":{"type":"Point","coordinates":[-113.407973,53.5943]},"properties":{"name":"Sifton (EPSB)","category":"school","source":"City of Edmonton Open Data","source_id":"data.edmonton.ca/996c-239n#7238","licence":"Open Government Licence - City of Edmonton","fetched_at":"2026-10-08","detail":"K to Gr 6","sources":[{"source":"City of Edmonton Open Data","source_id":"data.edmonton.ca/996c-239n#7238"}]}},{"type":"Feature","geometry":{"type":"Point","coordinates":[-113.554892,53.591935]},"properties":{"name":"Sir John Thompson (Catholic)","category":"school","source":"City of Edmonton Open Data","source_id":"data.edmonton.ca/gfxq-u8uu#8207","licence":"Open Government Licence - City of Edmonton","fetched_at":"2026-10-08","detail":"Grade 7 to Grade 9","sources":[{"source":"City of Edmonton Open Data","source_id":"data.edmonton.ca/gfxq-u8uu#8207"}]}},{"type":"Feature","geometry":{"type":"Point","coordinates":[-113.682936,53.490966]},"properties":{"name":"Sister Annata Brockman (Catholic)","category":"school","source":"City of Edmonton Open Data","source_id":"data.edmonton.ca/gfxq-u8uu#1427","licence":"Open Government Licence - City of Edmonton","fetched_at":"2026-10-08","detail":"Kindergarten to Grade 9","sources":[{"source":"City of Edmonton Open Data","source_id":"data.edmonton.ca/gfxq-u8uu#1427"}]}},{"type":"Feature","geometry":{"type":"Point","coordinates":[-113.435642,53.633103]},"properties":{"name":"Soraya Hafez (EPSB)","category":"school","source":"City of Edmonton Open Data","source_id":"data.edmonton.ca/996c-239n#2172","licence":"Open Government Licence - City of Edmonton","fetched_at":"2026-10-08","detail":"K to Gr 6","sources":[{"source":"City of Edmonton Open Data","source_id":"data.edmonton.ca/996c-239n#2172"}]}},{"type":"Feature","geometry":{"type":"Point","coordinates":[-113.496243,53.5652]},"properties":{"name":"Spruce Avenue (EPSB)","category":"school","source":"City of Edmonton Open Data","source_id":"data.edmonton.ca/996c-239n#7537","licence":"Open Government Licence - City of Edmonton","fetched_at":"2026-10-08","detail":"Gr 7 to 9","sources":[{"source":"City of Edmonton Open Data","source_id":"data.edmonton.ca/996c-239n#7537"}]}},{"type":"Feature","geometry":{"type":"Point","coordinates":[-113.466381,53.567873]},"properties":{"name":"St. Alphonsus (Catholic)","category":"school","source":"City of Edmonton Open Data","source_id":"data.edmonton.ca/gfxq-u8uu#8208","licence":"Open Government Licence - City of Edmonton","fetched_at":"2026-10-08","detail":"Kindergarten to Grade 9","sources":[{"source":"City of Edmonton Open Data","source_id":"data.edmonton.ca/gfxq-u8uu#8208"}]}},{"type":"Feature","geometry":{"type":"Point","coordinates":[-113.550417,53.595661]},"properties":{"name":"St. Angela (Catholic)","category":"school","source":"City of Edmonton Open Data","source_id":"data.edmonton.ca/gfxq-u8uu#8013","licence":"Open Government Licence - City of Edmonton","fetched_at":"2026-10-08","detail":"Kindergarten to Grade 6","sources":[{"source":"City of Edmonton Open Data","source_id":"data.edmonton.ca/gfxq-u8uu#8013"}]}},{"type":"Feature","geometry":{"type":"Point","coordinates":[-113.485206,53.603873]},"properties":{"name":"St. Anne (Catholic)","category":"school","source":"City of Edmonton Open Data","source_id":"data.edmonton.ca/gfxq-u8uu#8042","licence":"Open Government Licence - City of Edmonton","fetched_at":"2026-10-08","detail":"Kindergarten to Grade 6","sources":[{"source":"City of Edmonton Open Data","source_id":"data.edmonton.ca/gfxq-u8uu#8042"}]}},{"type":"Feature","geometry":{"type":"Point","coordinates":[-113.505337,53.473747]},"properties":{"name":"St. Augustine (Catholic)","category":"school","source":"City of Edmonton Open Data","source_id":"data.edmonton.ca/gfxq-u8uu#8038","licence":"Open Government Licence - City of Edmonton","fetched_at":"2026-10-08","detail":"Kindergarten to Grade 6","sources":[{"source":"City of Edmonton Open Data","source_id":"data.edmonton.ca/gfxq-u8uu#8038"}]}},{"type":"Feature","geometry":{"type":"Point","coordinates":[-113.633545,53.526189]},"properties":{"name":"St. Benedict (Catholic)","category":"school","source":"City of Edmonton Open Data","source_id":"data.edmonton.ca/gfxq-u8uu#8232","licence":"Open Government Licence - City of Edmonton","fetched_at":"2026-10-08","detail":"Kindergarten to Grade 6","sources":[{"source":"City of Edmonton Open Data","source_id":"data.edmonton.ca/gfxq-u8uu#8232"}]}},{"type":"Feature","geometry":{"type":"Point","coordinates":[-113.402317,53.57272]},"properties":{"name":"St. Bernadette (Catholic)","category":"school","source":"City of Edmonton Open Data","source_id":"data.edmonton.ca/gfxq-u8uu#8016","licence":"Open Government Licence - City of Edmonton","fetched_at":"2026-10-08","detail":"Kindergarten to Grade 6","sources":[{"source":"City of Edmonton Open Data","source_id":"data.edmonton.ca/gfxq-u8uu#8016"}]}},{"type":"Feature","geometry":{"type":"Point","coordinates":[-113.388742,53.603311]},"properties":{"name":"St. Bonaventure (Catholic)","category":"school","source":"City of Edmonton Open Data","source_id":"data.edmonton.ca/gfxq-u8uu#8054","licence":"Open Government Licence - City of Edmonton","fetched_at":"2026-10-08","detail":"Kindergarten to Grade 6","sources":[{"source":"City of Edmonton Open Data","source_id":"data.edmonton.ca/gfxq-u8uu#8054"}]}},{"type":"Feature","geometry":{"type":"Point","coordinates":[-113.537385,53.476785]},"properties":{"name":"St. Boniface (Catholic)","category":"school","source":"City of Edmonton Open Data","source_id":"data.edmonton.ca/gfxq-u8uu#8018","licence":"Open Government Licence - City of Edmonton","fetched_at":"2026-10-08","detail":"Kindergarten to Grade 6","sources":[{"source":"City of Edmonton Open Data","source_id":"data.edmonton.ca/gfxq-u8uu#8018"}]}},{"type":"Feature","geometry":{"type":"Point","coordinates":[-113.424949,53.529481]},"properties":{"name":"St. Brendan (Catholic)","category":"school","source":"City of Edmonton Open Data","source_id":"data.edmonton.ca/gfxq-u8uu#1970","licence":"Open Government Licence - City of Edmonton","fetched_at":"2026-10-08","detail":"Kindergarten to Grade 9","sources":[{"source":"City of Edmonton Open Data","source_id":"data.edmonton.ca/gfxq-u8uu#1970"}]}},{"type":"Feature","geometry":{"type":"Point","coordinates":[-113.509848,53.556218]},"properties":{"name":"St. Catherine (Catholic)","category":"school","source":"City of Edmonton Open Data","source_id":"data.edmonton.ca/gfxq-u8uu#8212","licence":"Open Government Licence - City of Edmonton","fetched_at":"2026-10-08","detail":"Kindergarten to Grade 9","sources":[{"source":"City of Edmonton Open Data","source_id":"data.edmonton.ca/gfxq-u8uu#8212"}]}},{"type":"Feature","geometry":{"type":"Point","coordinates":[-113.477696,53.592695]},"properties":{"name":"St. Cecilia (Catholic)","category":"school","source":"City of Edmonton Open Data","source_id":"data.edmonton.ca/gfxq-u8uu#8213","licence":"Open Government Licence - City of Edmonton","fetched_at":"2026-10-08","detail":"Grade 7 to Grade 9","sources":[{"source":"City of Edmonton Open Data","source_id":"data.edmonton.ca/gfxq-u8uu#8213"}]}},{"type":"Feature","geometry":{"type":"Point","coordinates":[-113.503357,53.632817]},"properties":{"name":"St. Charles (Catholic)","category":"school","source":"City of Edmonton Open Data","source_id":"data.edmonton.ca/gfxq-u8uu#8057","licence":"Open Government Licence - City of Edmonton","fetched_at":"2026-10-08","detail":"Kindergarten to Grade 6","sources":[{"source":"City of Edmonton Open Data","source_id":"data.edmonton.ca/gfxq-u8uu#8057"}]}},{"type":"Feature","geometry":{"type":"Point","coordinates":[-113.449843,53.446191]},"properties":{"name":"St. Clement (Catholic)","category":"school","source":"City of Edmonton Open Data","source_id":"data.edmonton.ca/gfxq-u8uu#8231","licence":"Open Government Licence - City of Edmonton","fetched_at":"2026-10-08","detail":"Kindergarten to Grade 9","sources":[{"source":"City of Edmonton Open Data","source_id":"data.edmonton.ca/gfxq-u8uu#8231"}]}},{"type":"Feature","geometry":{"type":"Point","coordinates":[-113.433171,53.606466]},"properties":{"name":"St. Dominic (Catholic)","category":"school","source":"City of Edmonton Open Data","source_id":"data.edmonton.ca/gfxq-u8uu#8020","licence":"Open Government Licence - City of Edmonton","fetched_at":"2026-10-08","detail":"Kindergarten to Grade 6","sources":[{"source":"City of Edmonton Open Data","source_id":"data.edmonton.ca/gfxq-u8uu#8020"}]}},{"type":"Feature","geometry":{"type":"Point","coordinates":[-113.52482,53.590334]},"properties":{"name":"St. Edmund (Catholic)","category":"school","source":"City of Edmonton Open Data","source_id":"data.edmonton.ca/gfxq-u8uu#8215","licence":"Open Government Licence - City of Edmonton","fetched_at":"2026-10-08","detail":"Kindergarten to Grade 9","sources":[{"source":"City of Edmonton Open Data","source_id":"data.edmonton.ca/gfxq-u8uu#8215"}]}},{"type":"Feature","geometry":{"type":"Point","coordinates":[-113.451412,53.468801]},"properties":{"name":"St. Elizabeth (Catholic)","category":"school","source":"City of Edmonton Open Data","source_id":"data.edmonton.ca/gfxq-u8uu#8041","licence":"Open Government Licence - City of Edmonton","fetched_at":"2026-10-08","detail":"Kindergarten to Grade 6","sources":[{"source":"City of Edmonton Open Data","source_id":"data.edmonton.ca/gfxq-u8uu#8041"}]}},{"type":"Feature","geometry":{"type":"Point","coordinates":[-113.396972,53.595362]},"properties":{"name":"St. Elizabeth Seton (Catholic)","category":"school","source":"City of Edmonton Open Data","source_id":"data.edmonton.ca/gfxq-u8uu#8230","licence":"Open Government Licence - City of Edmonton","fetched_at":"2026-10-08","detail":"Kindergarten to Grade 9","sources":[{"source":"City of Edmonton Open Data","source_id":"data.edmonton.ca/gfxq-u8uu#8230"}]}},{"type":"Feature","geometry":{"type":"Point","coordinates":[-113.603412,53.529789]},"properties":{"name":"St. Francis Xavier (Catholic)","category":"school","source":"City of Edmonton Open Data","source_id":"data.edmonton.ca/gfxq-u8uu#8405","licence":"Open Government Licence - City of Edmonton","fetched_at":"2026-10-08","detail":"Grade 10 to Grade 12","sources":[{"source":"City of Edmonton Open Data","source_id":"data.edmonton.ca/gfxq-u8uu#8405"}]}},{"type":"Feature","geometry":{"type":"Point","coordinates":[-113.443879,53.588207]},"properties":{"name":"St. Francis of Assisi (Catholic)","category":"school","source":"City of Edmonton Open Data","source_id":"data.edmonton.ca/gfxq-u8uu#8216","licence":"Open Government Licence - City of Edmonton","fetched_at":"2026-10-08","detail":"Kindergarten to Grade 6","sources":[{"source":"City of Edmonton Open Data","source_id":"data.edmonton.ca/gfxq-u8uu#8216"}]}},{"type":"Feature","geometry":{"type":"Point","coordinates":[-113.424251,53.551014]},"properties":{"name":"St. Gabriel (Catholic)","category":"school","source":"City of Edmonton Open Data","source_id":"data.edmonton.ca/gfxq-u8uu#8217","licence":"Open Government Licence - City of Edmonton","fetched_at":"2026-10-08","detail":"Kindergarten to Grade 6","sources":[{"source":"City of Edmonton Open Data","source_id":"data.edmonton.ca/gfxq-u8uu#8217"}]}},{"type":"Feature","geometry":{"type":"Point","coordinates":[-113.470407,53.580503]},"properties":{"name":"St. Gerard (Catholic)","category":"school","source":"City of Edmonton Open Data","source_id":"data.edmonton.ca/gfxq-u8uu#8022","licence":"Open Government Licence - City of Edmonton","fetched_at":"2026-10-08","detail":"Kindergarten to Grade 6","sources":[{"source":"City of Edmonton Open Data","source_id":"data.edmonton.ca/gfxq-u8uu#8022"}]}},{"type":"Feature","geometry":{"type":"Point","coordinates":[-113.451361,53.473763]},"properties":{"name":"St. Hilda (Catholic)","category":"school","source":"City of Edmonton Open Data","source_id":"data.edmonton.ca/gfxq-u8uu#8044","licence":"Open Government Licence - City of Edmonton","fetched_at":"2026-10-08","detail":"Grade 7 to Grade 9","sources":[{"source":"City of Edmonton Open Data","source_id":"data.edmonton.ca/gfxq-u8uu#8044"}]}},{"type":"Feature","geometry":{"type":"Point","coordinates":[-113.457473,53.621848]},"properties":{"name":"St. John Bosco (Catholic)","category":"school","source":"City of Edmonton Open Data","source_id":"data.edmonton.ca/gfxq-u8uu#8024","licence":"Open Government Licence - City of Edmonton","fetched_at":"2026-10-08","detail":"Kindergarten to Grade 6","sources":[{"source":"City of Edmonton Open Data","source_id":"data.edmonton.ca/gfxq-u8uu#8024"}]}},{"type":"Feature","geometry":{"type":"Point","coordinates":[-113.612185,53.441658]},"properties":{"name":"St. John XXIII (Catholic)","category":"school","source":"City of Edmonton Open Data","source_id":"data.edmonton.ca/gfxq-u8uu#1969","licence":"Open Government Licence - City of Edmonton","fetched_at":"2026-10-08","detail":"Kindergarten to Grade 9","sources":[{"source":"City of Edmonton Open Data","source_id":"data.edmonton.ca/gfxq-u8uu#1969"}]}},{"type":"Feature","geometry":{"type":"Point","coordinates":[-113.50946,53.553876]},"properties":{"name":"St. Joseph (Catholic)","category":"school","source":"City of Edmonton Open Data","source_id":"data.edmonton.ca/gfxq-u8uu#8407","licence":"Open Government Licence - City of Edmonton","fetched_at":"2026-10-08","detail":"Grade 10 to Grade 12","sources":[{"source":"City of Edmonton Open Data","source_id":"data.edmonton.ca/gfxq-u8uu#8407"}]}},{"type":"Feature","geometry":{"type":"Point","coordinates":[-113.69555,53.529329]},"properties":{"name":"St. Josephine Bakhita (Catholic)","category":"school","source":"City of Edmonton Open Data","source_id":"data.edmonton.ca/gfxq-u8uu#2597","licence":"Open Government Licence - City of Edmonton","fetched_at":"2026-10-08","detail":"Kindergarten to Grade 9","sources":[{"source":"City of Edmonton Open Data","source_id":"data.edmonton.ca/gfxq-u8uu#2597"}]}},{"type":"Feature","geometry":{"type":"Point","coordinates":[-113.62293,53.51752]},"properties":{"name":"St. Justin (Catholic)","category":"school","source":"City of Edmonton Open Data","source_id":"data.edmonton.ca/gfxq-u8uu#8040","licence":"Open Government Licence - City of Edmonton","fetched_at":"2026-10-08","detail":"Kindergarten to Grade 6","sources":[{"source":"City of Edmonton Open Data","source_id":"data.edmonton.ca/gfxq-u8uu#8040"}]}},{"type":"Feature","geometry":{"type":"Point","coordinates":[-113.400808,53.476304]},"properties":{"name":"St. Kateri (Catholic)","category":"school","source":"City of Edmonton Open Data","source_id":"data.edmonton.ca/gfxq-u8uu#8238","licence":"Open Government Licence - City of Edmonton","fetched_at":"2026-10-08","detail":"Kindergarten to Grade 6","sources":[{"source":"City of Edmonton Open Data","source_id":"data.edmonton.ca/gfxq-u8uu#8238"}]}},{"type":"Feature","geometry":{"type":"Point","coordinates":[-113.425377,53.575528]},"properties":{"name":"St. Leo (Catholic)","category":"school","source":"City of Edmonton Open Data","source_id":"data.edmonton.ca/gfxq-u8uu#8220","licence":"Open Government Licence - City of Edmonton","fetched_at":"2026-10-08","detail":"Kindergarten to Grade 6","sources":[{"source":"City of Edmonton Open Data","source_id":"data.edmonton.ca/gfxq-u8uu#8220"}]}},{"type":"Feature","geometry":{"type":"Point","coordinates":[-113.526474,53.623232]},"properties":{"name":"St. Lucy (Catholic)","category":"school","source":"City of Edmonton Open Data","source_id":"data.edmonton.ca/gfxq-u8uu#8055","licence":"Open Government Licence - City of Edmonton","fetched_at":"2026-10-08","detail":"Kindergarten to Grade 6","sources":[{"source":"City of Edmonton Open Data","source_id":"data.edmonton.ca/gfxq-u8uu#8055"}]}},{"type":"Feature","geometry":{"type":"Point","coordinates":[-113.407848,53.585541]},"properties":{"name":"St. Maria Goretti (Catholic)","category":"school","source":"City of Edmonton Open Data","source_id":"data.edmonton.ca/gfxq-u8uu#8047","licence":"Open Government Licence - City of Edmonton","fetched_at":"2026-10-08","detail":"Kindergarten to Grade 6","sources":[{"source":"City of Edmonton Open Data","source_id":"data.edmonton.ca/gfxq-u8uu#8047"}]}},{"type":"Feature","geometry":{"type":"Point","coordinates":[-113.553941,53.567424]},"properties":{"name":"St. Mark (Catholic)","category":"school","source":"City of Edmonton Open Data","source_id":"data.edmonton.ca/gfxq-u8uu#8221","licence":"Open Government Licence - City of Edmonton","fetched_at":"2026-10-08","detail":"Grade 7 to Grade 9","sources":[{"source":"City of Edmonton Open Data","source_id":"data.edmonton.ca/gfxq-u8uu#8221"}]}},{"type":"Feature","geometry":{"type":"Point","coordinates":[-113.634696,53.506335]},"properties":{"name":"St. Martha (Catholic)","category":"school","source":"City of Edmonton Open Data","source_id":"data.edmonton.ca/gfxq-u8uu#8050","licence":"Open Government Licence - City of Edmonton","fetched_at":"2026-10-08","detail":"Kindergarten to Grade 6","sources":[{"source":"City of Edmonton Open Data","source_id":"data.edmonton.ca/gfxq-u8uu#8050"}]}},{"type":"Feature","geometry":{"type":"Point","coordinates":[-113.522751,53.488756]},"properties":{"name":"St. Martin (Catholic)","category":"school","source":"City of Edmonton Open Data","source_id":"data.edmonton.ca/gfxq-u8uu#8028","licence":"Open Government Licence - City of Edmonton","fetched_at":"2026-10-08","detail":"Kindergarten to Grade 6","sources":[{"source":"City of Edmonton Open Data","source_id":"data.edmonton.ca/gfxq-u8uu#8028"}]}},{"type":"Feature","geometry":{"type":"Point","coordinates":[-113.585154,53.475556]},"properties":{"name":"St. Mary (Catholic)","category":"school","source":"City of Edmonton Open Data","source_id":"data.edmonton.ca/gfxq-u8uu#8237","licence":"Open Government Licence - City of Edmonton","fetched_at":"2026-10-08","detail":"Kindergarten to Grade 6","sources":[{"source":"City of Edmonton Open Data","source_id":"data.edmonton.ca/gfxq-u8uu#8237"}]}},{"type":"Feature","geometry":{"type":"Point","coordinates":[-113.475234,53.591812]},"properties":{"name":"St. Matthew (Catholic)","category":"school","source":"City of Edmonton Open Data","source_id":"data.edmonton.ca/gfxq-u8uu#8029","licence":"Open Government Licence - City of Edmonton","fetched_at":"2026-10-08","detail":"Kindergarten to Grade 6","sources":[{"source":"City of Edmonton Open Data","source_id":"data.edmonton.ca/gfxq-u8uu#8029"}]}},{"type":"Feature","geometry":{"type":"Point","coordinates":[-113.574143,53.490943]},"properties":{"name":"St. Monica (Catholic)","category":"school","source":"City of Edmonton Open Data","source_id":"data.edmonton.ca/gfxq-u8uu#8039","licence":"Open Government Licence - City of Edmonton","fetched_at":"2026-10-08","detail":"Pre-Kindergarten","sources":[{"source":"City of Edmonton Open Data","source_id":"data.edmonton.ca/gfxq-u8uu#8039"}]}},{"type":"Feature","geometry":{"type":"Point","coordinates":[-113.39902,53.567337]},"properties":{"name":"St. Nicholas (Catholic)","category":"school","source":"City of Edmonton Open Data","source_id":"data.edmonton.ca/gfxq-u8uu#8223","licence":"Open Government Licence - City of Edmonton","fetched_at":"2026-10-08","detail":"Grade 7 to Grade 9","sources":[{"source":"City of Edmonton Open Data","source_id":"data.edmonton.ca/gfxq-u8uu#8223"}]}},{"type":"Feature","geometry":{"type":"Point","coordinates":[-113.629903,53.504139]},"properties":{"name":"St. Oscar Romero (Catholic)","category":"school","source":"City of Edmonton Open Data","source_id":"data.edmonton.ca/gfxq-u8uu#8428","licence":"Open Government Licence - City of Edmonton","fetched_at":"2026-10-08","detail":"Grade 10 to Grade 12","sources":[{"source":"City of Edmonton Open Data","source_id":"data.edmonton.ca/gfxq-u8uu#8428"}]}},{"type":"Feature","geometry":{"type":"Point","coordinates":[-113.571943,53.533186]},"properties":{"name":"St. Paul (Catholic)","category":"school","source":"City of Edmonton Open Data","source_id":"data.edmonton.ca/gfxq-u8uu#8225","licence":"Open Government Licence - City of Edmonton","fetched_at":"2026-10-08","detail":"Kindergarten to Grade 6","sources":[{"source":"City of Edmonton Open Data","source_id":"data.edmonton.ca/gfxq-u8uu#8225"}]}},{"type":"Feature","geometry":{"type":"Point","coordinates":[-113.474759,53.606771]},"properties":{"name":"St. Philip (Catholic)","category":"school","source":"City of Edmonton Open Data","source_id":"data.edmonton.ca/gfxq-u8uu#8037","licence":"Open Government Licence - City of Edmonton","fetched_at":"2026-10-08","detail":"Kindergarten to Grade 6","sources":[{"source":"City of Edmonton Open Data","source_id":"data.edmonton.ca/gfxq-u8uu#8037"}]}},{"type":"Feature","geometry":{"type":"Point","coordinates":[-113.543408,53.577523]},"properties":{"name":"St. Pius X (Catholic)","category":"school","source":"City of Edmonton Open Data","source_id":"data.edmonton.ca/gfxq-u8uu#8226","licence":"Open Government Licence - City of Edmonton","fetched_at":"2026-10-08","detail":"Kindergarten to Grade 6","sources":[{"source":"City of Edmonton Open Data","source_id":"data.edmonton.ca/gfxq-u8uu#8226"}]}},{"type":"Feature","geometry":{"type":"Point","coordinates":[-113.427727,53.446117]},"properties":{"name":"St. Richard (Catholic)","category":"school","source":"City of Edmonton Open Data","source_id":"data.edmonton.ca/gfxq-u8uu#8056","licence":"Open Government Licence - City of Edmonton","fetched_at":"2026-10-08","detail":"Kindergarten to Grade 6","sources":[{"source":"City of Edmonton Open Data","source_id":"data.edmonton.ca/gfxq-u8uu#8056"}]}},{"type":"Feature","geometry":{"type":"Point","coordinates":[-113.569706,53.521235]},"properties":{"name":"St. Rose (Catholic)","category":"school","source":"City of Edmonton Open Data","source_id":"data.edmonton.ca/gfxq-u8uu#8227","licence":"Open Government Licence - City of Edmonton","fetched_at":"2026-10-08","detail":"Grade 7 to Grade 9","sources":[{"source":"City of Edmonton Open Data","source_id":"data.edmonton.ca/gfxq-u8uu#8227"}]}},{"type":"Feature","geometry":{"type":"Point","coordinates":[-113.52595,53.474307]},"properties":{"name":"St. Stanislaus (Catholic)","category":"school","source":"City of Edmonton Open Data","source_id":"data.edmonton.ca/gfxq-u8uu#8032","licence":"Open Government Licence - City of Edmonton","fetched_at":"2026-10-08","detail":"Kindergarten to Grade 6","sources":[{"source":"City of Edmonton Open Data","source_id":"data.edmonton.ca/gfxq-u8uu#8032"}]}},{"type":"Feature","geometry":{"type":"Point","coordinates":[-113.527074,53.457387]},"properties":{"name":"St. Teresa (Catholic)","category":"school","source":"City of Edmonton Open Data","source_id":"data.edmonton.ca/gfxq-u8uu#8051","licence":"Open Government Licence - City of Edmonton","fetched_at":"2026-10-08","detail":"Kindergarten to Grade 6","sources":[{"source":"City of Edmonton Open Data","source_id":"data.edmonton.ca/gfxq-u8uu#8051"}]}},{"type":"Feature","geometry":{"type":"Point","coordinates":[-113.475699,53.552213]},"properties":{"name":"St. Teresa of Calcutta (Catholic)","category":"school","source":"City of Edmonton Open Data","source_id":"data.edmonton.ca/gfxq-u8uu#8027","licence":"Open Government Licence - City of Edmonton","fetched_at":"2026-10-08","detail":"Kindergarten to Grade 6","sources":[{"source":"City of Edmonton Open Data","source_id":"data.edmonton.ca/gfxq-u8uu#8027"}]}},{"type":"Feature","geometry":{"type":"Point","coordinates":[-113.554431,53.397826]},"properties":{"name":"St. Thomas Aquinas (Catholic)","category":"school","source":"City of Edmonton Open Data","source_id":"data.edmonton.ca/gfxq-u8uu#1971","licence":"Open Government Licence - City of Edmonton","fetched_at":"2026-10-08","detail":"Kindergarten to Grade 8","sources":[{"source":"City of Edmonton Open Data","source_id":"data.edmonton.ca/gfxq-u8uu#1971"}]}},{"type":"Feature","geometry":{"type":"Point","coordinates":[-113.606803,53.533558]},"properties":{"name":"St. Thomas More (Catholic)","category":"school","source":"City of Edmonton Open Data","source_id":"data.edmonton.ca/gfxq-u8uu#8228","licence":"Open Government Licence - City of Edmonton","fetched_at":"2026-10-08","detail":"Grade 7 to Grade 9","sources":[{"source":"City of Edmonton Open Data","source_id":"data.edmonton.ca/gfxq-u8uu#8228"}]}},{"type":"Feature","geometry":{"type":"Point","coordinates":[-113.524107,53.605824]},"properties":{"name":"St. Timothy (Catholic)","category":"school","source":"City of Edmonton Open Data","source_id":"data.edmonton.ca/gfxq-u8uu#8045","licence":"Open Government Licence - City of Edmonton","fetched_at":"2026-10-08","detail":"Kindergarten to Grade 6","sources":[{"source":"City of Edmonton Open Data","source_id":"data.edmonton.ca/gfxq-u8uu#8045"}]}},{"type":"Feature","geometry":{"type":"Point","coordinates":[-113.560468,53.548417]},"properties":{"name":"St. Vincent (Catholic)","category":"school","source":"City of Edmonton Open Data","source_id":"data.edmonton.ca/gfxq-u8uu#8229","licence":"Open Government Licence - City of Edmonton","fetched_at":"2026-10-08","detail":"Kindergarten to Grade 6","sources":[{"source":"City of Edmonton Open Data","source_id":"data.edmonton.ca/gfxq-u8uu#8229"}]}},{"type":"Feature","geometry":{"type":"Point","coordinates":[-113.456265,53.592731]},"properties":{"name":"St. Vladimir (Catholic)","category":"school","source":"City of Edmonton Open Data","source_id":"data.edmonton.ca/gfxq-u8uu#8034","licence":"Open Government Licence - City of Edmonton","fetched_at":"2026-10-08","detail":"Kindergarten to Grade 6","sources":[{"source":"City of Edmonton Open Data","source_id":"data.edmonton.ca/gfxq-u8uu#8034"}]}},{"type":"Feature","geometry":{"type":"Point","coordinates":[-113.431183,53.60868]},"properties":{"name":"Steele Heights (EPSB)","category":"school","source":"City of Edmonton Open Data","source_id":"data.edmonton.ca/996c-239n#7532","licence":"Open Government Licence - City of Edmonton","fetched_at":"2026-10-08","detail":"Gr 7 to 9","sources":[{"source":"City of Edmonton Open Data","source_id":"data.edmonton.ca/996c-239n#7532"}]}},{"type":"Feature","geometry":{"type":"Point","coordinates":[-113.506265,53.464272]},"properties":{"name":"Steinhauer (EPSB)","category":"school","source":"City of Edmonton Open Data","source_id":"data.edmonton.ca/996c-239n#7241","licence":"Open Government Licence - City of Edmonton","fetched_at":"2026-10-08","detail":"K to Gr 6","sources":[{"source":"City of Edmonton Open Data","source_id":"data.edmonton.ca/996c-239n#7241"}]}},{"type":"Feature","geometry":{"type":"Point","coordinates":[-113.58441,53.520043]},"properties":{"name":"Stratford (EPSB)","category":"school","source":"City of Edmonton Open Data","source_id":"data.edmonton.ca/996c-239n#7553","licence":"Open Government Licence - City of Edmonton","fetched_at":"2026-10-08","detail":"K to Gr 9","sources":[{"source":"City of Edmonton Open Data","source_id":"data.edmonton.ca/996c-239n#7553"}]}},{"type":"Feature","geometry":{"type":"Point","coordinates":[-113.500109,53.508865]},"properties":{"name":"Strathcona (EPSB)","category":"school","source":"City of Edmonton Open Data","source_id":"data.edmonton.ca/996c-239n#7054","licence":"Open Government Licence - City of Edmonton","fetched_at":"2026-10-08","detail":"Gr 10 to 12","sources":[{"source":"City of Edmonton Open Data","source_id":"data.edmonton.ca/996c-239n#7054"}]}},{"type":"Feature","geometry":{"type":"Point","coordinates":[-113.374104,53.445534]},"properties":{"name":"Svend Hansen (EPSB)","category":"school","source":"City of Edmonton Open Data","source_id":"data.edmonton.ca/996c-239n#1928","licence":"Open Government Licence - City of Edmonton","fetched_at":"2026-10-08","detail":"K to Gr 9","sources":[{"source":"City of Edmonton Open Data","source_id":"data.edmonton.ca/996c-239n#1928"}]}},{"type":"Feature","geometry":{"type":"Point","coordinates":[-113.527632,53.463256]},"properties":{"name":"Sweet Grass (EPSB)","category":"school","source":"City of Edmonton Open Data","source_id":"data.edmonton.ca/996c-239n#7243","licence":"Open Government Licence - City of Edmonton","fetched_at":"2026-10-08","detail":"K to Gr 6","sources":[{"source":"City of Edmonton Open Data","source_id":"data.edmonton.ca/996c-239n#7243"}]}},{"type":"Feature","geometry":{"type":"Point","coordinates":[-113.405747,53.448095]},"properties":{"name":"T. D. Baker (EPSB)","category":"school","source":"City of Edmonton Open Data","source_id":"data.edmonton.ca/996c-239n#7570","licence":"Open Government Licence - City of Edmonton","fetched_at":"2026-10-08","detail":"Gr 7 to 9","sources":[{"source":"City of Edmonton Open Data","source_id":"data.edmonton.ca/996c-239n#7570"}]}},{"type":"Feature","geometry":{"type":"Point","coordinates":[-113.621652,53.499884]},"properties":{"name":"Talmud Torah (EPSB)","category":"school","source":"City of Edmonton Open Data","source_id":"data.edmonton.ca/996c-239n#7911","licence":"Open Government Licence - City of Edmonton","fetched_at":"2026-10-08","detail":"K to Gr 6","sources":[{"source":"City of Edmonton Open Data","source_id":"data.edmonton.ca/996c-239n#7911"}]}},{"type":"Feature","geometry":{"type":"Point","coordinates":[-113.52422,53.499727]},"properties":{"name":"Tevie Miller Hrtg Sc (EPSB)","category":"school","source":"City of Edmonton Open Data","source_id":"data.edmonton.ca/996c-239n#7772","licence":"Open Government Licence - City of Edmonton","fetched_at":"2026-10-08","detail":"K to Gr 6; also listed as: AB School for Deaf (EPSB)","sources":[{"source":"City of Edmonton Open Data","source_id":"data.edmonton.ca/996c-239n#7772"},{"source":"City of Edmonton Open Data","source_id":"data.edmonton.ca/996c-239n#7730"}]}},{"type":"Feature","geometry":{"type":"Point","coordinates":[-113.38239,53.480728]},"properties":{"name":"Thelma Chalifoux (EPSB)","category":"school","source":"City of Edmonton Open Data","source_id":"data.edmonton.ca/996c-239n#2169","licence":"Open Government Licence - City of Edmonton","fetched_at":"2026-10-08","detail":"Gr 7 to 9","sources":[{"source":"City of Edmonton Open Data","source_id":"data.edmonton.ca/996c-239n#2169"}]}},{"type":"Feature","geometry":{"type":"Point","coordinates":[-113.622384,53.516085]},"properties":{"name":"Thorncliffe (EPSB)","category":"school","source":"City of Edmonton Open Data","source_id":"data.edmonton.ca/996c-239n#7216","licence":"Open Government Licence - City of Edmonton","fetched_at":"2026-10-08","detail":"K to Gr 6","sources":[{"source":"City of Edmonton Open Data","source_id":"data.edmonton.ca/996c-239n#7216"}]}},{"type":"Feature","geometry":{"type":"Point","coordinates":[-113.45862,53.462937]},"properties":{"name":"Tipaskan (EPSB)","category":"school","source":"City of Edmonton Open Data","source_id":"data.edmonton.ca/996c-239n#7270","licence":"Open Government Licence - City of Edmonton","fetched_at":"2026-10-08","detail":"K to Gr 6","sources":[{"source":"City of Edmonton Open Data","source_id":"data.edmonton.ca/996c-239n#7270"}]}},{"type":"Feature","geometry":{"type":"Point","coordinates":[-113.385434,53.481021]},"properties":{"name":"Velma E. Baker (EPSB)","category":"school","source":"City of Edmonton Open Data","source_id":"data.edmonton.ca/996c-239n#7280","licence":"Open Government Licence - City of Edmonton","fetched_at":"2026-10-08","detail":"K to Gr 6","sources":[{"source":"City of Edmonton Open Data","source_id":"data.edmonton.ca/996c-239n#7280"}]}},{"type":"Feature","geometry":{"type":"Point","coordinates":[-113.542317,53.473501]},"properties":{"name":"Vernon Barford (EPSB)","category":"school","source":"City of Edmonton Open Data","source_id":"data.edmonton.ca/996c-239n#7557","licence":"Open Government Licence - City of Edmonton","fetched_at":"2026-10-08","detail":"Gr 7 to 9","sources":[{"source":"City of Edmonton Open Data","source_id":"data.edmonton.ca/996c-239n#7557"}]}},{"type":"Feature","geometry":{"type":"Point","coordinates":[-113.495594,53.553568]},"properties":{"name":"Victoria (EPSB)","category":"school","source":"City of Edmonton Open Data","source_id":"data.edmonton.ca/996c-239n#7055","licence":"Open Government Licence - City of Edmonton","fetched_at":"2026-10-08","detail":"K to Gr 12","sources":[{"source":"City of Edmonton Open Data","source_id":"data.edmonton.ca/996c-239n#7055"}]}},{"type":"Feature","geometry":{"type":"Point","coordinates":[-113.453838,53.524742]},"properties":{"name":"Vimy Ridge Academy (EPSB)","category":"school","source":"City of Edmonton Open Data","source_id":"data.edmonton.ca/996c-239n#7050","licence":"Open Government Licence - City of Edmonton","fetched_at":"2026-10-08","detail":"Gr 7 to 12","sources":[{"source":"City of Edmonton Open Data","source_id":"data.edmonton.ca/996c-239n#7050"}]}},{"type":"Feature","geometry":{"type":"Point","coordinates":[-113.448464,53.560395]},"properties":{"name":"Virginia Park (EPSB)","category":"school","source":"City of Edmonton Open Data","source_id":"data.edmonton.ca/996c-239n#7177","licence":"Open Government Licence - City of Edmonton","fetched_at":"2026-10-08","detail":"K to Gr 6","sources":[{"source":"City of Edmonton Open Data","source_id":"data.edmonton.ca/996c-239n#7177"}]}},{"type":"Feature","geometry":{"type":"Point","coordinates":[-113.449959,53.499992]},"properties":{"name":"W. P. Wagner (EPSB)","category":"school","source":"City of Edmonton Open Data","source_id":"data.edmonton.ca/996c-239n#7057","licence":"Open Government Licence - City of Edmonton","fetched_at":"2026-10-08","detail":"Gr 10 to 12","sources":[{"source":"City of Edmonton Open Data","source_id":"data.edmonton.ca/996c-239n#7057"}]}},{"type":"Feature","geometry":{"type":"Point","coordinates":[-113.433436,53.523835]},"properties":{"name":"Waverley (EPSB)","category":"school","source":"City of Edmonton Open Data","source_id":"data.edmonton.ca/996c-239n#7189","licence":"Open Government Licence - City of Edmonton","fetched_at":"2026-10-08","detail":"K to Gr 6","sources":[{"source":"City of Edmonton Open Data","source_id":"data.edmonton.ca/996c-239n#7189"}]}},{"type":"Feature","geometry":{"type":"Point","coordinates":[-113.415944,53.460119]},"properties":{"name":"Weinlos (EPSB)","category":"school","source":"City of Edmonton Open Data","source_id":"data.edmonton.ca/996c-239n#7265","licence":"Open Government Licence - City of Edmonton","fetched_at":"2026-10-08","detail":"K to Gr 6","sources":[{"source":"City of Edmonton Open Data","source_id":"data.edmonton.ca/996c-239n#7265"}]}},{"type":"Feature","geometry":{"type":"Point","coordinates":[-113.539931,53.475859]},"properties":{"name":"Westbrook (EPSB)","category":"school","source":"City of Edmonton Open Data","source_id":"data.edmonton.ca/996c-239n#7197","licence":"Open Government Licence - City of Edmonton","fetched_at":"2026-10-08","detail":"K to Gr 6","sources":[{"source":"City of Edmonton Open Data","source_id":"data.edmonton.ca/996c-239n#7197"}]}},{"type":"Feature","geometry":{"type":"Point","coordinates":[-113.541964,53.554778]},"properties":{"name":"Westglen (EPSB)","category":"school","source":"City of Edmonton Open Data","source_id":"data.edmonton.ca/996c-239n#7542","licence":"Open Government Licence - City of Edmonton","fetched_at":"2026-10-08","detail":"K to Gr 6","sources":[{"source":"City of Edmonton Open Data","source_id":"data.edmonton.ca/996c-239n#7542"}]}},{"type":"Feature","geometry":{"type":"Point","coordinates":[-113.558774,53.54657]},"properties":{"name":"Westminster (EPSB)","category":"school","source":"City of Edmonton Open Data","source_id":"data.edmonton.ca/996c-239n#7543","licence":"Open Government Licence - City of Edmonton","fetched_at":"2026-10-08","detail":"Gr 7 to 9","sources":[{"source":"City of Edmonton Open Data","source_id":"data.edmonton.ca/996c-239n#7543"}]}},{"type":"Feature","geometry":{"type":"Point","coordinates":[-113.547055,53.559708]},"properties":{"name":"Westmount (EPSB)","category":"school","source":"City of Edmonton Open Data","source_id":"data.edmonton.ca/996c-239n#7544","licence":"Open Government Licence - City of Edmonton","fetched_at":"2026-10-08","detail":"Gr 7 to 9","sources":[{"source":"City of Edmonton Open Data","source_id":"data.edmonton.ca/996c-239n#7544"}]}},{"type":"Feature","geometry":{"type":"Point","coordinates":[-113.535122,53.524002]},"properties":{"name":"Windsor Park (EPSB)","category":"school","source":"City of Edmonton Open Data","source_id":"data.edmonton.ca/996c-239n#7182","licence":"Open Government Licence - City of Edmonton","fetched_at":"2026-10-08","detail":"K to Gr 6","sources":[{"source":"City of Edmonton Open Data","source_id":"data.edmonton.ca/996c-239n#7182"}]}},{"type":"Feature","geometry":{"type":"Point","coordinates":[-113.688302,53.534415]},"properties":{"name":"Winterburn (EPSB)","category":"school","source":"City of Edmonton Open Data","source_id":"data.edmonton.ca/996c-239n#7569","licence":"Open Government Licence - City of Edmonton","fetched_at":"2026-10-08","detail":"K to Gr 6","sources":[{"source":"City of Edmonton Open Data","source_id":"data.edmonton.ca/996c-239n#7569"}]}},{"type":"Feature","geometry":{"type":"Point","coordinates":[-113.524017,53.543758]},"properties":{"name":"Wîhkwêntôwin (EPSB)","category":"school","source":"City of Edmonton Open Data","source_id":"data.edmonton.ca/996c-239n#7527","licence":"Open Government Licence - City of Edmonton","fetched_at":"2026-10-08","detail":"K to Gr 9","sources":[{"source":"City of Edmonton Open Data","source_id":"data.edmonton.ca/996c-239n#7527"}]}},{"type":"Feature","geometry":{"type":"Point","coordinates":[-113.434913,53.60154]},"properties":{"name":"York (EPSB)","category":"school","source":"City of Edmonton Open Data","source_id":"data.edmonton.ca/996c-239n#7198","licence":"Open Government Licence - City of Edmonton","fetched_at":"2026-10-08","detail":"K to Gr 6","sources":[{"source":"City of Edmonton Open Data","source_id":"data.edmonton.ca/996c-239n#7198"}]}},{"type":"Feature","geometry":{"type":"Point","coordinates":[-113.603479,53.545701]},"properties":{"name":"Youngstown (EPSB)","category":"school","source":"City of Edmonton Open Data","source_id":"data.edmonton.ca/996c-239n#7213","licence":"Open Government Licence - City of Edmonton","fetched_at":"2026-10-08","detail":"K to Gr 6","sources":[{"source":"City of Edmonton Open Data","source_id":"data.edmonton.ca/996c-239n#7213"}]}},{"type":"Feature","geometry":{"type":"Point","coordinates":[-113.522898,53.570894]},"properties":{"name":"amiskwaciy Academy (EPSB)","category":"school","source":"City of Edmonton Open Data","source_id":"data.edmonton.ca/996c-239n#0484","licence":"Open Government Licence - City of Edmonton","fetched_at":"2026-10-08","detail":"Gr 7 to 12","sources":[{"source":"City of Edmonton Open Data","source_id":"data.edmonton.ca/996c-239n#0484"}]}},{"type":"Feature","geometry":{"type":"Point","coordinates":[-113.540208,53.578625]},"properties":{"name":"awâsis waciston (EPSB)","category":"school","source":"City of Edmonton Open Data","source_id":"data.edmonton.ca/996c-239n#7161","licence":"Open Government Licence - City of Edmonton","fetched_at":"2026-10-08","detail":"K to Gr 6","sources":[{"source":"City of Edmonton Open Data","source_id":"data.edmonton.ca/996c-239n#7161"}]}},{"type":"Feature","geometry":{"type":"Point","coordinates":[-113.454351,53.445679]},"properties":{"name":"kisêwâtisiwin (EPSB)","category":"school","source":"City of Edmonton Open Data","source_id":"data.edmonton.ca/996c-239n#7563","licence":"Open Government Licence - City of Edmonton","fetched_at":"2026-10-08","detail":"Gr 7 to 9","sources":[{"source":"City of Edmonton Open Data","source_id":"data.edmonton.ca/996c-239n#7563"}]}},{"type":"Feature","geometry":{"type":"Polygon","coordinates":[[[-113.313358,53.637054],[-113.313425,53.634079],[-113.313446,53.632933],[-113.313452,53.632142],[-113.313332,53.628675],[-113.306965,53.628704],[-113.306862,53.62942],[-113.306986,53.63283],[-113.307178,53.636675],[-113.307206,53.637275],[-113.307678,53.637304],[-113.307667,53.637476],[-113.313358,53.637054]]]},"properties":{"name":"Capital Region Wastewater Treatment Plant","category":"water","source":"OpenStreetMap","source_id":"osm:way/390107954","licence":"ODbL 1.0 (c) OpenStreetMap contributors","fetched_at":"2026-10-08","detail":"Wastewater treatment, Arrow Utilities","sources":[{"source":"OpenStreetMap","source_id":"osm:way/390107954"}],"anchor":[-113.310187,53.632942]}},{"type":"Feature","geometry":{"type":"Polygon","coordinates":[[[-113.618609,53.473218],[-113.618617,53.473216],[-113.618582,53.473181],[-113.618569,53.473186],[-113.618235,53.472854],[-113.618243,53.472851],[-113.618183,53.472793],[-113.618181,53.472794],[-113.618044,53.472657],[-113.617961,53.472584],[-113.617858,53.472616],[-113.617725,53.472498],[-113.617709,53.472481],[-113.617058,53.472721],[-113.617153,53.472818],[-113.617319,53.47276],[-113.617466,53.47291],[-113.617462,53.472912],[-113.617541,53.472992],[-113.617041,53.473167],[-113.616921,53.473056],[-113.616875,53.473073],[-113.616842,53.473047],[-113.616679,53.473104],[-113.616695,53.473122],[-113.616619,53.473148],[-113.616606,53.473135],[-113.616526,53.473163],[-113.61631,53.472965],[-113.616363,53.472947],[-113.616272,53.472853],[-113.616235,53.472806],[-113.616293,53.472782],[-113.616309,53.472743],[-113.616623,53.472622],[-113.61665,53.472649],[-113.616782,53.472603],[-113.616867,53.47269],[-113.616988,53.472647],[-113.617026,53.472686],[-113.617087,53.472665],[-113.617496,53.472513],[-113.617684,53.472444],[-113.61773,53.472417],[-113.6175,53.472186],[-113.617446,53.472307],[-113.616849,53.472212],[-113.616928,53.472036],[-113.616898,53.472006],[-113.617129,53.471925],[-113.617433,53.471974],[-113.617566,53.472106],[-113.618277,53.471853],[-113.618063,53.471639],[-113.618379,53.471527],[-113.618589,53.471735],[-113.619099,53.471553],[-113.619533,53.471986],[-113.618615,53.472314],[-113.619627,53.473329],[-113.618942,53.47357],[-113.618609,53.473218]]]},"properties":{"name":"E.L. Smith Water Treatment Plant","category":"water","source":"OpenStreetMap","source_id":"osm:way/321683783","licence":"ODbL 1.0 (c) OpenStreetMap contributors","fetched_at":"2026-10-08","detail":"Water treatment, EPCOR","sources":[{"source":"OpenStreetMap","source_id":"osm:way/321683783"}],"anchor":[-113.618201,53.472506]}},{"type":"Feature","geometry":{"type":"Polygon","coordinates":[[[-113.407033,53.559811],[-113.4083,53.558256],[-113.408331,53.558218],[-113.408381,53.558215],[-113.409019,53.558172],[-113.409498,53.558315],[-113.409891,53.558644],[-113.410126,53.55884],[-113.41052,53.559087],[-113.411009,53.559266],[-113.411458,53.559421],[-113.412369,53.55969],[-113.414621,53.560353],[-113.41815,53.560608],[-113.418306,53.560619],[-113.418258,53.56149],[-113.418227,53.562049],[-113.418181,53.562159],[-113.418111,53.562223],[-113.417914,53.562287],[-113.417703,53.562287],[-113.417287,53.562268],[-113.417285,53.562256],[-113.413918,53.562137],[-113.413217,53.562057],[-113.4124,53.561855],[-113.412314,53.561945],[-113.409753,53.561179],[-113.409823,53.561094],[-113.40817,53.560463],[-113.408004,53.560338],[-113.407944,53.560223],[-113.407033,53.559811]]]},"properties":{"name":"Gold Bar Wastewater Treatment Plant","category":"water","source":"OpenStreetMap","source_id":"osm:way/25461475","licence":"ODbL 1.0 (c) OpenStreetMap contributors","fetched_at":"2026-10-08","detail":"Wastewater treatment, EPCOR","sources":[{"source":"OpenStreetMap","source_id":"osm:way/25461475"}],"anchor":[-113.412549,53.560599]}},{"type":"Feature","geometry":{"type":"Polygon","coordinates":[[[-113.499457,53.530617],[-113.499129,53.530795],[-113.498593,53.530964],[-113.497869,53.530963],[-113.495766,53.530961],[-113.495766,53.530916],[-113.494146,53.530919],[-113.494146,53.530406],[-113.494377,53.530173],[-113.494317,53.529963],[-113.494591,53.529583],[-113.494334,53.529274],[-113.49384,53.529226],[-113.493739,53.529154],[-113.493733,53.528186],[-113.49376,53.52796],[-113.493762,53.527904],[-113.494103,53.527786],[-113.494537,53.5278],[-113.49455,53.528039],[-113.494633,53.528068],[-113.495073,53.528134],[-113.495385,53.528153],[-113.495411,53.528046],[-113.495438,53.528003],[-113.495548,53.527941],[-113.496087,53.527934],[-113.496087,53.528067],[-113.496109,53.528082],[-113.496522,53.528079],[-113.496648,53.528162],[-113.497554,53.528183],[-113.497632,53.528214],[-113.498148,53.528416],[-113.498236,53.528451],[-113.498648,53.528552],[-113.49923,53.528695],[-113.499173,53.529668],[-113.499474,53.530089],[-113.499464,53.530254],[-113.499458,53.530354],[-113.499451,53.530473],[-113.499657,53.530477],[-113.499457,53.530617]]]},"properties":{"name":"Rossdale Water Treatment Plant","category":"water","source":"OpenStreetMap","source_id":"osm:way/598168886","licence":"ODbL 1.0 (c) OpenStreetMap contributors","fetched_at":"2026-10-08","detail":"Water treatment, EPCOR","sources":[{"source":"OpenStreetMap","source_id":"osm:way/598168886"}],"anchor":[-113.496544,53.529519]}},{"type":"Feature","geometry":{"type":"Point","coordinates":[-113.47883,53.499238]},"properties":{"name":"Argyll Substation","category":"power","source":"OpenStreetMap","source_id":"osm:way/259611024","licence":"ODbL 1.0 (c) OpenStreetMap contributors","fetched_at":"2026-10-08","detail":"Substation, 240 kV, transition, EPCOR","sources":[{"source":"OpenStreetMap","source_id":"osm:way/259611024"}]}},{"type":"Feature","geometry":{"type":"Point","coordinates":[-113.40577,53.539395]},"properties":{"name":"At Plastic 4RS Substation","category":"power","source":"OpenStreetMap","source_id":"osm:way/401593165","licence":"ODbL 1.0 (c) OpenStreetMap contributors","fetched_at":"2026-10-08","detail":"Substation, 138 kV, industrial, AltaLink","sources":[{"source":"OpenStreetMap","source_id":"osm:way/401593165"}]}},{"type":"Feature","geometry":{"type":"Point","coordinates":[-113.405921,53.536742]},"properties":{"name":"At Plastic 5RS Substation","category":"power","source":"OpenStreetMap","source_id":"osm:way/401593166","licence":"ODbL 1.0 (c) OpenStreetMap contributors","fetched_at":"2026-10-08","detail":"Substation, 138 kV, industrial, AltaLink","sources":[{"source":"OpenStreetMap","source_id":"osm:way/401593166"}]}},{"type":"Feature","geometry":{"type":"Point","coordinates":[-113.306849,53.589055]},"properties":{"name":"Aurum Substation","category":"power","source":"OpenStreetMap","source_id":"osm:way/1501631367","licence":"ODbL 1.0 (c) OpenStreetMap contributors","fetched_at":"2026-10-08","detail":"Substation, 240 kV, industrial, AltaLink","sources":[{"source":"OpenStreetMap","source_id":"osm:way/1501631367"}]}},{"type":"Feature","geometry":{"type":"Point","coordinates":[-113.353894,53.541746]},"properties":{"name":"Baseline Substation","category":"power","source":"OpenStreetMap","source_id":"osm:way/401593167","licence":"ODbL 1.0 (c) OpenStreetMap contributors","fetched_at":"2026-10-08","detail":"Substation, 138 kV, industrial, AltaLink","sources":[{"source":"OpenStreetMap","source_id":"osm:way/401593167"}]}},{"type":"Feature","geometry":{"type":"Point","coordinates":[-113.499042,53.530039]},"properties":{"name":"Bellamy Substation","category":"power","source":"OpenStreetMap","source_id":"osm:way/1108801918","licence":"ODbL 1.0 (c) OpenStreetMap contributors","fetched_at":"2026-10-08","detail":"Substation, 240 kV, transmission, EPCOR","sources":[{"source":"OpenStreetMap","source_id":"osm:way/1108801918"}]}},{"type":"Feature","geometry":{"type":"Point","coordinates":[-113.367418,53.538176]},"properties":{"name":"Bernese","category":"power","source":"OpenStreetMap","source_id":"osm:way/401593168","licence":"ODbL 1.0 (c) OpenStreetMap contributors","fetched_at":"2026-10-08","detail":"Substation, 138 kV, industrial, AltaLink","sources":[{"source":"OpenStreetMap","source_id":"osm:way/401593168"}]}},{"type":"Feature","geometry":{"type":"Point","coordinates":[-113.511185,53.354872]},"properties":{"name":"Blackmud Substation","category":"power","source":"OpenStreetMap","source_id":"osm:way/401999284","licence":"ODbL 1.0 (c) OpenStreetMap contributors","fetched_at":"2026-10-08","detail":"Substation, 138 kV, distribution, AltaLink","sources":[{"source":"OpenStreetMap","source_id":"osm:way/401999284"}]}},{"type":"Feature","geometry":{"type":"Point","coordinates":[-113.339683,53.460641]},"properties":{"name":"Bretona Substaion","category":"power","source":"OpenStreetMap","source_id":"osm:way/650378972","licence":"ODbL 1.0 (c) OpenStreetMap contributors","fetched_at":"2026-10-08","detail":"Substation, 138 kV, distribution, AltaLink","sources":[{"source":"OpenStreetMap","source_id":"osm:way/650378972"}]}},{"type":"Feature","geometry":{"type":"Point","coordinates":[-113.346463,53.559295]},"properties":{"name":"Bretville Substation","category":"power","source":"OpenStreetMap","source_id":"osm:way/401593169","licence":"ODbL 1.0 (c) OpenStreetMap contributors","fetched_at":"2026-10-08","detail":"Substation, 138 kV, AltaLink","sources":[{"source":"OpenStreetMap","source_id":"osm:way/401593169"}]}},{"type":"Feature","geometry":{"type":"Point","coordinates":[-113.337767,53.549606]},"properties":{"name":"Broadmore Substation","category":"power","source":"OpenStreetMap","source_id":"osm:way/401584233","licence":"ODbL 1.0 (c) OpenStreetMap contributors","fetched_at":"2026-10-08","detail":"Substation, 138 kV, distribution, AltaLink","sources":[{"source":"OpenStreetMap","source_id":"osm:way/401584233"}]}},{"type":"Feature","geometry":{"type":"Point","coordinates":[-113.33165,53.564168]},"properties":{"name":"Canada Liquid Air Substation","category":"power","source":"OpenStreetMap","source_id":"osm:way/401584234","licence":"ODbL 1.0 (c) OpenStreetMap contributors","fetched_at":"2026-10-08","detail":"Substation, 138 kV, industrial, AltaLink","sources":[{"source":"OpenStreetMap","source_id":"osm:way/401584234"}]}},{"type":"Feature","geometry":{"type":"Point","coordinates":[-113.490002,53.62449]},"properties":{"name":"Castle Downs Substation","category":"power","source":"OpenStreetMap","source_id":"osm:way/195425234","licence":"ODbL 1.0 (c) OpenStreetMap contributors","fetched_at":"2026-10-08","detail":"Substation, 240 kV, transmission, EPCOR","sources":[{"source":"OpenStreetMap","source_id":"osm:way/195425234"}]}},{"type":"Feature","geometry":{"type":"Polygon","coordinates":[[[-113.366861,53.586703],[-113.366802,53.586664],[-113.366751,53.586677],[-113.366042,53.585734],[-113.364684,53.586186],[-113.363548,53.586564],[-113.36319,53.587055],[-113.363114,53.58716],[-113.363043,53.587203],[-113.363048,53.587365],[-113.362831,53.587584],[-113.362836,53.58827],[-113.362936,53.588274],[-113.363011,53.588213],[-113.363466,53.587835],[-113.364356,53.587523],[-113.365689,53.587514],[-113.365931,53.587451],[-113.366925,53.58719],[-113.367082,53.58718],[-113.367114,53.587214],[-113.367194,53.587236],[-113.367295,53.587108],[-113.367226,53.587056],[-113.367472,53.586931],[-113.367045,53.586616],[-113.366861,53.586703]]]},"properties":{"name":"Clover Bar Energy Centre","category":"power","source":"OpenStreetMap","source_id":"osm:way/431214436","licence":"ODbL 1.0 (c) OpenStreetMap contributors","fetched_at":"2026-10-08","detail":"Power plant (gas, 243 MW), Capital Power","sources":[{"source":"OpenStreetMap","source_id":"osm:way/431214436"}],"anchor":[-113.365008,53.586924]}},{"type":"Feature","geometry":{"type":"Point","coordinates":[-113.365171,53.587806]},"properties":{"name":"Clover Bar Substation","category":"power","source":"OpenStreetMap","source_id":"osm:way/359240603","licence":"ODbL 1.0 (c) OpenStreetMap contributors","fetched_at":"2026-10-08","detail":"Substation, 240 kV, transmission, AltaLink","sources":[{"source":"OpenStreetMap","source_id":"osm:way/359240603"}]}},{"type":"Feature","geometry":{"type":"Point","coordinates":[-113.481398,53.45659]},"properties":{"name":"Dome Substation","category":"power","source":"OpenStreetMap","source_id":"osm:way/135931258","licence":"ODbL 1.0 (c) OpenStreetMap contributors","fetched_at":"2026-10-08","detail":"Substation, 240 kV, distribution, EPCOR","sources":[{"source":"OpenStreetMap","source_id":"osm:way/135931258"}]}},{"type":"Feature","geometry":{"type":"Point","coordinates":[-113.371669,53.539778]},"properties":{"name":"East Edmonton Substation","category":"power","source":"OpenStreetMap","source_id":"osm:way/37949242","licence":"ODbL 1.0 (c) OpenStreetMap contributors","fetched_at":"2026-10-08","detail":"Substation, 240 kV, transmission, AltaLink","sources":[{"source":"OpenStreetMap","source_id":"osm:way/37949242"}]}},{"type":"Feature","geometry":{"type":"Point","coordinates":[-113.382919,53.513003]},"properties":{"name":"East Industrial Substation","category":"power","source":"OpenStreetMap","source_id":"osm:way/37953618","licence":"ODbL 1.0 (c) OpenStreetMap contributors","fetched_at":"2026-10-08","detail":"Substation, 240 kV, distribution, EPCOR","sources":[{"source":"OpenStreetMap","source_id":"osm:way/37953618"}]}},{"type":"Feature","geometry":{"type":"Point","coordinates":[-113.458367,53.434297]},"properties":{"name":"Ellerslie Substation","category":"power","source":"OpenStreetMap","source_id":"osm:way/38047176","licence":"ODbL 1.0 (c) OpenStreetMap contributors","fetched_at":"2026-10-08","detail":"Substation, 500 kV, transmission, AltaLink","sources":[{"source":"OpenStreetMap","source_id":"osm:way/38047176"}]}},{"type":"Feature","geometry":{"type":"Point","coordinates":[-113.349717,53.571269]},"properties":{"name":"Fiberglass Substation","category":"power","source":"OpenStreetMap","source_id":"osm:way/401584236","licence":"ODbL 1.0 (c) OpenStreetMap contributors","fetched_at":"2026-10-08","detail":"Substation, 138 kV, industrial, AltaLink","sources":[{"source":"OpenStreetMap","source_id":"osm:way/401584236"}]}},{"type":"Feature","geometry":{"type":"Point","coordinates":[-113.518841,53.520716]},"properties":{"name":"Garneau Substation","category":"power","source":"OpenStreetMap","source_id":"osm:way/1164728485","licence":"ODbL 1.0 (c) OpenStreetMap contributors","fetched_at":"2026-10-08","detail":"Substation, 72 kV, distribution, EPCOR","sources":[{"source":"OpenStreetMap","source_id":"osm:way/1164728485"}]}},{"type":"Feature","geometry":{"type":"Point","coordinates":[-113.419394,53.542144]},"properties":{"name":"Hardisty Substation","category":"power","source":"OpenStreetMap","source_id":"osm:way/199237592","licence":"ODbL 1.0 (c) OpenStreetMap contributors","fetched_at":"2026-10-08","detail":"Substation, 72 kV, distribution, EPCOR","sources":[{"source":"OpenStreetMap","source_id":"osm:way/199237592"}]}},{"type":"Feature","geometry":{"type":"Point","coordinates":[-113.398764,53.545994]},"properties":{"name":"Imperial Oil Edmonton Substation","category":"power","source":"OpenStreetMap","source_id":"osm:way/401593170","licence":"ODbL 1.0 (c) OpenStreetMap contributors","fetched_at":"2026-10-08","detail":"Substation, 138 kV, industrial, AltaLink","sources":[{"source":"OpenStreetMap","source_id":"osm:way/401593170"}]}},{"type":"Feature","geometry":{"type":"Point","coordinates":[-113.603811,53.580141]},"properties":{"name":"Inland Cement Substation","category":"power","source":"OpenStreetMap","source_id":"osm:way/401290031","licence":"ODbL 1.0 (c) OpenStreetMap contributors","fetched_at":"2026-10-08","detail":"Substation, 138 kV, industrial, AltaLink","sources":[{"source":"OpenStreetMap","source_id":"osm:way/401290031"}]}},{"type":"Feature","geometry":{"type":"Point","coordinates":[-113.616782,53.549368]},"properties":{"name":"Jasper Substation","category":"power","source":"OpenStreetMap","source_id":"osm:way/128529800","licence":"ODbL 1.0 (c) OpenStreetMap contributors","fetched_at":"2026-10-08","detail":"Substation, 240 kV, transmission, EPCOR","sources":[{"source":"OpenStreetMap","source_id":"osm:way/128529800"}]}},{"type":"Feature","geometry":{"type":"Point","coordinates":[-113.419409,53.587189]},"properties":{"name":"Kennedale Substation","category":"power","source":"OpenStreetMap","source_id":"osm:way/1108794695","licence":"ODbL 1.0 (c) OpenStreetMap contributors","fetched_at":"2026-10-08","detail":"Substation, 72 kV, distribution, EPCOR","sources":[{"source":"OpenStreetMap","source_id":"osm:way/1108794695"}]}},{"type":"Feature","geometry":{"type":"Point","coordinates":[-113.3563,53.542721]},"properties":{"name":"Knightsbridge Substation","category":"power","source":"OpenStreetMap","source_id":"osm:way/401593171","licence":"ODbL 1.0 (c) OpenStreetMap contributors","fetched_at":"2026-10-08","detail":"Substation, 138 kV, AltaLink","sources":[{"source":"OpenStreetMap","source_id":"osm:way/401593171"}]}},{"type":"Feature","geometry":{"type":"Point","coordinates":[-113.416888,53.497191]},"properties":{"name":"Lambton Substation","category":"power","source":"OpenStreetMap","source_id":"osm:way/38047171","licence":"ODbL 1.0 (c) OpenStreetMap contributors","fetched_at":"2026-10-08","detail":"Substation, 240 kV, distribution, EPCOR","sources":[{"source":"OpenStreetMap","source_id":"osm:way/38047171"}]}},{"type":"Feature","geometry":{"type":"Point","coordinates":[-113.586832,53.517614]},"properties":{"name":"Meadowlark Substation","category":"power","source":"OpenStreetMap","source_id":"osm:way/1023904560","licence":"ODbL 1.0 (c) OpenStreetMap contributors","fetched_at":"2026-10-08","detail":"Substation, 72 kV, distribution, EPCOR","sources":[{"source":"OpenStreetMap","source_id":"osm:way/1023904560"}]}},{"type":"Feature","geometry":{"type":"Point","coordinates":[-113.492859,53.585139]},"properties":{"name":"Namao Substation","category":"power","source":"OpenStreetMap","source_id":"osm:way/198706605","licence":"ODbL 1.0 (c) OpenStreetMap contributors","fetched_at":"2026-10-08","detail":"Substation, 72 kV, distribution, EPCOR","sources":[{"source":"OpenStreetMap","source_id":"osm:way/198706605"}]}},{"type":"Feature","geometry":{"type":"Point","coordinates":[-113.587521,53.614612]},"properties":{"name":"North Calder Substation","category":"power","source":"OpenStreetMap","source_id":"osm:way/292488761","licence":"ODbL 1.0 (c) OpenStreetMap contributors","fetched_at":"2026-10-08","detail":"Substation, 240 kV, distribution, AltaLink","sources":[{"source":"OpenStreetMap","source_id":"osm:way/292488761"}]}},{"type":"Feature","geometry":{"type":"Point","coordinates":[-113.347676,53.550556]},"properties":{"name":"Petro Canada Substation","category":"power","source":"OpenStreetMap","source_id":"osm:way/401593172","licence":"ODbL 1.0 (c) OpenStreetMap contributors","fetched_at":"2026-10-08","detail":"Substation, 138 kV, industrial, AltaLink","sources":[{"source":"OpenStreetMap","source_id":"osm:way/401593172"}]}},{"type":"Feature","geometry":{"type":"Point","coordinates":[-113.562321,53.462231]},"properties":{"name":"Petrolia Substation","category":"power","source":"OpenStreetMap","source_id":"osm:way/301007686","licence":"ODbL 1.0 (c) OpenStreetMap contributors","fetched_at":"2026-10-08","detail":"Substation, 240 kV, transmission, EPCOR","sources":[{"source":"OpenStreetMap","source_id":"osm:way/301007686"}]}},{"type":"Feature","geometry":{"type":"Point","coordinates":[-113.650897,53.549327]},"properties":{"name":"Poundmaker Substation","category":"power","source":"OpenStreetMap","source_id":"osm:way/398222908","licence":"ODbL 1.0 (c) OpenStreetMap contributors","fetched_at":"2026-10-08","detail":"Substation, 240 kV, transmission, EPCOR","sources":[{"source":"OpenStreetMap","source_id":"osm:way/398222908"}]}},{"type":"Feature","geometry":{"type":"Point","coordinates":[-113.634317,53.462708]},"properties":{"name":"Riverview Substation","category":"power","source":"OpenStreetMap","source_id":"osm:way/1025616923","licence":"ODbL 1.0 (c) OpenStreetMap contributors","fetched_at":"2026-10-08","detail":"Substation, 240 kV, distribution, EPCOR","sources":[{"source":"OpenStreetMap","source_id":"osm:way/1025616923"}]}},{"type":"Feature","geometry":{"type":"Point","coordinates":[-113.499898,53.530101]},"properties":{"name":"Rossdale Substation","category":"power","source":"OpenStreetMap","source_id":"osm:way/402050918","licence":"ODbL 1.0 (c) OpenStreetMap contributors","fetched_at":"2026-10-08","detail":"Substation, 72 kV, distribution, EPCOR","sources":[{"source":"OpenStreetMap","source_id":"osm:way/402050918"}]}},{"type":"Feature","geometry":{"type":"Point","coordinates":[-113.271765,53.545387]},"properties":{"name":"Sherwood Park Substation","category":"power","source":"OpenStreetMap","source_id":"osm:way/318017031","licence":"ODbL 1.0 (c) OpenStreetMap contributors","fetched_at":"2026-10-08","detail":"Substation, 138 kV, distribution, AltaLink","sources":[{"source":"OpenStreetMap","source_id":"osm:way/318017031"}]}},{"type":"Feature","geometry":{"type":"Point","coordinates":[-113.675048,53.658771]},"properties":{"name":"St. Albert Substation","category":"power","source":"OpenStreetMap","source_id":"osm:way/401289889","licence":"ODbL 1.0 (c) OpenStreetMap contributors","fetched_at":"2026-10-08","detail":"Substation, 138 kV, distribution, AltaLink","sources":[{"source":"OpenStreetMap","source_id":"osm:way/401289889"}]}},{"type":"Feature","geometry":{"type":"Point","coordinates":[-113.486742,53.488747]},"properties":{"name":"Strathcona Substation","category":"power","source":"OpenStreetMap","source_id":"osm:way/98293776","licence":"ODbL 1.0 (c) OpenStreetMap contributors","fetched_at":"2026-10-08","detail":"Substation, 72 kV, distribution, EPCOR","sources":[{"source":"OpenStreetMap","source_id":"osm:way/98293776"}]}},{"type":"Feature","geometry":{"type":"Point","coordinates":[-113.567064,53.652805]},"properties":{"name":"Sturgeon Substation","category":"power","source":"OpenStreetMap","source_id":"osm:way/401289890","licence":"ODbL 1.0 (c) OpenStreetMap contributors","fetched_at":"2026-10-08","detail":"Substation, 138 kV, distribution, AltaLink","sources":[{"source":"OpenStreetMap","source_id":"osm:way/401289890"}]}},{"type":"Feature","geometry":{"type":"Point","coordinates":[-113.456037,53.435307]},"properties":{"name":"Summerside Substation","category":"power","source":"OpenStreetMap","source_id":"osm:way/233637972","licence":"ODbL 1.0 (c) OpenStreetMap contributors","fetched_at":"2026-10-08","detail":"Substation, 240 kV, transmission, EPCOR","sources":[{"source":"OpenStreetMap","source_id":"osm:way/233637972"}]}},{"type":"Feature","geometry":{"type":"Point","coordinates":[-113.499784,53.548824]},"properties":{"name":"Victoria Substation","category":"power","source":"OpenStreetMap","source_id":"osm:way/1108801921","licence":"ODbL 1.0 (c) OpenStreetMap contributors","fetched_at":"2026-10-08","detail":"Substation, 240 kV, transmission, EPCOR","sources":[{"source":"OpenStreetMap","source_id":"osm:way/1108801921"}]}},{"type":"Feature","geometry":{"type":"Point","coordinates":[-113.565158,53.571069]},"properties":{"name":"Woodcroft Substation","category":"power","source":"OpenStreetMap","source_id":"osm:way/132576273","licence":"ODbL 1.0 (c) OpenStreetMap contributors","fetched_at":"2026-10-08","detail":"Substation, 72 kV, distribution, EPCOR","sources":[{"source":"OpenStreetMap","source_id":"osm:way/132576273"}]}},{"type":"Feature","geometry":{"type":"Point","coordinates":[-113.36039,53.552929]},"properties":{"name":"Yasa","category":"power","source":"OpenStreetMap","source_id":"osm:way/401593174","licence":"ODbL 1.0 (c) OpenStreetMap contributors","fetched_at":"2026-10-08","detail":"Substation, 138 kV, AltaLink","sources":[{"source":"OpenStreetMap","source_id":"osm:way/401593174"}]}},{"type":"Feature","geometry":{"type":"Polygon","coordinates":[[[-113.612662,53.471948],[-113.611854,53.47195],[-113.611725,53.471889],[-113.610411,53.471629],[-113.609926,53.471361],[-113.609427,53.471052],[-113.60902,53.470472],[-113.608506,53.469469],[-113.60844,53.468673],[-113.608603,53.468098],[-113.608943,53.46735],[-113.609101,53.467259],[-113.609881,53.466465],[-113.610865,53.465466],[-113.613717,53.465996],[-113.614357,53.469614],[-113.612669,53.469615],[-113.612662,53.471948]]]},"properties":{"name":"kīsikāw pīsim Solar Farm","category":"power","source":"OpenStreetMap","source_id":"osm:way/997975319","licence":"ODbL 1.0 (c) OpenStreetMap contributors","fetched_at":"2026-10-08","detail":"Power plant (solar, 13.5 MW), EPCOR","sources":[{"source":"OpenStreetMap","source_id":"osm:way/997975319"}],"anchor":[-113.611349,53.468624]}},{"type":"Feature","geometry":{"type":"Point","coordinates":[-113.494138,53.54316]},"properties":{"name":"102 Street Stop","category":"transit","source":"City of Edmonton Open Data","source_id":"data.edmonton.ca/fhxi-cnhe#1513","licence":"Open Government Licence - City of Edmonton","fetched_at":"2026-10-08","detail":"LRT stop 1513","sources":[{"source":"City of Edmonton Open Data","source_id":"data.edmonton.ca/fhxi-cnhe#1513"},{"source":"City of Edmonton Open Data","source_id":"data.edmonton.ca/fhxi-cnhe#1514"}]}},{"type":"Feature","geometry":{"type":"Point","coordinates":[-113.455086,53.510363]},"properties":{"name":"Avonmore Stop","category":"transit","source":"City of Edmonton Open Data","source_id":"data.edmonton.ca/fhxi-cnhe#2717","licence":"Open Government Licence - City of Edmonton","fetched_at":"2026-10-08","detail":"LRT stop 2717","sources":[{"source":"City of Edmonton Open Data","source_id":"data.edmonton.ca/fhxi-cnhe#2717"}]}},{"type":"Feature","geometry":{"type":"Point","coordinates":[-113.498842,53.540936]},"properties":{"name":"Bay Enterprise Square Station","category":"transit","source":"City of Edmonton Open Data","source_id":"data.edmonton.ca/fhxi-cnhe#19852","licence":"Open Government Licence - City of Edmonton","fetched_at":"2026-10-08","detail":"LRT stop 19852","sources":[{"source":"City of Edmonton Open Data","source_id":"data.edmonton.ca/fhxi-cnhe#19852"},{"source":"City of Edmonton Open Data","source_id":"data.edmonton.ca/fhxi-cnhe#19851"}]}},{"type":"Feature","geometry":{"type":"Point","coordinates":[-113.433239,53.588187]},"properties":{"name":"Belvedere Station","category":"transit","source":"City of Edmonton Open Data","source_id":"data.edmonton.ca/fhxi-cnhe#78302","licence":"Open Government Licence - City of Edmonton","fetched_at":"2026-10-08","detail":"LRT stop 78302","sources":[{"source":"City of Edmonton Open Data","source_id":"data.edmonton.ca/fhxi-cnhe#78302"},{"source":"City of Edmonton Open Data","source_id":"data.edmonton.ca/fhxi-cnhe#78301"}]}},{"type":"Feature","geometry":{"type":"Point","coordinates":[-113.455351,53.519699]},"properties":{"name":"Bonnie Doon Stop","category":"transit","source":"City of Edmonton Open Data","source_id":"data.edmonton.ca/fhxi-cnhe#2715","licence":"Open Government Licence - City of Edmonton","fetched_at":"2026-10-08","detail":"LRT stop 2715","sources":[{"source":"City of Edmonton Open Data","source_id":"data.edmonton.ca/fhxi-cnhe#2715"},{"source":"City of Edmonton Open Data","source_id":"data.edmonton.ca/fhxi-cnhe#2716"}]}},{"type":"Feature","geometry":{"type":"Point","coordinates":[-113.493284,53.540965]},"properties":{"name":"Central Station","category":"transit","source":"City of Edmonton Open Data","source_id":"data.edmonton.ca/fhxi-cnhe#19352","licence":"Open Government Licence - City of Edmonton","fetched_at":"2026-10-08","detail":"LRT stop 19352","sources":[{"source":"City of Edmonton Open Data","source_id":"data.edmonton.ca/fhxi-cnhe#19352"},{"source":"City of Edmonton Open Data","source_id":"data.edmonton.ca/fhxi-cnhe#19351"}]}},{"type":"Feature","geometry":{"type":"Point","coordinates":[-113.516303,53.457805]},"properties":{"name":"Century Park Station","category":"transit","source":"City of Edmonton Open Data","source_id":"data.edmonton.ca/fhxi-cnhe#49821","licence":"Open Government Licence - City of Edmonton","fetched_at":"2026-10-08","detail":"LRT stop 49821","sources":[{"source":"City of Edmonton Open Data","source_id":"data.edmonton.ca/fhxi-cnhe#49821"}]}},{"type":"Feature","geometry":{"type":"Point","coordinates":[-113.488972,53.543729]},"properties":{"name":"Churchill Station","category":"transit","source":"City of Edmonton Open Data","source_id":"data.edmonton.ca/fhxi-cnhe#18762","licence":"Open Government Licence - City of Edmonton","fetched_at":"2026-10-08","detail":"LRT stop 18762","sources":[{"source":"City of Edmonton Open Data","source_id":"data.edmonton.ca/fhxi-cnhe#18762"},{"source":"City of Edmonton Open Data","source_id":"data.edmonton.ca/fhxi-cnhe#18761"}]}},{"type":"Feature","geometry":{"type":"Point","coordinates":[-113.489376,53.543471]},"properties":{"name":"Churchill Stop","category":"transit","source":"City of Edmonton Open Data","source_id":"data.edmonton.ca/fhxi-cnhe#1516","licence":"Open Government Licence - City of Edmonton","fetched_at":"2026-10-08","detail":"LRT stop 1516","sources":[{"source":"City of Edmonton Open Data","source_id":"data.edmonton.ca/fhxi-cnhe#1516"},{"source":"City of Edmonton Open Data","source_id":"data.edmonton.ca/fhxi-cnhe#1515"}]}},{"type":"Feature","geometry":{"type":"Point","coordinates":[-113.411819,53.601592]},"properties":{"name":"Clareview Station","category":"transit","source":"City of Edmonton Open Data","source_id":"data.edmonton.ca/fhxi-cnhe#79772","licence":"Open Government Licence - City of Edmonton","fetched_at":"2026-10-08","detail":"LRT stop 79772","sources":[{"source":"City of Edmonton Open Data","source_id":"data.edmonton.ca/fhxi-cnhe#79772"},{"source":"City of Edmonton Open Data","source_id":"data.edmonton.ca/fhxi-cnhe#79771"}]}},{"type":"Feature","geometry":{"type":"Point","coordinates":[-113.458655,53.570617]},"properties":{"name":"Coliseum Station","category":"transit","source":"City of Edmonton Open Data","source_id":"data.edmonton.ca/fhxi-cnhe#18892","licence":"Open Government Licence - City of Edmonton","fetched_at":"2026-10-08","detail":"LRT stop 18892","sources":[{"source":"City of Edmonton Open Data","source_id":"data.edmonton.ca/fhxi-cnhe#18892"},{"source":"City of Edmonton Open Data","source_id":"data.edmonton.ca/fhxi-cnhe#18891"}]}},{"type":"Feature","geometry":{"type":"Point","coordinates":[-113.504609,53.540921]},"properties":{"name":"Corona Station","category":"transit","source":"City of Edmonton Open Data","source_id":"data.edmonton.ca/fhxi-cnhe#19261","licence":"Open Government Licence - City of Edmonton","fetched_at":"2026-10-08","detail":"LRT stop 19261","sources":[{"source":"City of Edmonton Open Data","source_id":"data.edmonton.ca/fhxi-cnhe#19261"},{"source":"City of Edmonton Open Data","source_id":"data.edmonton.ca/fhxi-cnhe#19262"}]}},{"type":"Feature","geometry":{"type":"Point","coordinates":[-113.443907,53.499621]},"properties":{"name":"Davies Station","category":"transit","source":"City of Edmonton Open Data","source_id":"data.edmonton.ca/fhxi-cnhe#2877","licence":"Open Government Licence - City of Edmonton","fetched_at":"2026-10-08","detail":"LRT stop 2877","sources":[{"source":"City of Edmonton Open Data","source_id":"data.edmonton.ca/fhxi-cnhe#2877"},{"source":"City of Edmonton Open Data","source_id":"data.edmonton.ca/fhxi-cnhe#2687"}]}},{"type":"Feature","geometry":{"type":"Point","coordinates":[-113.510224,53.536573]},"properties":{"name":"Government Station","category":"transit","source":"City of Edmonton Open Data","source_id":"data.edmonton.ca/fhxi-cnhe#19251","licence":"Open Government Licence - City of Edmonton","fetched_at":"2026-10-08","detail":"LRT stop 19251","sources":[{"source":"City of Edmonton Open Data","source_id":"data.edmonton.ca/fhxi-cnhe#19251"},{"source":"City of Edmonton Open Data","source_id":"data.edmonton.ca/fhxi-cnhe#19252"}]}},{"type":"Feature","geometry":{"type":"Point","coordinates":[-113.434653,53.46302]},"properties":{"name":"Grey Nuns Stop","category":"transit","source":"City of Edmonton Open Data","source_id":"data.edmonton.ca/fhxi-cnhe#3606","licence":"Open Government Licence - City of Edmonton","fetched_at":"2026-10-08","detail":"LRT stop 3606","sources":[{"source":"City of Edmonton Open Data","source_id":"data.edmonton.ca/fhxi-cnhe#3606"},{"source":"City of Edmonton Open Data","source_id":"data.edmonton.ca/fhxi-cnhe#3607"}]}},{"type":"Feature","geometry":{"type":"Point","coordinates":[-113.525923,53.519935]},"properties":{"name":"Health Sciences Jubilee Station","category":"transit","source":"City of Edmonton Open Data","source_id":"data.edmonton.ca/fhxi-cnhe#20142","licence":"Open Government Licence - City of Edmonton","fetched_at":"2026-10-08","detail":"LRT stop 20142","sources":[{"source":"City of Edmonton Open Data","source_id":"data.edmonton.ca/fhxi-cnhe#20142"},{"source":"City of Edmonton Open Data","source_id":"data.edmonton.ca/fhxi-cnhe#20141"}]}},{"type":"Feature","geometry":{"type":"Point","coordinates":[-113.457534,53.528045]},"properties":{"name":"Holyrood Stop","category":"transit","source":"City of Edmonton Open Data","source_id":"data.edmonton.ca/fhxi-cnhe#2162","licence":"Open Government Licence - City of Edmonton","fetched_at":"2026-10-08","detail":"LRT stop 2162","sources":[{"source":"City of Edmonton Open Data","source_id":"data.edmonton.ca/fhxi-cnhe#2162"},{"source":"City of Edmonton Open Data","source_id":"data.edmonton.ca/fhxi-cnhe#2006"}]}},{"type":"Feature","geometry":{"type":"Point","coordinates":[-113.501392,53.557963]},"properties":{"name":"Kingsway RAH Station","category":"transit","source":"City of Edmonton Open Data","source_id":"data.edmonton.ca/fhxi-cnhe#11141","licence":"Open Government Licence - City of Edmonton","fetched_at":"2026-10-08","detail":"LRT stop 11141","sources":[{"source":"City of Edmonton Open Data","source_id":"data.edmonton.ca/fhxi-cnhe#11141"},{"source":"City of Edmonton Open Data","source_id":"data.edmonton.ca/fhxi-cnhe#11142"}]}},{"type":"Feature","geometry":{"type":"Point","coordinates":[-113.499219,53.547806]},"properties":{"name":"MacEwan Station","category":"transit","source":"City of Edmonton Open Data","source_id":"data.edmonton.ca/fhxi-cnhe#11171","licence":"Open Government Licence - City of Edmonton","fetched_at":"2026-10-08","detail":"LRT stop 11171","sources":[{"source":"City of Edmonton Open Data","source_id":"data.edmonton.ca/fhxi-cnhe#11171"},{"source":"City of Edmonton Open Data","source_id":"data.edmonton.ca/fhxi-cnhe#11172"}]}},{"type":"Feature","geometry":{"type":"Point","coordinates":[-113.526163,53.513445]},"properties":{"name":"McKernan Belgravia Station","category":"transit","source":"City of Edmonton Open Data","source_id":"data.edmonton.ca/fhxi-cnhe#99811","licence":"Open Government Licence - City of Edmonton","fetched_at":"2026-10-08","detail":"LRT stop 99811","sources":[{"source":"City of Edmonton Open Data","source_id":"data.edmonton.ca/fhxi-cnhe#99811"},{"source":"City of Edmonton Open Data","source_id":"data.edmonton.ca/fhxi-cnhe#99812"}]}},{"type":"Feature","geometry":{"type":"Point","coordinates":[-113.429725,53.458447]},"properties":{"name":"Mill Woods Stop","category":"transit","source":"City of Edmonton Open Data","source_id":"data.edmonton.ca/fhxi-cnhe#3899","licence":"Open Government Licence - City of Edmonton","fetched_at":"2026-10-08","detail":"LRT stop 3899","sources":[{"source":"City of Edmonton Open Data","source_id":"data.edmonton.ca/fhxi-cnhe#3899"}]}},{"type":"Feature","geometry":{"type":"Point","coordinates":[-113.438959,53.475316]},"properties":{"name":"Millbourne Woodvale Stop","category":"transit","source":"City of Edmonton Open Data","source_id":"data.edmonton.ca/fhxi-cnhe#3875","licence":"Open Government Licence - City of Edmonton","fetched_at":"2026-10-08","detail":"LRT stop 3875","sources":[{"source":"City of Edmonton Open Data","source_id":"data.edmonton.ca/fhxi-cnhe#3875"},{"source":"City of Edmonton Open Data","source_id":"data.edmonton.ca/fhxi-cnhe#3876"}]}},{"type":"Feature","geometry":{"type":"Point","coordinates":[-113.479931,53.536271]},"properties":{"name":"Muttart Stop","category":"transit","source":"City of Edmonton Open Data","source_id":"data.edmonton.ca/fhxi-cnhe#22993","licence":"Open Government Licence - City of Edmonton","fetched_at":"2026-10-08","detail":"LRT stop 22993","sources":[{"source":"City of Edmonton Open Data","source_id":"data.edmonton.ca/fhxi-cnhe#22993"},{"source":"City of Edmonton Open Data","source_id":"data.edmonton.ca/fhxi-cnhe#22992"}]}},{"type":"Feature","geometry":{"type":"Point","coordinates":[-113.484008,53.544426]},"properties":{"name":"Quarters Stop","category":"transit","source":"City of Edmonton Open Data","source_id":"data.edmonton.ca/fhxi-cnhe#1518","licence":"Open Government Licence - City of Edmonton","fetched_at":"2026-10-08","detail":"LRT stop 1518","sources":[{"source":"City of Edmonton Open Data","source_id":"data.edmonton.ca/fhxi-cnhe#1518"}]}},{"type":"Feature","geometry":{"type":"Point","coordinates":[-113.528498,53.502283]},"properties":{"name":"South Campus Ft Edmonton Station","category":"transit","source":"City of Edmonton Open Data","source_id":"data.edmonton.ca/fhxi-cnhe#21152","licence":"Open Government Licence - City of Edmonton","fetched_at":"2026-10-08","detail":"LRT stop 21152","sources":[{"source":"City of Edmonton Open Data","source_id":"data.edmonton.ca/fhxi-cnhe#21152"},{"source":"City of Edmonton Open Data","source_id":"data.edmonton.ca/fhxi-cnhe#21151"}]}},{"type":"Feature","geometry":{"type":"Point","coordinates":[-113.516892,53.485344]},"properties":{"name":"Southgate Station","category":"transit","source":"City of Edmonton Open Data","source_id":"data.edmonton.ca/fhxi-cnhe#21132","licence":"Open Government Licence - City of Edmonton","fetched_at":"2026-10-08","detail":"LRT stop 21132","sources":[{"source":"City of Edmonton Open Data","source_id":"data.edmonton.ca/fhxi-cnhe#21132"},{"source":"City of Edmonton Open Data","source_id":"data.edmonton.ca/fhxi-cnhe#21131"}]}},{"type":"Feature","geometry":{"type":"Point","coordinates":[-113.47046,53.560126]},"properties":{"name":"Stadium Station","category":"transit","source":"City of Edmonton Open Data","source_id":"data.edmonton.ca/fhxi-cnhe#19811","licence":"Open Government Licence - City of Edmonton","fetched_at":"2026-10-08","detail":"LRT stop 19811","sources":[{"source":"City of Edmonton Open Data","source_id":"data.edmonton.ca/fhxi-cnhe#19811"},{"source":"City of Edmonton Open Data","source_id":"data.edmonton.ca/fhxi-cnhe#19812"}]}},{"type":"Feature","geometry":{"type":"Point","coordinates":[-113.462462,53.53169]},"properties":{"name":"Strathearn Stop","category":"transit","source":"City of Edmonton Open Data","source_id":"data.edmonton.ca/fhxi-cnhe#22990","licence":"Open Government Licence - City of Edmonton","fetched_at":"2026-10-08","detail":"LRT stop 22990","sources":[{"source":"City of Edmonton Open Data","source_id":"data.edmonton.ca/fhxi-cnhe#22990"},{"source":"City of Edmonton Open Data","source_id":"data.edmonton.ca/fhxi-cnhe#22991"}]}},{"type":"Feature","geometry":{"type":"Point","coordinates":[-113.522258,53.52494]},"properties":{"name":"University Station","category":"transit","source":"City of Edmonton Open Data","source_id":"data.edmonton.ca/fhxi-cnhe#23161","licence":"Open Government Licence - City of Edmonton","fetched_at":"2026-10-08","detail":"LRT stop 23161","sources":[{"source":"City of Edmonton Open Data","source_id":"data.edmonton.ca/fhxi-cnhe#23161"},{"source":"City of Edmonton Open Data","source_id":"data.edmonton.ca/fhxi-cnhe#23162"}]}}]}
