{"type":"FeatureCollection","metadata":{"builder":"scripts/build_edmonton_roads.py","source":"OpenStreetMap via the Overpass API","attribution":"(c) OpenStreetMap contributors, ODbL 1.0","licence":"ODbL 1.0","osm_data_date":"2026-10-08","bounds_wgs84":{"west":-113.71564,"south":53.33576,"east":-113.27046,"north":53.71772},"classes":["motorway","trunk","primary","secondary"],"simplify_m":5.0,"osm_ways":12944,"osm_ways_by_class":{"motorway":693,"motorway_link":1253,"primary":1253,"primary_link":386,"secondary":7742,"secondary_link":1424,"trunk":145,"trunk_link":48},"features":816,"vertices":13485,"unnamed_ramps":5},"features":[{"type":"Feature","properties":{"highway":"motorway","ref":"","link":1},"geometry":{"type":"MultiLineString","coordinates":[[[-113.49188,53.58053],[-113.4919,53.58097]],[[-113.47077,53.58233],[-113.47037,53.58234],[-113.47011,53.58223],[-113.47019,53.58202],[-113.47049,53.58189]],[[-113.46975,53.58247],[-113.47006,53.58236],[-113.47011,53.58223]]]}},{"type":"Feature","properties":{"highway":"primary","ref":"","link":1},"geometry":{"type":"LineString","coordinates":[[-113.61716,53.54207],[-113.61766,53.54189],[-113.61801,53.54189],[-113.61838,53.54206],[-113.61866,53.54239]]}},{"type":"Feature","properties":{"highway":"secondary","ref":""},"geometry":{"type":"MultiLineString","coordinates":[[[-113.45571,53.53746],[-113.45564,53.53773],[-113.45595,53.53791],[-113.45645,53.53793],[-113.45687,53.53773],[-113.45685,53.53751],[-113.4565,53.53734],[-113.45609,53.53733],[-113.45571,53.53746]],[[-113.59126,53.61176],[-113.59137,53.61163]],[[-113.67761,53.51217],[-113.67763,53.51233]],[[-113.32003,53.51887],[-113.31985,53.51862],[-113.31942,53.51851],[-113.31897,53.51858],[-113.31868,53.51885],[-113.31888,53.51922],[-113.31937,53.51934],[-113.31989,53.51918],[-113.32003,53.51887]],[[-113.56529,53.55123],[-113.56573,53.55141],[-113.56622,53.55134],[-113.5664,53.55126],[-113.56651,53.55107],[-113.56639,53.5508],[-113.56601,53.55064],[-113.56556,53.55067],[-113.56531,53.55078],[-113.56521,53.55092],[-113.56529,53.55123]],[[-113.62361,53.63567],[-113.62345,53.63572]],[[-113.56613,53.51916],[-113.56573,53.51904],[-113.56534,53.51913],[-113.56517,53.51933],[-113.56526,53.51956],[-113.56563,53.51969],[-113.56606,53.51962],[-113.56625,53.5194],[-113.56613,53.51916]],[[-113.62926,53.65403],[-113.62945,53.65401]],[[-113.62941,53.6539],[-113.62922,53.65392]],[[-113.6095,53.62136],[-113.60938,53.62145]],[[-113.60957,53.62154],[-113.60969,53.62145]],[[-113.62587,53.64311],[-113.62605,53.64309]],[[-113.62348,53.63582],[-113.62364,53.63576]],[[-113.57797,53.64234],[-113.57779,53.64234]],[[-113.43899,53.42494],[-113.43899,53.42477]],[[-113.67792,53.51233],[-113.67791,53.51217]],[[-113.67125,53.50791],[-113.67104,53.50789]],[[-113.49491,53.57038],[-113.49537,53.5702],[-113.49542,53.57005],[-113.49526,53.56984],[-113.49489,53.56974],[-113.49398,53.56977],[-113.49369,53.56997],[-113.49369,53.57011],[-113.49399,53.57029],[-113.49455,53.57039]],[[-113.59118,53.61151],[-113.59106,53.61165]],[[-113.63974,53.56579],[-113.63991,53.56578]],[[-113.63383,53.65801],[-113.6338,53.65785],[-113.63355,53.65786],[-113.63354,53.65799],[-113.63383,53.65801]],[[-113.6523,53.65782],[-113.65225,53.658],[-113.65257,53.65803],[-113.65262,53.65784],[-113.6523,53.65782]],[[-113.55275,53.41031],[-113.55278,53.41048],[-113.55299,53.41058],[-113.55331,53.41055],[-113.55345,53.41042],[-113.55339,53.41025],[-113.55318,53.41017],[-113.55296,53.41018],[-113.55275,53.41031]],[[-113.49464,53.38487],[-113.49367,53.38576]],[[-113.27068,53.57162],[-113.27073,53.57153]],[[-113.36017,53.57113],[-113.35965,53.57119],[-113.35857,53.57146]],[[-113.56469,53.6781],[-113.56473,53.67791],[-113.56443,53.67789],[-113.56439,53.67807],[-113.56469,53.6781]],[[-113.44309,53.62855],[-113.44283,53.6285],[-113.44256,53.62857],[-113.44246,53.62874],[-113.44259,53.6289],[-113.44284,53.62896],[-113.44312,53.62891],[-113.44323,53.62873],[-113.44309,53.62855]],[[-113.2705,53.5715],[-113.27047,53.57158]],[[-113.66434,53.65803],[-113.66436,53.65783],[-113.66403,53.65783],[-113.66402,53.65802],[-113.66434,53.65803]]]}},{"type":"Feature","properties":{"highway":"secondary","ref":"","link":1},"geometry":{"type":"LineString","coordinates":[[-113.51124,53.4835],[-113.51145,53.48314],[-113.51186,53.48295]]}},{"type":"Feature","properties":{"highway":"secondary","ref":"633"},"geometry":{"type":"MultiLineString","coordinates":[[[-113.63014,53.65786],[-113.62989,53.65786]],[[-113.62987,53.65795],[-113.63011,53.65795]]]}},{"type":"Feature","properties":{"name":"100 Avenue NW","highway":"primary","ref":""},"geometry":{"type":"LineString","coordinates":[[-113.64991,53.53679],[-113.64143,53.53742],[-113.62562,53.53797],[-113.62411,53.53819],[-113.62123,53.539],[-113.62015,53.5392],[-113.61915,53.53928],[-113.61503,53.53929]]}},{"type":"Feature","properties":{"name":"100 Avenue NW","highway":"secondary","ref":""},"geometry":{"type":"MultiLineString","coordinates":[[[-113.57797,53.53931],[-113.5823,53.53927],[-113.57797,53.53922]],[[-113.61503,53.53929],[-113.59043,53.53928],[-113.59237,53.53927]],[[-113.58887,53.53927],[-113.5823,53.53927]],[[-113.58887,53.53927],[-113.59043,53.53928]]]}},{"type":"Feature","properties":{"name":"100 Avenue NW","highway":"motorway","ref":"16A"},"geometry":{"type":"LineString","coordinates":[[-113.67058,53.54101],[-113.66833,53.54096],[-113.66647,53.54067],[-113.66539,53.54039],[-113.65607,53.53744],[-113.65478,53.53712],[-113.65314,53.53687]]}},{"type":"Feature","properties":{"name":"100 Avenue NW","highway":"primary","ref":"16A"},"geometry":{"type":"LineString","coordinates":[[-113.65314,53.53687],[-113.65145,53.53676],[-113.64991,53.53679]]}},{"type":"Feature","properties":{"name":"100 Avenue NW / 163 Street NW ramp","highway":"secondary","ref":"","link":1},"geometry":{"type":"LineString","coordinates":[[-113.60368,53.53928],[-113.60282,53.53932],[-113.6027,53.53944]]}},{"type":"Feature","properties":{"name":"100 Avenue NW / 170 Street NW ramp","highway":"primary","ref":"","link":1},"geometry":{"type":"MultiLineString","coordinates":[[[-113.61781,53.53929],[-113.6172,53.53912],[-113.61686,53.53886]],[[-113.61504,53.53885],[-113.61468,53.53914],[-113.61419,53.53929]]]}},{"type":"Feature","properties":{"name":"100 Avenue NW / 178 Street NW ramp","highway":"primary","ref":"","link":1},"geometry":{"type":"MultiLineString","coordinates":[[[-113.62884,53.53786],[-113.62793,53.53775],[-113.62761,53.5376]],[[-113.62741,53.53746],[-113.62719,53.53775],[-113.62661,53.53793]]]}},{"type":"Feature","properties":{"name":"100 Avenue NW / Anthony Henday Drive NW ramp","highway":"motorway","ref":"","link":1},"geometry":{"type":"MultiLineString","coordinates":[[[-113.66453,53.53981],[-113.66157,53.53864],[-113.66079,53.53816],[-113.66025,53.53763],[-113.65994,53.53716],[-113.65976,53.53661],[-113.65965,53.53387],[-113.6595,53.53362]],[[-113.65851,53.53343],[-113.65833,53.53402],[-113.65782,53.53464],[-113.65551,53.53604],[-113.65495,53.5365],[-113.65433,53.53722],[-113.65397,53.53786],[-113.65377,53.53856],[-113.65376,53.53908],[-113.65402,53.53975],[-113.6544,53.54016],[-113.65488,53.54051],[-113.65568,53.54086],[-113.65648,53.54106],[-113.65772,53.54115],[-113.66347,53.54123]],[[-113.67058,53.54101],[-113.66822,53.54082],[-113.66676,53.54054],[-113.65668,53.53731],[-113.6561,53.537],[-113.65586,53.53666],[-113.65598,53.53628],[-113.65654,53.53598],[-113.65714,53.53594],[-113.65758,53.53604],[-113.65803,53.53629],[-113.65838,53.53668],[-113.65855,53.53726],[-113.65863,53.53989],[-113.65878,53.54015]],[[-113.65883,53.53109],[-113.65867,53.53134],[-113.65851,53.53343],[-113.65809,53.53422],[-113.65749,53.53475],[-113.65514,53.5359],[-113.65392,53.5363],[-113.65272,53.53654],[-113.64991,53.53679]],[[-113.661,53.54416],[-113.66309,53.54322],[-113.66361,53.54271],[-113.66417,53.54185],[-113.66473,53.5415],[-113.66541,53.54138],[-113.67038,53.54131],[-113.6708,53.54122]],[[-113.65942,53.5475],[-113.65956,53.54725],[-113.65972,53.54562],[-113.65997,53.54504],[-113.66059,53.54441],[-113.66248,53.54341],[-113.66297,53.54301],[-113.66333,53.54232],[-113.66336,53.54148],[-113.66293,53.54052],[-113.66199,53.53966],[-113.66082,53.53908],[-113.65793,53.53808],[-113.65772,53.53795]]]}},{"type":"Feature","properties":{"name":"100 Avenue NW ramp","highway":"primary","ref":"","link":1},"geometry":{"type":"LineString","coordinates":[[-113.62216,53.53838],[-113.62176,53.53885]]}},{"type":"Feature","properties":{"name":"100 Avenue NW ramp","highway":"secondary","ref":"","link":1},"geometry":{"type":"LineString","coordinates":[[-113.61009,53.53929],[-113.60957,53.53916],[-113.60943,53.5389],[-113.60907,53.53917],[-113.60867,53.53929]]}},{"type":"Feature","properties":{"name":"100 Street NW","highway":"secondary","ref":""},"geometry":{"type":"MultiLineString","coordinates":[[[-113.49132,53.54627],[-113.49109,53.54545],[-113.49118,53.54627]],[[-113.49007,53.54007],[-113.49109,53.54545]],[[-113.49054,53.54237],[-113.49039,53.54116],[-113.49004,53.53997]]]}},{"type":"Feature","properties":{"name":"100 Street NW / 103A Avenue NW ramp","highway":"secondary","ref":"","link":1},"geometry":{"type":"LineString","coordinates":[[-113.49198,53.54611],[-113.49145,53.54603],[-113.49126,53.5459]]}},{"type":"Feature","properties":{"name":"101 Avenue NW","highway":"primary","ref":""},"geometry":{"type":"MultiLineString","coordinates":[[[-113.4205,53.54106],[-113.39388,53.54112]],[[-113.39388,53.54124],[-113.42073,53.54118]]]}},{"type":"Feature","properties":{"name":"101 Avenue NW","highway":"primary","ref":"","link":1},"geometry":{"type":"LineString","coordinates":[[-113.42073,53.54118],[-113.42352,53.54121]]}},{"type":"Feature","properties":{"name":"101 Avenue NW","highway":"secondary","ref":""},"geometry":{"type":"LineString","coordinates":[[-113.44359,53.54121],[-113.42352,53.54121]]}},{"type":"Feature","properties":{"name":"101 Avenue NW / 34 Street ramp","highway":"primary","ref":"","link":1},"geometry":{"type":"LineString","coordinates":[[-113.39473,53.54112],[-113.39412,53.54097],[-113.39388,53.54057],[-113.39361,53.54098],[-113.3929,53.54113]]}},{"type":"Feature","properties":{"name":"101 Avenue NW / 50 Street NW ramp","highway":"primary","ref":"","link":1},"geometry":{"type":"MultiLineString","coordinates":[[[-113.41845,53.54073],[-113.41826,53.54091],[-113.41785,53.54109]],[[-113.41739,53.54123],[-113.41825,53.54139],[-113.41846,53.54167]],[[-113.41922,53.54108],[-113.41886,53.54096],[-113.4187,53.5407]],[[-113.41872,53.54173],[-113.41896,53.54133],[-113.41935,53.54121]]]}},{"type":"Feature","properties":{"name":"101 Avenue NW / 50 Street NW ramp","highway":"secondary","ref":"","link":1},"geometry":{"type":"LineString","coordinates":[[-113.41845,53.54028],[-113.41871,53.54122]]}},{"type":"Feature","properties":{"name":"101 Avenue NW / Baseline Road ramp","highway":"primary","ref":"","link":1},"geometry":{"type":"LineString","coordinates":[[-113.39321,53.54124],[-113.39362,53.54136],[-113.39385,53.54154],[-113.39449,53.54124]]}},{"type":"Feature","properties":{"name":"101 Avenue NW / Wayne Gretzky Drive NW ramp","highway":"primary","ref":"","link":1},"geometry":{"type":"LineString","coordinates":[[-113.44241,53.5412],[-113.44306,53.54135],[-113.44334,53.54176]]}},{"type":"Feature","properties":{"name":"101 Street NW","highway":"secondary","ref":""},"geometry":{"type":"MultiLineString","coordinates":[[[-113.49373,53.54887],[-113.49375,53.53958]],[[-113.49372,53.54813],[-113.49373,53.55889]]]}},{"type":"Feature","properties":{"name":"101 Street NW","highway":"secondary","ref":"","link":1},"geometry":{"type":"LineString","coordinates":[[-113.49328,53.53784],[-113.49308,53.53739],[-113.49375,53.53696],[-113.49379,53.53681]]}},{"type":"Feature","properties":{"name":"101 Street NW / 103A Avenue NW ramp","highway":"secondary","ref":"","link":1},"geometry":{"type":"LineString","coordinates":[[-113.49218,53.54623],[-113.49355,53.54615],[-113.49372,53.54609]]}},{"type":"Feature","properties":{"name":"101 Street NW / 111 Avenue NW ramp","highway":"secondary","ref":"","link":1},"geometry":{"type":"LineString","coordinates":[[-113.49373,53.55794],[-113.49354,53.55872],[-113.49325,53.55891]]}},{"type":"Feature","properties":{"name":"101 Street NW ramp","highway":"secondary","ref":"","link":1},"geometry":{"type":"LineString","coordinates":[[-113.49374,53.54481],[-113.49391,53.54466],[-113.49449,53.54459]]}},{"type":"Feature","properties":{"name":"102 Avenue NW","highway":"secondary","ref":""},"geometry":{"type":"MultiLineString","coordinates":[[[-113.54578,53.54305],[-113.53593,53.54302]],[[-113.56223,53.54296],[-113.56093,53.54295],[-113.56,53.54304],[-113.55033,53.54305]],[[-113.56,53.54304],[-113.56201,53.54307]]]}},{"type":"Feature","properties":{"name":"103A Avenue NW","highway":"secondary","ref":""},"geometry":{"type":"MultiLineString","coordinates":[[[-113.49372,53.54609],[-113.49198,53.54611],[-113.48897,53.54629],[-113.4861,53.54688],[-113.48932,53.54636],[-113.49372,53.54623]],[[-113.47613,53.54869],[-113.47521,53.54872]],[[-113.47497,53.54905],[-113.47613,53.54869],[-113.47954,53.54801],[-113.4861,53.54688]]]}},{"type":"Feature","properties":{"name":"103A Avenue NW / 97 Street NW ramp","highway":"secondary","ref":"","link":1},"geometry":{"type":"LineString","coordinates":[[-113.48829,53.5464],[-113.48736,53.54649],[-113.48718,53.54645]]}},{"type":"Feature","properties":{"name":"103A Avenue NW ramp","highway":"secondary","ref":"","link":1},"geometry":{"type":"LineString","coordinates":[[-113.47567,53.5487],[-113.47545,53.54877],[-113.47546,53.54887]]}},{"type":"Feature","properties":{"name":"104 Avenue NW","highway":"secondary","ref":""},"geometry":{"type":"MultiLineString","coordinates":[[[-113.49372,53.54623],[-113.52678,53.54637],[-113.52937,53.54636],[-113.53021,53.54631],[-113.5305,53.54623],[-113.52868,53.54616],[-113.52132,53.54614],[-113.50308,53.54617],[-113.5028,53.54623]],[[-113.49637,53.54621],[-113.49372,53.54609]],[[-113.5305,53.54623],[-113.53085,53.54626]]]}},{"type":"Feature","properties":{"name":"104 Avenue NW ramp","highway":"secondary","ref":"","link":1},"geometry":{"type":"LineString","coordinates":[[-113.51219,53.54615],[-113.51215,53.54591],[-113.51192,53.54615]]}},{"type":"Feature","properties":{"name":"104 Street NW","highway":"secondary","ref":""},"geometry":{"type":"MultiLineString","coordinates":[[[-113.49892,53.5339],[-113.49914,53.53365],[-113.49922,53.53332],[-113.4992,53.53169]],[[-113.49755,53.52339],[-113.49765,53.52256],[-113.49771,53.50435],[-113.49756,53.49339]]]}},{"type":"Feature","properties":{"name":"104 Street NW / 97 Avenue NW ramp","highway":"secondary","ref":"","link":1},"geometry":{"type":"LineString","coordinates":[[-113.49935,53.5339],[-113.49922,53.53332]]}},{"type":"Feature","properties":{"name":"104 Street NW / Rossdale Road NW ramp","highway":"secondary","ref":"","link":1},"geometry":{"type":"MultiLineString","coordinates":[[[-113.4992,53.53169],[-113.49899,53.53131],[-113.49872,53.53128],[-113.49845,53.53134]],[[-113.49899,53.53131],[-113.49878,53.53115]]]}},{"type":"Feature","properties":{"name":"104 Street NW / Saskatchewan Drive NW ramp","highway":"secondary","ref":"","link":1},"geometry":{"type":"LineString","coordinates":[[-113.49789,53.52339],[-113.49764,53.52321]]}},{"type":"Feature","properties":{"name":"105 Avenue SW","highway":"primary","ref":"19"},"geometry":{"type":"MultiLineString","coordinates":[[[-113.55358,53.33796],[-113.5569,53.33795],[-113.56549,53.33775],[-113.58565,53.33779]],[[-113.68373,53.33832],[-113.67936,53.33825],[-113.67275,53.33779],[-113.66913,53.33767],[-113.6483,53.33772],[-113.64092,53.33788],[-113.63316,53.33776],[-113.62115,53.33802],[-113.61222,53.33781],[-113.58565,53.33779],[-113.57812,53.3375],[-113.57333,53.33747],[-113.56484,53.33752],[-113.55776,53.3378],[-113.55359,53.33785]]]}},{"type":"Feature","properties":{"name":"105 Avenue SW / Highway 19 ramp","highway":"motorway","ref":"","link":1},"geometry":{"type":"MultiLineString","coordinates":[[[-113.54644,53.34545],[-113.54731,53.34466],[-113.55082,53.34046],[-113.55317,53.33841],[-113.55344,53.33825],[-113.55397,53.33813],[-113.5569,53.33795]],[[-113.55213,53.33924],[-113.55297,53.33835],[-113.55295,53.33801],[-113.55271,53.33786]]]}},{"type":"Feature","properties":{"name":"105 Avenue SW / Queen Elizabeth II Highway ramp","highway":"motorway","ref":"","link":1},"geometry":{"type":"LineString","coordinates":[[-113.55714,53.33782],[-113.55294,53.33768],[-113.55227,53.33754],[-113.55199,53.3374],[-113.55128,53.33646],[-113.55022,53.3346],[-113.54984,53.33229]]}},{"type":"Feature","properties":{"name":"105 Avenue SW ramp","highway":"primary","ref":"","link":1},"geometry":{"type":"MultiLineString","coordinates":[[[-113.57333,53.33707],[-113.57311,53.33735],[-113.5722,53.33748]],[[-113.57506,53.33747],[-113.57479,53.3374],[-113.57373,53.33735],[-113.57352,53.33696]],[[-113.57063,53.33775],[-113.57136,53.33765],[-113.57314,53.3376],[-113.57352,53.33748]],[[-113.57659,53.33748],[-113.57361,53.33762],[-113.5733,53.33776]],[[-113.56182,53.3383],[-113.56199,53.33795],[-113.56263,53.3378]],[[-113.56061,53.33785],[-113.56137,53.33796],[-113.56165,53.3383]],[[-113.57244,53.33775],[-113.57307,53.33787],[-113.57331,53.33811]],[[-113.5735,53.33811],[-113.57378,53.33786],[-113.57437,53.33776]]]}},{"type":"Feature","properties":{"name":"105 Street NW","highway":"secondary","ref":""},"geometry":{"type":"LineString","coordinates":[[-113.50228,53.52726],[-113.50114,53.5295],[-113.5011,53.53407]]}},{"type":"Feature","properties":{"name":"105 Street NW / Rossdale Road NW ramp","highway":"secondary","ref":"","link":1},"geometry":{"type":"LineString","coordinates":[[-113.50005,53.53079],[-113.50072,53.53083],[-113.5011,53.53114]]}},{"type":"Feature","properties":{"name":"106 Avenue NW","highway":"secondary","ref":""},"geometry":{"type":"MultiLineString","coordinates":[[[-113.45716,53.54933],[-113.44301,53.54935],[-113.44288,53.5493],[-113.43138,53.54926],[-113.42957,53.54933],[-113.42711,53.54955],[-113.42523,53.54985],[-113.4233,53.5503],[-113.41998,53.55133],[-113.41932,53.55142],[-113.41843,53.55142]],[[-113.43126,53.5493],[-113.43951,53.54939],[-113.44301,53.54935]],[[-113.45637,53.54935],[-113.45712,53.54943]]]}},{"type":"Feature","properties":{"name":"106 Avenue NW / 50 Street NW ramp","highway":"secondary","ref":"","link":1},"geometry":{"type":"LineString","coordinates":[[-113.41932,53.55142],[-113.41888,53.55133],[-113.4187,53.55114]]}},{"type":"Feature","properties":{"name":"106 Avenue NW / Wayne Gretzky Drive NW ramp","highway":"primary","ref":"","link":1},"geometry":{"type":"MultiLineString","coordinates":[[[-113.43673,53.54938],[-113.43724,53.54955],[-113.43747,53.54987],[-113.43756,53.55282],[-113.43787,53.55411],[-113.43802,53.55432]],[[-113.43925,53.54999],[-113.43952,53.54949],[-113.43948,53.54935],[-113.43927,53.54928]],[[-113.43796,53.54927],[-113.43768,53.54938],[-113.43752,53.55036]],[[-113.43817,53.55431],[-113.43806,53.55237],[-113.4382,53.55146],[-113.43871,53.55057],[-113.43925,53.54999],[-113.43986,53.54949],[-113.44015,53.54939]]]}},{"type":"Feature","properties":{"name":"106 Avenue NW ramp","highway":"secondary","ref":"","link":1},"geometry":{"type":"LineString","coordinates":[[-113.43532,53.54979],[-113.43496,53.54946],[-113.43523,53.54936]]}},{"type":"Feature","properties":{"name":"106 Street NW","highway":"secondary","ref":""},"geometry":{"type":"MultiLineString","coordinates":[[[-113.50407,53.5742],[-113.5036,53.57379],[-113.50341,53.57343],[-113.50333,53.57201],[-113.50306,53.57084],[-113.50302,53.56722],[-113.50318,53.56634]],[[-113.50296,53.56642],[-113.50287,53.57036],[-113.50315,53.57204],[-113.50319,53.57326],[-113.50338,53.57378],[-113.50394,53.57428]]]}},{"type":"Feature","properties":{"name":"106 Street NW / Princess Elizabeth Avenue NW ramp","highway":"secondary","ref":"","link":1},"geometry":{"type":"LineString","coordinates":[[-113.50248,53.56673],[-113.50278,53.56674],[-113.50289,53.56683]]}},{"type":"Feature","properties":{"name":"107 Avenue NW","highway":"secondary","ref":""},"geometry":{"type":"MultiLineString","coordinates":[[[-113.51764,53.55141],[-113.52624,53.55142],[-113.52915,53.55098],[-113.53592,53.55097]],[[-113.56531,53.55078],[-113.56505,53.55089],[-113.56456,53.55096],[-113.56529,53.55123]],[[-113.5664,53.55126],[-113.567,53.55112],[-113.58599,53.5511],[-113.5909,53.55118],[-113.5942,53.55135],[-113.60562,53.55136],[-113.60655,53.55149],[-113.61302,53.55326],[-113.61371,53.55332],[-113.61789,53.55328],[-113.61307,53.55317],[-113.60701,53.55146],[-113.60591,53.55128],[-113.59478,53.55128],[-113.59129,53.55107],[-113.58863,53.55102],[-113.56708,53.55104],[-113.56669,53.55096],[-113.56639,53.5508]],[[-113.63973,53.55327],[-113.61789,53.55328]],[[-113.56456,53.55096],[-113.55634,53.55091],[-113.53769,53.55092],[-113.53592,53.55097],[-113.54894,53.55106],[-113.55634,53.55102],[-113.55819,53.55095]],[[-113.51764,53.55141],[-113.49374,53.55142]]]}},{"type":"Feature","properties":{"name":"107 Avenue NW / 149 Street NW ramp","highway":"secondary","ref":"","link":1},"geometry":{"type":"MultiLineString","coordinates":[[[-113.57882,53.55102],[-113.57827,53.55081],[-113.57816,53.55062]],[[-113.57705,53.55111],[-113.5776,53.55131],[-113.57782,53.55146],[-113.57797,53.55174]],[[-113.57816,53.55141],[-113.57831,53.5513],[-113.57897,53.55111]],[[-113.57799,53.5504],[-113.57771,53.55075],[-113.57712,53.55102]]]}},{"type":"Feature","properties":{"name":"107 Avenue NW / 170 Street NW ramp","highway":"primary","ref":"","link":1},"geometry":{"type":"LineString","coordinates":[[-113.61523,53.55279],[-113.61494,53.55312],[-113.61462,53.55321]]}},{"type":"Feature","properties":{"name":"107 Avenue NW / Groat Road NW ramp","highway":"secondary","ref":"","link":1},"geometry":{"type":"MultiLineString","coordinates":[[[-113.55182,53.55091],[-113.551,53.55078],[-113.55048,53.55059],[-113.54831,53.54909],[-113.54759,53.5488]],[[-113.54707,53.55103],[-113.54854,53.55124],[-113.54898,53.55142],[-113.54959,53.55183],[-113.54904,53.55129],[-113.54855,53.55],[-113.54854,53.55064],[-113.54841,53.55078],[-113.54809,53.55091]],[[-113.55067,53.55151],[-113.55035,53.55067],[-113.55006,53.55034]],[[-113.54678,53.54855],[-113.54808,53.54937],[-113.54855,53.55]],[[-113.5509,53.55378],[-113.55099,53.55305],[-113.55067,53.55151],[-113.55075,53.55122],[-113.55119,53.55105]],[[-113.54959,53.55183],[-113.55032,53.5526],[-113.55072,53.55335]]]}},{"type":"Feature","properties":{"name":"107 Avenue NW / Mayfield Road NW ramp","highway":"secondary","ref":"","link":1},"geometry":{"type":"MultiLineString","coordinates":[[[-113.60924,53.5521],[-113.60887,53.5518],[-113.60894,53.55146]],[[-113.60777,53.55183],[-113.608,53.55206],[-113.60802,53.55234]],[[-113.60881,53.55136],[-113.60838,53.55164],[-113.60787,53.55171]],[[-113.60807,53.55255],[-113.60859,53.55224],[-113.60894,53.55221],[-113.60935,53.55228]],[[-113.61073,53.55254],[-113.60853,53.55197],[-113.6083,53.55198]]]}},{"type":"Feature","properties":{"name":"107 Street NW","highway":"secondary","ref":""},"geometry":{"type":"MultiLineString","coordinates":[[[-113.50394,53.57428],[-113.50466,53.57484],[-113.50493,53.57536],[-113.50495,53.57987],[-113.50524,53.58118],[-113.50535,53.58136],[-113.50553,53.58143]],[[-113.50554,53.581],[-113.5053,53.58066],[-113.50515,53.57981],[-113.5051,53.57529],[-113.50487,53.57483],[-113.50407,53.5742]]]}},{"type":"Feature","properties":{"name":"107 Street NW / Yellowhead Trail NW ramp","highway":"motorway","ref":"","link":1},"geometry":{"type":"LineString","coordinates":[[-113.50513,53.58082],[-113.50501,53.58116],[-113.50463,53.5813]]}},{"type":"Feature","properties":{"name":"107 Street NW / Yellowhead Trail NW ramp","highway":"trunk","ref":"","link":1},"geometry":{"type":"LineString","coordinates":[[-113.50659,53.58128],[-113.50605,53.58122],[-113.50554,53.581]]}},{"type":"Feature","properties":{"name":"107A Avenue NW","highway":"secondary","ref":""},"geometry":{"type":"LineString","coordinates":[[-113.49374,53.55142],[-113.49316,53.55147],[-113.49234,53.55168],[-113.48994,53.5527],[-113.48918,53.55294],[-113.4836,53.55388],[-113.47927,53.55474]]}},{"type":"Feature","properties":{"name":"107A Avenue NW / 97 Street NW ramp","highway":"secondary","ref":"","link":1},"geometry":{"type":"LineString","coordinates":[[-113.49035,53.55253],[-113.48988,53.55252],[-113.48965,53.55241]]}},{"type":"Feature","properties":{"name":"108A Avenue NW","highway":"secondary","ref":""},"geometry":{"type":"MultiLineString","coordinates":[[[-113.49373,53.55453],[-113.49318,53.55445],[-113.49063,53.55477]],[[-113.49306,53.55447],[-113.49373,53.55463]]]}},{"type":"Feature","properties":{"name":"109 Street NW","highway":"secondary","ref":""},"geometry":{"type":"MultiLineString","coordinates":[[[-113.50715,53.53441],[-113.50783,53.53443],[-113.50824,53.53468],[-113.50838,53.53726],[-113.50834,53.56352],[-113.50813,53.56407],[-113.50773,53.56438]],[[-113.50916,53.5341],[-113.50953,53.53383],[-113.50984,53.53281],[-113.50974,53.5324]],[[-113.50849,53.56419],[-113.50858,53.53495],[-113.50871,53.53423],[-113.50928,53.53274],[-113.50974,53.5324],[-113.513,53.52679],[-113.51294,53.5264],[-113.51308,53.52579],[-113.51299,53.52539],[-113.51261,53.52481],[-113.512,53.52437],[-113.51176,53.52394],[-113.51199,53.52375],[-113.51206,53.51877],[-113.51215,53.52338],[-113.51204,53.52421],[-113.51213,53.52442],[-113.51261,53.52481]],[[-113.51189,53.49815],[-113.51187,53.49956],[-113.51201,53.50045],[-113.51219,53.49943],[-113.51204,53.49888],[-113.51205,53.49815]],[[-113.51201,53.50045],[-113.51206,53.51877]]]}},{"type":"Feature","properties":{"name":"109 Street NW / 111 Street NW ramp","highway":"secondary","ref":"","link":1},"geometry":{"type":"MultiLineString","coordinates":[[[-113.51661,53.49679],[-113.51652,53.49766],[-113.51617,53.498],[-113.51515,53.49819],[-113.51367,53.49822],[-113.51305,53.4985],[-113.51308,53.49837],[-113.51298,53.49827]],[[-113.51305,53.4985],[-113.51219,53.49903],[-113.51188,53.49965]]]}},{"type":"Feature","properties":{"name":"109 Street NW / 61 Avenue NW ramp","highway":"secondary","ref":"","link":1},"geometry":{"type":"MultiLineString","coordinates":[[[-113.51097,53.49822],[-113.51163,53.49831],[-113.51189,53.49846]],[[-113.51211,53.50005],[-113.51234,53.49942],[-113.51271,53.49887],[-113.51341,53.49844],[-113.5142,53.49828]]]}},{"type":"Feature","properties":{"name":"109 Street NW / 97 Avenue NW ramp","highway":"secondary","ref":"","link":1},"geometry":{"type":"MultiLineString","coordinates":[[[-113.50748,53.53437],[-113.50847,53.53408],[-113.50896,53.53359]],[[-113.50865,53.53466],[-113.50879,53.53433],[-113.50916,53.5341]]]}},{"type":"Feature","properties":{"name":"109 Street NW / Kingsway NW ramp","highway":"secondary","ref":"","link":1},"geometry":{"type":"LineString","coordinates":[[-113.50854,53.56133],[-113.50865,53.56116],[-113.50894,53.5611]]}},{"type":"Feature","properties":{"name":"109 Street NW / Princess Elizabeth Avenue NW ramp","highway":"secondary","ref":"","link":1},"geometry":{"type":"LineString","coordinates":[[-113.50887,53.5639],[-113.50861,53.56386],[-113.50854,53.56376]]}},{"type":"Feature","properties":{"name":"111 Avenue NW","highway":"secondary","ref":""},"geometry":{"type":"MultiLineString","coordinates":[[[-113.62553,53.55958],[-113.62615,53.55963],[-113.62634,53.55958],[-113.6179,53.55958]],[[-113.61523,53.55956],[-113.61723,53.55963],[-113.6179,53.55958],[-113.61523,53.55947]],[[-113.62634,53.55958],[-113.63964,53.55959],[-113.64264,53.55945],[-113.6456,53.55898],[-113.65359,53.55712],[-113.65481,53.5569],[-113.65615,53.55677]],[[-113.60235,53.5585],[-113.60131,53.5588],[-113.60028,53.55888],[-113.56603,53.55881],[-113.55282,53.55882],[-113.54791,53.5589],[-113.55047,53.55899],[-113.55275,53.55893],[-113.56659,53.55893],[-113.60061,53.55899],[-113.60159,53.55887],[-113.60246,53.55859]],[[-113.53593,53.55891],[-113.52888,53.55883],[-113.49392,53.55884],[-113.48969,53.55918],[-113.48655,53.56021],[-113.4829,53.56053],[-113.47965,53.56108]],[[-113.49373,53.55889],[-113.49391,53.55895],[-113.50396,53.55898],[-113.54791,53.5589]]]}},{"type":"Feature","properties":{"name":"111 Avenue NW / 142 Street NW ramp","highway":"secondary","ref":"","link":1},"geometry":{"type":"MultiLineString","coordinates":[[[-113.56589,53.55943],[-113.56605,53.55916],[-113.56659,53.55893]],[[-113.56574,53.5582],[-113.5655,53.55867],[-113.56529,53.55882]],[[-113.56656,53.55882],[-113.56591,53.55858]],[[-113.56487,53.55893],[-113.56539,53.55908],[-113.56573,53.55937]]]}},{"type":"Feature","properties":{"name":"111 Avenue NW / 149 Street NW ramp","highway":"secondary","ref":"","link":1},"geometry":{"type":"MultiLineString","coordinates":[[[-113.57895,53.55882],[-113.57831,53.55864],[-113.57817,53.5583]],[[-113.57801,53.55827],[-113.57782,53.5587],[-113.5776,53.55883]],[[-113.57705,53.55895],[-113.57771,53.55914],[-113.57801,53.5596]]]}},{"type":"Feature","properties":{"name":"111 Avenue NW / 156 Street NW ramp","highway":"secondary","ref":"","link":1},"geometry":{"type":"MultiLineString","coordinates":[[[-113.58961,53.55899],[-113.59004,53.55916],[-113.59043,53.55944],[-113.5909,53.55911],[-113.59143,53.55899]],[[-113.59143,53.55888],[-113.59096,53.55876],[-113.59043,53.55845],[-113.5899,53.55887]]]}},{"type":"Feature","properties":{"name":"111 Avenue NW / 170 Street NW ramp","highway":"primary","ref":"","link":1},"geometry":{"type":"LineString","coordinates":[[-113.61541,53.56012],[-113.61576,53.55975],[-113.61638,53.55962]]}},{"type":"Feature","properties":{"name":"111 Avenue NW / 178 Street NW ramp","highway":"secondary","ref":"","link":1},"geometry":{"type":"LineString","coordinates":[[-113.62651,53.55959],[-113.62704,53.55976],[-113.62736,53.56012],[-113.62768,53.55973],[-113.62814,53.55959]]}},{"type":"Feature","properties":{"name":"111 Avenue NW / Anthony Henday Drive NW ramp","highway":"motorway","ref":"","link":1},"geometry":{"type":"LineString","coordinates":[[-113.65871,53.5538],[-113.65854,53.55412],[-113.65843,53.55565],[-113.65821,53.55609],[-113.65749,53.55653],[-113.65615,53.55677],[-113.65699,53.55677],[-113.65752,53.55686],[-113.6581,53.55712],[-113.65848,53.55743],[-113.65866,53.55777],[-113.65922,53.56046],[-113.65942,53.56067]]}},{"type":"Feature","properties":{"name":"111 Avenue NW / Groat Road NW ramp","highway":"secondary","ref":"","link":1},"geometry":{"type":"MultiLineString","coordinates":[[[-113.55121,53.55835],[-113.55117,53.55865],[-113.55081,53.55888]],[[-113.55221,53.55883],[-113.55169,53.55868],[-113.55141,53.5584]],[[-113.55047,53.55899],[-113.55117,53.55914],[-113.55136,53.55928]],[[-113.55155,53.55944],[-113.55169,53.55916],[-113.55222,53.55894]]]}},{"type":"Feature","properties":{"name":"111 Avenue NW / Kingsway NW ramp","highway":"secondary","ref":"","link":1},"geometry":{"type":"LineString","coordinates":[[-113.50275,53.55848],[-113.50303,53.55885]]}},{"type":"Feature","properties":{"name":"111 Avenue NW ramp","highway":"secondary","ref":"","link":1},"geometry":{"type":"MultiLineString","coordinates":[[[-113.60177,53.55882],[-113.60238,53.55877],[-113.60268,53.55886]],[[-113.48685,53.55974],[-113.48655,53.56021]]]}},{"type":"Feature","properties":{"name":"111 Street NW","highway":"secondary","ref":""},"geometry":{"type":"MultiLineString","coordinates":[[[-113.51941,53.43422],[-113.51935,53.4356],[-113.51825,53.43837],[-113.51812,53.44079],[-113.51785,53.44226],[-113.51744,53.44361],[-113.51625,53.44655],[-113.51611,53.44739],[-113.51618,53.4534],[-113.516,53.45432],[-113.51617,53.45587],[-113.51608,53.46461],[-113.51622,53.46966],[-113.51619,53.47928],[-113.51595,53.48194],[-113.51661,53.4845],[-113.51641,53.49409],[-113.51645,53.49594],[-113.51667,53.49717],[-113.51668,53.49829]],[[-113.51697,53.49829],[-113.51694,53.49235],[-113.51714,53.48576],[-113.51754,53.48409],[-113.51757,53.48343],[-113.51733,53.48223],[-113.51679,53.48082],[-113.5167,53.48023],[-113.51657,53.46414],[-113.5167,53.45967],[-113.51662,53.45451]],[[-113.51661,53.45587],[-113.51622,53.45492],[-113.51615,53.45433],[-113.51633,53.45289],[-113.51628,53.45036],[-113.51643,53.44926],[-113.51642,53.44681],[-113.51804,53.44226],[-113.5183,53.4408],[-113.51841,53.43854],[-113.51855,53.43797],[-113.51948,53.43581],[-113.51966,53.43489],[-113.51961,53.43423]]]}},{"type":"Feature","properties":{"name":"111 Street NW / 23 Avenue NW ramp","highway":"secondary","ref":"","link":1},"geometry":{"type":"LineString","coordinates":[[-113.51608,53.45381],[-113.51574,53.45404],[-113.51533,53.45403]]}},{"type":"Feature","properties":{"name":"111 Street NW / 34 Avenue NW ramp","highway":"secondary","ref":"","link":1},"geometry":{"type":"MultiLineString","coordinates":[[[-113.51729,53.46582],[-113.5168,53.46567],[-113.51658,53.46544]],[[-113.5166,53.46665],[-113.51675,53.46623],[-113.51728,53.46598]],[[-113.51609,53.46504],[-113.51593,53.46561],[-113.51539,53.46584]],[[-113.51505,53.466],[-113.51585,53.46615],[-113.51611,53.46658]]]}},{"type":"Feature","properties":{"name":"111 Street NW / 51 Avenue NW ramp","highway":"secondary","ref":"","link":1},"geometry":{"type":"MultiLineString","coordinates":[[[-113.51708,53.48872],[-113.51739,53.48844],[-113.51785,53.4883]],[[-113.51649,53.48749],[-113.51619,53.48799],[-113.51552,53.48815]],[[-113.51795,53.48815],[-113.51736,53.48804],[-113.5171,53.4877]],[[-113.5157,53.4883],[-113.51625,53.48843],[-113.51648,53.48869]]]}},{"type":"Feature","properties":{"name":"111 Street NW / 61 Avenue NW ramp","highway":"secondary","ref":"","link":1},"geometry":{"type":"LineString","coordinates":[[-113.51809,53.49815],[-113.51749,53.49801],[-113.5172,53.49786],[-113.51697,53.49734]]}},{"type":"Feature","properties":{"name":"111 Street NW / 91 Street SW ramp","highway":"motorway","ref":"","link":1},"geometry":{"type":"MultiLineString","coordinates":[[[-113.49225,53.43734],[-113.49538,53.43712],[-113.49958,53.43713],[-113.50062,53.43698],[-113.50328,53.43638],[-113.50054,53.43708],[-113.49683,53.43767],[-113.49588,53.43793],[-113.49484,53.43843],[-113.49396,53.43918],[-113.49341,53.44001],[-113.49302,53.44088],[-113.49312,53.44272],[-113.49306,53.44344],[-113.49287,53.44369]],[[-113.47189,53.4371],[-113.46587,53.43699],[-113.46473,53.43678],[-113.46421,53.43635],[-113.46413,53.43602],[-113.46432,53.43568],[-113.46473,53.43541],[-113.46536,53.43525],[-113.46583,53.43524],[-113.46654,53.43539],[-113.46683,53.43584]],[[-113.51929,53.43629],[-113.51964,53.43584],[-113.52018,53.43557],[-113.51954,53.4356],[-113.51844,53.43552]],[[-113.46583,53.43524],[-113.46716,53.43529]],[[-113.52018,53.43557],[-113.52256,53.43518],[-113.52366,53.43509],[-113.52832,53.43506],[-113.52873,53.43497]],[[-113.51028,53.43537],[-113.51384,53.43516],[-113.51642,53.43519],[-113.51844,53.43552],[-113.51879,53.43564],[-113.51904,53.43596],[-113.51906,53.43636]],[[-113.50328,53.43638],[-113.50723,53.43569],[-113.51188,53.43521],[-113.5151,53.43501],[-113.51888,53.43497],[-113.52007,53.43489]],[[-113.49247,53.43019],[-113.49202,53.43279],[-113.49227,53.43404],[-113.4927,53.4348],[-113.49342,53.43548],[-113.49439,53.43606],[-113.49536,53.43643],[-113.49676,53.43675],[-113.498,53.43685],[-113.49897,53.43682],[-113.50475,53.43584],[-113.50849,53.43528]],[[-113.49286,53.426],[-113.49271,53.42873],[-113.49247,53.43019],[-113.49206,53.43138],[-113.49146,53.43251],[-113.49078,53.43323],[-113.48975,53.43395],[-113.48543,53.43627],[-113.48413,53.4368]],[[-113.49302,53.44088],[-113.49331,53.43988],[-113.49424,53.43827],[-113.49435,53.43727],[-113.49404,53.43654],[-113.49367,53.43613],[-113.49274,53.43552],[-113.49186,53.43519],[-113.49046,53.43494],[-113.48893,53.43499],[-113.48769,53.43527],[-113.48498,53.43654],[-113.48341,53.43699],[-113.48247,53.43714],[-113.48119,53.43723],[-113.47848,53.43718],[-113.48179,53.43735],[-113.48609,53.43741]],[[-113.47848,53.43718],[-113.47336,53.43707],[-113.46632,53.43724]]]}},{"type":"Feature","properties":{"name":"111 Street NW / Whitemud Drive NW ramp","highway":"motorway","ref":"","link":1},"geometry":{"type":"MultiLineString","coordinates":[[[-113.50682,53.48172],[-113.50826,53.48207],[-113.51335,53.48295]],[[-113.52361,53.48305],[-113.52166,53.48291],[-113.51821,53.48247],[-113.51761,53.48221],[-113.51719,53.48183]],[[-113.51754,53.48409],[-113.51796,53.48358],[-113.51868,53.48338],[-113.52363,53.48316]],[[-113.51757,53.48335],[-113.51905,53.48333]],[[-113.51402,53.48206],[-113.51049,53.48197],[-113.50684,53.48162]],[[-113.51821,53.48247],[-113.51737,53.48236]]]}},{"type":"Feature","properties":{"name":"111 Street NW / Whitemud Drive NW ramp","highway":"secondary","ref":"","link":1},"geometry":{"type":"MultiLineString","coordinates":[[[-113.51661,53.4845],[-113.51739,53.48422],[-113.51754,53.48409]],[[-113.51118,53.48305],[-113.5126,53.48289],[-113.5161,53.48328],[-113.51757,53.48335]],[[-113.51737,53.48236],[-113.51581,53.48216],[-113.51402,53.48206]]]}},{"type":"Feature","properties":{"name":"111 Street NW ramp","highway":"secondary","ref":"","link":1},"geometry":{"type":"MultiLineString","coordinates":[[[-113.51595,53.48148],[-113.51566,53.48198],[-113.51541,53.48213]],[[-113.51614,53.46058],[-113.51589,53.46099],[-113.51525,53.46113]],[[-113.51553,53.46125],[-113.51591,53.46137],[-113.51614,53.46163]],[[-113.51664,53.46176],[-113.51682,53.46143],[-113.51732,53.46124]],[[-113.51761,53.46113],[-113.517,53.46102],[-113.51667,53.46064]],[[-113.51643,53.44926],[-113.5166,53.44901],[-113.51705,53.44879]],[[-113.51753,53.44385],[-113.51798,53.44309],[-113.51855,53.44291]],[[-113.51868,53.44281],[-113.51818,53.44264],[-113.51804,53.44226]],[[-113.51785,53.44226],[-113.51752,53.4426],[-113.51726,53.44268],[-113.51689,53.44267]],[[-113.51676,53.44277],[-113.51739,53.44294],[-113.51753,53.44334]],[[-113.51618,53.4751],[-113.51593,53.47556],[-113.51561,53.47573]],[[-113.51667,53.47634],[-113.5169,53.47598],[-113.51731,53.47586]],[[-113.51631,53.45238],[-113.51617,53.45233]]]}},{"type":"Feature","properties":{"name":"111 Street SW","highway":"secondary","ref":""},"geometry":{"type":"MultiLineString","coordinates":[[[-113.51961,53.43423],[-113.51913,53.43295],[-113.51763,53.43109],[-113.517,53.42999],[-113.51685,53.42943],[-113.51677,53.4281],[-113.51671,53.42475]],[[-113.51641,53.42476],[-113.51638,53.42819],[-113.51661,53.43004],[-113.51716,53.43098],[-113.51881,53.43277],[-113.51924,53.43359],[-113.51941,53.43422]]]}},{"type":"Feature","properties":{"name":"111 Street SW / Anthony Henday Drive NW ramp","highway":"motorway","ref":"","link":1},"geometry":{"type":"MultiLineString","coordinates":[[[-113.52978,53.43466],[-113.52495,53.43443],[-113.52449,53.43435],[-113.52354,53.43403],[-113.52181,53.43303],[-113.52142,53.43295],[-113.5208,53.43294],[-113.51977,53.43311],[-113.5193,53.433],[-113.519,53.43273]],[[-113.51947,53.4337],[-113.51955,53.43344],[-113.51988,53.43324],[-113.5212,53.43307],[-113.52194,53.43328],[-113.52225,53.43368],[-113.52217,53.43395],[-113.52194,53.43418],[-113.52112,53.43441],[-113.51667,53.43446],[-113.51565,53.43455]],[[-113.51977,53.43311],[-113.51908,53.43323]],[[-113.51913,53.43332],[-113.51988,53.43324]]]}},{"type":"Feature","properties":{"name":"111 Street SW / Ellerslie Road SW ramp","highway":"secondary","ref":"","link":1},"geometry":{"type":"MultiLineString","coordinates":[[[-113.51413,53.42491],[-113.51658,53.4248],[-113.51635,53.42404],[-113.51598,53.42459],[-113.51503,53.42476]],[[-113.51672,53.42562],[-113.51681,53.42531],[-113.51707,53.42505],[-113.51792,53.42492]],[[-113.51413,53.42491],[-113.51622,53.42496],[-113.51641,53.42512]],[[-113.51658,53.4248],[-113.51671,53.42491]],[[-113.51658,53.4248],[-113.51671,53.42475]]]}},{"type":"Feature","properties":{"name":"111 Street SW ramp","highway":"secondary","ref":"","link":1},"geometry":{"type":"MultiLineString","coordinates":[[[-113.51639,53.42832],[-113.51675,53.42943]],[[-113.51726,53.43052],[-113.51703,53.43029],[-113.51658,53.42943]],[[-113.51682,53.42897],[-113.51656,53.42818],[-113.51638,53.42811]],[[-113.51642,53.42558],[-113.51659,53.42656],[-113.51674,53.42665]],[[-113.51675,53.42779],[-113.51656,53.42679],[-113.51639,53.42666]]]}},{"type":"Feature","properties":{"name":"112 Avenue NW","highway":"secondary","ref":""},"geometry":{"type":"MultiLineString","coordinates":[[[-113.47965,53.56108],[-113.47171,53.56104],[-113.46731,53.56117],[-113.45577,53.56122],[-113.44772,53.56249],[-113.44355,53.56349],[-113.44378,53.5635],[-113.45155,53.56188]],[[-113.46007,53.56121],[-113.46166,53.56128],[-113.46731,53.56126],[-113.47106,53.56115],[-113.47667,53.5611]],[[-113.44355,53.56349],[-113.42797,53.56724],[-113.41841,53.56726]]]}},{"type":"Feature","properties":{"name":"112 Avenue NW / Wayne Gretzky Drive NW ramp","highway":"primary","ref":"","link":1},"geometry":{"type":"MultiLineString","coordinates":[[[-113.44276,53.56022],[-113.4452,53.56248],[-113.4454,53.56288],[-113.44525,53.56305]],[[-113.44505,53.56323],[-113.44564,53.56327],[-113.4465,53.56359],[-113.44803,53.56451],[-113.44924,53.5655]],[[-113.44805,53.56243],[-113.44718,53.56249],[-113.44636,53.56218],[-113.44509,53.56156],[-113.44292,53.56017]],[[-113.44805,53.56361],[-113.44712,53.56262],[-113.44667,53.56231]],[[-113.4452,53.56248],[-113.4465,53.56359]],[[-113.44944,53.56548],[-113.44786,53.56325],[-113.44779,53.56276],[-113.44798,53.56262]]]}},{"type":"Feature","properties":{"name":"112 Street NW","highway":"secondary","ref":""},"geometry":{"type":"MultiLineString","coordinates":[[[-113.52085,53.5229],[-113.52089,53.51999],[-113.52076,53.51802]],[[-113.51584,53.6268],[-113.5144,53.62583]],[[-113.51428,53.62589],[-113.51505,53.62644],[-113.51584,53.6268],[-113.51637,53.62736],[-113.51657,53.62778],[-113.51648,53.63834],[-113.51658,53.63967]]]}},{"type":"Feature","properties":{"name":"112 Street NW / Castle Downs Road NW ramp","highway":"secondary","ref":"","link":1},"geometry":{"type":"MultiLineString","coordinates":[[[-113.51352,53.6264],[-113.51421,53.62623],[-113.51474,53.62625]],[[-113.51515,53.62634],[-113.5149,53.62594],[-113.5151,53.62565]]]}},{"type":"Feature","properties":{"name":"113 Street NW","highway":"secondary","ref":""},"geometry":{"type":"MultiLineString","coordinates":[[[-113.52191,53.49851],[-113.52251,53.4991],[-113.52276,53.49989],[-113.52277,53.50587],[-113.52311,53.50664],[-113.52443,53.50812]],[[-113.5246,53.50807],[-113.52331,53.5066],[-113.52299,53.50589],[-113.52295,53.49926],[-113.52264,53.49874],[-113.52209,53.49837]]]}},{"type":"Feature","properties":{"name":"113 Street NW / 114 Street NW ramp","highway":"secondary","ref":"","link":1},"geometry":{"type":"LineString","coordinates":[[-113.52443,53.50812],[-113.52454,53.50799]]}},{"type":"Feature","properties":{"name":"113 Street NW / Belgravia Road NW ramp","highway":"secondary","ref":"","link":1},"geometry":{"type":"LineString","coordinates":[[-113.52528,53.50788],[-113.52468,53.5079],[-113.52425,53.50766]]}},{"type":"Feature","properties":{"name":"113A Street NW","highway":"secondary","ref":""},"geometry":{"type":"MultiLineString","coordinates":[[[-113.51657,53.59215],[-113.51649,53.59231],[-113.51663,53.59946]],[[-113.51681,53.59946],[-113.51665,53.59229],[-113.51656,53.59207],[-113.51656,53.58494]]]}},{"type":"Feature","properties":{"name":"113A Street NW / 137 Avenue NW ramp","highway":"secondary","ref":"","link":1},"geometry":{"type":"LineString","coordinates":[[-113.51742,53.59946],[-113.51681,53.59924]]}},{"type":"Feature","properties":{"name":"114 Street NW","highway":"secondary","ref":""},"geometry":{"type":"MultiLineString","coordinates":[[[-113.52443,53.50812],[-113.52543,53.50927],[-113.52574,53.5101],[-113.52572,53.51585],[-113.52544,53.51795],[-113.52551,53.51802],[-113.52564,53.51781],[-113.52596,53.516],[-113.5259,53.51007],[-113.52564,53.50932],[-113.5246,53.50807]],[[-113.52551,53.51936],[-113.52558,53.5229]],[[-113.52551,53.51936],[-113.52551,53.51802]]]}},{"type":"Feature","properties":{"name":"114 Street NW / 82 Avenue NW ramp","highway":"secondary","ref":"","link":1},"geometry":{"type":"MultiLineString","coordinates":[[[-113.5257,53.51612],[-113.52558,53.51631],[-113.52529,53.51642]],[[-113.52707,53.51669],[-113.52683,53.51674],[-113.52589,53.5166],[-113.52564,53.51663]]]}},{"type":"Feature","properties":{"name":"114 Street NW / Belgravia Road NW ramp","highway":"secondary","ref":"","link":1},"geometry":{"type":"LineString","coordinates":[[-113.52513,53.50866],[-113.52516,53.50822],[-113.52561,53.50787]]}},{"type":"Feature","properties":{"name":"116 Street NW","highway":"secondary","ref":""},"geometry":{"type":"MultiLineString","coordinates":[[[-113.52141,53.54827],[-113.52141,53.54642],[-113.52132,53.54637]],[[-113.52134,53.53886],[-113.52132,53.54637],[-113.52122,53.54669],[-113.52131,53.5514]]]}},{"type":"Feature","properties":{"name":"117 Street NW","highway":"secondary","ref":""},"geometry":{"type":"LineString","coordinates":[[-113.52319,53.55141],[-113.52318,53.55043],[-113.52305,53.55],[-113.52279,53.54971],[-113.5216,53.54893],[-113.52146,53.54871],[-113.52141,53.54827]]}},{"type":"Feature","properties":{"name":"118 Avenue NW","highway":"secondary","ref":""},"geometry":{"type":"MultiLineString","coordinates":[[[-113.63955,53.56828],[-113.6303,53.57036],[-113.62965,53.57043],[-113.6224,53.57042],[-113.61523,53.57055],[-113.56799,53.57041],[-113.56318,53.57031],[-113.55129,53.57029],[-113.55028,53.57023],[-113.54932,53.57002],[-113.54818,53.57026],[-113.54624,53.5703],[-113.54822,53.57035],[-113.54929,53.57054],[-113.55039,53.57034],[-113.55129,53.57029]],[[-113.38348,53.57518],[-113.3847,53.57241],[-113.38523,53.57185],[-113.38657,53.57113],[-113.38795,53.57069],[-113.38908,53.5705],[-113.38989,53.57044],[-113.39496,53.57043],[-113.39511,53.57038],[-113.39478,53.57033],[-113.3888,53.57033],[-113.38723,53.57052],[-113.38632,53.57078],[-113.38542,53.57125],[-113.38474,53.57198],[-113.38334,53.57511]],[[-113.49369,53.57011],[-113.49354,53.57034],[-113.49157,53.57039],[-113.46094,53.5704]],[[-113.6224,53.57042],[-113.62045,53.57037],[-113.58922,53.57037],[-113.58725,53.57043]],[[-113.52893,53.5696],[-113.53081,53.57034],[-113.53248,53.57037],[-113.53298,53.57032],[-113.53263,53.57026],[-113.53087,53.57024]],[[-113.49206,53.57037],[-113.4929,53.57043],[-113.49491,53.57038]],[[-113.46806,53.57039],[-113.46732,53.57039]],[[-113.54118,53.57031],[-113.54624,53.5703]],[[-113.53298,53.57032],[-113.54099,53.57037],[-113.54118,53.57031],[-113.54097,53.57025],[-113.53968,53.57025],[-113.53949,53.57032]],[[-113.39511,53.57038],[-113.45063,53.57039],[-113.45083,53.57033],[-113.45354,53.57029],[-113.4597,53.57033],[-113.46094,53.5704],[-113.45382,53.57044],[-113.45063,53.57039]]]}},{"type":"Feature","properties":{"name":"118 Avenue NW / 121 Street NW ramp","highway":"secondary","ref":"","link":1},"geometry":{"type":"MultiLineString","coordinates":[[[-113.52893,53.5696],[-113.52935,53.56991],[-113.52956,53.57036]],[[-113.52974,53.57066],[-113.53,53.57035],[-113.53048,53.57026]]]}},{"type":"Feature","properties":{"name":"118 Avenue NW / 142 Street NW ramp","highway":"secondary","ref":"","link":1},"geometry":{"type":"LineString","coordinates":[[-113.56582,53.57074],[-113.56615,53.57048],[-113.56658,53.57039],[-113.56618,53.57028],[-113.56582,53.56999]]}},{"type":"Feature","properties":{"name":"118 Avenue NW / 149 Street NW ramp","highway":"secondary","ref":"","link":1},"geometry":{"type":"MultiLineString","coordinates":[[[-113.57705,53.57042],[-113.57794,53.57066]],[[-113.57813,53.57105],[-113.57839,53.5706],[-113.57905,53.57043],[-113.57888,53.57031],[-113.57839,53.57024],[-113.57814,53.5701]],[[-113.57794,53.56969],[-113.57773,53.57021],[-113.57743,53.57042]]]}},{"type":"Feature","properties":{"name":"118 Avenue NW / 156 Street NW ramp","highway":"secondary","ref":"","link":1},"geometry":{"type":"MultiLineString","coordinates":[[[-113.59032,53.56993],[-113.59011,53.57024],[-113.5896,53.57037]],[[-113.59133,53.57038],[-113.59072,53.57022],[-113.59048,53.56994]],[[-113.58937,53.57049],[-113.5901,53.57062],[-113.59042,53.57102],[-113.59068,53.57065],[-113.59121,53.57049]]]}},{"type":"Feature","properties":{"name":"118 Avenue NW / 170 Street NW ramp","highway":"primary","ref":"","link":1},"geometry":{"type":"MultiLineString","coordinates":[[[-113.61692,53.57039],[-113.61585,53.57025],[-113.61559,53.57009],[-113.61541,53.56978]],[[-113.61542,53.57105],[-113.61573,53.5707],[-113.61625,53.57054]],[[-113.61523,53.5697],[-113.61495,53.57018],[-113.61438,53.57039]],[[-113.6142,53.57055],[-113.61496,53.57074],[-113.61521,53.57116]],[[-113.61325,53.57053],[-113.61541,53.57039]]]}},{"type":"Feature","properties":{"name":"118 Avenue NW / 178 Street NW ramp","highway":"secondary","ref":"","link":1},"geometry":{"type":"LineString","coordinates":[[-113.62731,53.57008],[-113.62708,53.5703],[-113.62639,53.57043]]}},{"type":"Feature","properties":{"name":"118 Avenue NW / 50 Street NW ramp","highway":"secondary","ref":"","link":1},"geometry":{"type":"LineString","coordinates":[[-113.41841,53.57072],[-113.41856,53.57051],[-113.419,53.57036]]}},{"type":"Feature","properties":{"name":"118 Avenue NW / 97 Street NW ramp","highway":"secondary","ref":"","link":1},"geometry":{"type":"MultiLineString","coordinates":[[[-113.49229,53.57137],[-113.4924,53.5706],[-113.49253,53.57048],[-113.4929,53.57043]],[[-113.49182,53.56995],[-113.49171,53.57031],[-113.49157,53.57039]]]}},{"type":"Feature","properties":{"name":"118 Avenue NW / Wayne Gretzky Drive NW ramp","highway":"primary","ref":"","link":1},"geometry":{"type":"LineString","coordinates":[[-113.45521,53.57029],[-113.45461,53.57024],[-113.45384,53.57006],[-113.45248,53.5693]]}},{"type":"Feature","properties":{"name":"118 Avenue NW / Yellowhead Trail NW ramp","highway":"motorway","ref":"","link":1},"geometry":{"type":"MultiLineString","coordinates":[[[-113.39171,53.57736],[-113.38897,53.57643],[-113.3877,53.57591],[-113.38692,53.57536],[-113.38609,53.57415],[-113.38555,53.57384],[-113.38454,53.57354],[-113.3843,53.57327]],[[-113.38537,53.57379],[-113.38398,53.57359]],[[-113.38391,53.57424],[-113.38429,53.57385],[-113.38483,53.57378],[-113.38532,53.5739],[-113.38573,53.57414],[-113.38582,53.57456],[-113.38562,53.57475],[-113.38529,53.57488],[-113.38459,53.5749],[-113.38131,53.57387]],[[-113.38395,53.57367],[-113.38483,53.57378]]]}},{"type":"Feature","properties":{"name":"118 Avenue NW ramp","highway":"secondary","ref":"","link":1},"geometry":{"type":"MultiLineString","coordinates":[[[-113.38618,53.57133],[-113.387,53.57118],[-113.38753,53.57141]],[[-113.38758,53.57124],[-113.38762,53.5709],[-113.38795,53.57069]],[[-113.60378,53.57038],[-113.60312,53.57025],[-113.6028,53.5699],[-113.60246,53.57027],[-113.60186,53.57038]],[[-113.57068,53.57041],[-113.57117,53.57067]],[[-113.3879,53.57042],[-113.38728,53.57039],[-113.38698,53.57028]],[[-113.38674,53.57019],[-113.38672,53.57051],[-113.38656,53.5707]]]}},{"type":"Feature","properties":{"name":"119 Street NW","highway":"secondary","ref":""},"geometry":{"type":"MultiLineString","coordinates":[[[-113.54132,53.48337],[-113.54133,53.48142],[-113.54115,53.48069],[-113.54079,53.48011],[-113.53926,53.47883],[-113.53896,53.4784],[-113.5388,53.47788],[-113.53891,53.46138],[-113.5387,53.46069],[-113.53833,53.46006],[-113.53512,53.45656],[-113.53467,53.45594],[-113.53436,53.45523],[-113.53417,53.45384]],[[-113.53401,53.45402],[-113.53417,53.45526],[-113.53447,53.45595],[-113.53496,53.45661],[-113.53819,53.4601],[-113.53853,53.4607],[-113.53873,53.46139],[-113.53866,53.47813],[-113.5391,53.47889],[-113.54062,53.48016],[-113.54098,53.48071],[-113.54108,53.4828]]]}},{"type":"Feature","properties":{"name":"119 Street NW / 23 Avenue NW ramp","highway":"secondary","ref":"","link":1},"geometry":{"type":"MultiLineString","coordinates":[[[-113.53243,53.45403],[-113.53365,53.45412],[-113.53405,53.45439]],[[-113.53608,53.45391],[-113.53426,53.45395],[-113.53401,53.45402]]]}},{"type":"Feature","properties":{"name":"119 Street NW / 34 Avenue NW ramp","highway":"secondary","ref":"","link":1},"geometry":{"type":"LineString","coordinates":[[-113.5387,53.46681],[-113.53855,53.46717],[-113.53813,53.46742]]}},{"type":"Feature","properties":{"name":"119 Street NW / Whitemud Drive NW ramp","highway":"motorway","ref":"","link":1},"geometry":{"type":"MultiLineString","coordinates":[[[-113.54932,53.4826],[-113.54298,53.48262],[-113.54204,53.48257],[-113.54151,53.48239],[-113.54133,53.48206]],[[-113.54298,53.48262],[-113.5395,53.48269],[-113.54037,53.48256],[-113.54081,53.48242],[-113.54108,53.48195]],[[-113.5395,53.48269],[-113.53811,53.48285],[-113.53523,53.48304]]]}},{"type":"Feature","properties":{"name":"119 Street NW ramp","highway":"secondary","ref":"","link":1},"geometry":{"type":"MultiLineString","coordinates":[[[-113.53862,53.47611],[-113.53811,53.4763]],[[-113.5382,53.4764],[-113.53846,53.47648],[-113.53861,53.47663]],[[-113.53884,53.47302],[-113.53919,53.47268]]]}},{"type":"Feature","properties":{"name":"120 Avenue NW","highway":"primary","ref":"","link":1},"geometry":{"type":"LineString","coordinates":[[-113.45135,53.57377],[-113.45238,53.57365],[-113.45271,53.57389]]}},{"type":"Feature","properties":{"name":"121 Street NW","highway":"secondary","ref":""},"geometry":{"type":"MultiLineString","coordinates":[[[-113.52583,53.58087],[-113.52584,53.57998],[-113.526,53.57963],[-113.52629,53.57936],[-113.52709,53.57907],[-113.52898,53.57885],[-113.5298,53.57866],[-113.5304,53.57831],[-113.53067,53.57793],[-113.53071,53.57238],[-113.53058,53.57194],[-113.52979,53.57086],[-113.52974,53.57041],[-113.53,53.56993]],[[-113.5299,53.56988],[-113.52956,53.57036],[-113.52954,53.57069],[-113.52966,53.57102],[-113.5304,53.57199],[-113.53053,53.57239],[-113.53049,53.57791],[-113.53013,53.57835],[-113.52953,53.57863],[-113.52698,53.57897],[-113.52617,53.57928],[-113.52573,53.57975],[-113.52563,53.58088]]]}},{"type":"Feature","properties":{"name":"121 Street NW / Yellowhead Trail NW ramp","highway":"trunk","ref":"","link":1},"geometry":{"type":"MultiLineString","coordinates":[[[-113.52573,53.57975],[-113.52537,53.58055],[-113.52511,53.58065],[-113.52454,53.58071]],[[-113.52688,53.58067],[-113.52629,53.5806],[-113.526,53.58048],[-113.52584,53.57998]],[[-113.52741,53.58071],[-113.52563,53.58088]]]}},{"type":"Feature","properties":{"name":"122 Street NW","highway":"secondary","ref":""},"geometry":{"type":"MultiLineString","coordinates":[[[-113.54108,53.4828],[-113.5411,53.4976],[-113.54099,53.50204],[-113.54082,53.5025],[-113.54031,53.50305],[-113.53982,53.50336],[-113.53881,53.50382]],[[-113.53891,53.50392],[-113.54011,53.50337],[-113.54064,53.50298],[-113.54112,53.50229],[-113.54124,53.5017],[-113.54132,53.48337]]]}},{"type":"Feature","properties":{"name":"122 Street NW / 51 Avenue NW ramp","highway":"secondary","ref":"","link":1},"geometry":{"type":"MultiLineString","coordinates":[[[-113.54107,53.48799],[-113.54061,53.48825]],[[-113.5419,53.48825],[-113.54107,53.48836]],[[-113.54034,53.48836],[-113.54091,53.48848],[-113.54106,53.48858]],[[-113.53991,53.48836],[-113.54123,53.48825]]]}},{"type":"Feature","properties":{"name":"122 Street NW / Fox Drive NW ramp","highway":"secondary","ref":"","link":1},"geometry":{"type":"LineString","coordinates":[[-113.54027,53.50435],[-113.53997,53.50401],[-113.53997,53.50377],[-113.54064,53.50298]]}},{"type":"Feature","properties":{"name":"122 Street NW / Whitemud Drive NW ramp","highway":"motorway","ref":"","link":1},"geometry":{"type":"MultiLineString","coordinates":[[[-113.5413,53.48417],[-113.54152,53.48369],[-113.54171,53.48356],[-113.54904,53.48274]],[[-113.53527,53.48315],[-113.53781,53.48327],[-113.54,53.48349],[-113.54082,53.48371],[-113.54108,53.48404]],[[-113.54,53.48349],[-113.5419,53.48353]]]}},{"type":"Feature","properties":{"name":"122 Street NW ramp","highway":"secondary","ref":"","link":1},"geometry":{"type":"LineString","coordinates":[[-113.54101,53.49931],[-113.54114,53.50032],[-113.54123,53.50038]]}},{"type":"Feature","properties":{"name":"124 Street NW","highway":"secondary","ref":""},"geometry":{"type":"MultiLineString","coordinates":[[[-113.53567,53.54144],[-113.53588,53.54153],[-113.53593,53.54172],[-113.53593,53.57032]],[[-113.53593,53.55398],[-113.53593,53.55604]]]}},{"type":"Feature","properties":{"name":"125 Avenue NW","highway":"motorway","ref":"","link":1},"geometry":{"type":"LineString","coordinates":[[-113.43442,53.57961],[-113.43431,53.58002]]}},{"type":"Feature","properties":{"name":"127 Avenue NW","highway":"secondary","ref":""},"geometry":{"type":"MultiLineString","coordinates":[[[-113.5412,53.58497],[-113.51656,53.58494],[-113.48286,53.58477],[-113.4672,53.5849]],[[-113.47088,53.58485],[-113.4672,53.58483]]]}},{"type":"Feature","properties":{"name":"127 Avenue NW / 127 Street NW ramp","highway":"secondary","ref":"","link":1},"geometry":{"type":"LineString","coordinates":[[-113.5412,53.58436],[-113.54087,53.58481],[-113.54035,53.58497]]}},{"type":"Feature","properties":{"name":"127 Avenue NW ramp","highway":"secondary","ref":"","link":1},"geometry":{"type":"LineString","coordinates":[[-113.49305,53.58479],[-113.49348,53.58496],[-113.49371,53.58521],[-113.4938,53.58498],[-113.49423,53.58481]]}},{"type":"Feature","properties":{"name":"127 Street NW","highway":"secondary","ref":""},"geometry":{"type":"MultiLineString","coordinates":[[[-113.5481,53.64213],[-113.54474,53.63822],[-113.54341,53.6364],[-113.54241,53.63451],[-113.54171,53.6327],[-113.54148,53.63167],[-113.54129,53.62598],[-113.54139,53.60413],[-113.54134,53.59886],[-113.54119,53.59755],[-113.5411,53.60011],[-113.54122,53.6067],[-113.54115,53.63142],[-113.54133,53.63231],[-113.54169,53.63325],[-113.54245,53.63498],[-113.54326,53.63642],[-113.54459,53.63824],[-113.54808,53.64231]],[[-113.54119,53.64712],[-113.54119,53.64979]],[[-113.54118,53.57031],[-113.54123,53.57818],[-113.54114,53.57979],[-113.54127,53.58005],[-113.5417,53.58033],[-113.54189,53.58059],[-113.54185,53.58133],[-113.54129,53.58185],[-113.54121,53.58226],[-113.54196,53.58145],[-113.54202,53.5806],[-113.54191,53.5804],[-113.54131,53.5799],[-113.54123,53.57818]],[[-113.54121,53.58226],[-113.54119,53.59755]]]}},{"type":"Feature","properties":{"name":"127 Street NW / 137 Avenue NW ramp","highway":"secondary","ref":"","link":1},"geometry":{"type":"MultiLineString","coordinates":[[[-113.54009,53.59958],[-113.54079,53.59974],[-113.5411,53.60011]],[[-113.54133,53.60023],[-113.54157,53.59976],[-113.54183,53.59964],[-113.54224,53.59957]],[[-113.54112,53.59877],[-113.54073,53.59924],[-113.54017,53.59938]],[[-113.54225,53.59938],[-113.54156,53.59917],[-113.54134,53.59886]],[[-113.54249,53.59937],[-113.54222,53.59945],[-113.54134,53.59947],[-113.54111,53.59958]],[[-113.53986,53.59958],[-113.5402,53.59947],[-113.54111,53.59946],[-113.54111,53.59938]],[[-113.54132,53.60046],[-113.54115,53.59944],[-113.54134,53.59938]]]}},{"type":"Feature","properties":{"name":"127 Street NW / 153 Avenue NW ramp","highway":"secondary","ref":"","link":1},"geometry":{"type":"MultiLineString","coordinates":[[[-113.54134,53.61759],[-113.54159,53.61717],[-113.5422,53.61702]],[[-113.54116,53.61639],[-113.5409,53.61676],[-113.54041,53.61691]],[[-113.54024,53.61703],[-113.54089,53.61718],[-113.54115,53.61753]],[[-113.54226,53.61691],[-113.5416,53.61675],[-113.54135,53.61642]]]}},{"type":"Feature","properties":{"name":"127 Street NW / 167 Avenue NW ramp","highway":"secondary","ref":"","link":1},"geometry":{"type":"MultiLineString","coordinates":[[[-113.54231,53.62869],[-113.54161,53.62853],[-113.54141,53.62824]],[[-113.54111,53.62821],[-113.54084,53.62857],[-113.54039,53.62873]],[[-113.54015,53.62885],[-113.54084,53.62899],[-113.54112,53.62935]],[[-113.54141,53.62932],[-113.54167,53.62896],[-113.54216,53.62881]],[[-113.54142,53.62992],[-113.54128,53.62958],[-113.54125,53.62895],[-113.54112,53.62872]],[[-113.5411,53.62722],[-113.54128,53.62871],[-113.5414,53.62882]]]}},{"type":"Feature","properties":{"name":"127 Street NW / Anthony Henday Drive NW ramp","highway":"motorway","ref":"","link":1},"geometry":{"type":"MultiLineString","coordinates":[[[-113.53588,53.64224],[-113.5391,53.64141],[-113.54022,53.6412],[-113.54102,53.64114],[-113.54435,53.64128],[-113.5452,53.64116],[-113.54599,53.64094],[-113.54646,53.64091],[-113.54675,53.64095],[-113.54705,53.64111]],[[-113.55534,53.63566],[-113.55145,53.6367],[-113.55025,53.63688],[-113.54626,53.63677],[-113.54432,53.63705],[-113.544,53.63702],[-113.54373,53.63689]],[[-113.54276,53.63557],[-113.54328,53.6369],[-113.54332,53.63772],[-113.54308,53.63831],[-113.54248,53.63905],[-113.54163,53.63965],[-113.54093,53.63997],[-113.53592,53.64162],[-113.53568,53.64176]],[[-113.54599,53.64094],[-113.54682,53.64065]],[[-113.54507,53.63694],[-113.54384,53.63727]],[[-113.54492,53.63862],[-113.54591,53.64009],[-113.54595,53.64041],[-113.54554,53.64083],[-113.5448,53.64096],[-113.54445,53.64092],[-113.54398,53.6407],[-113.54384,53.6405],[-113.5439,53.63998],[-113.54413,53.63983],[-113.54811,53.63842]],[[-113.54579,53.63944],[-113.54474,53.63774],[-113.54481,53.63747],[-113.54513,53.6372],[-113.54586,53.63704],[-113.5464,53.63716],[-113.54684,53.63749],[-113.54688,53.63773],[-113.54655,53.63818],[-113.54595,53.63845],[-113.54228,53.63965],[-113.54195,53.63982]]]}},{"type":"Feature","properties":{"name":"127 Street NW / Yellowhead Trail NW ramp","highway":"trunk","ref":"","link":1},"geometry":{"type":"MultiLineString","coordinates":[[[-113.54117,53.57991],[-113.54109,53.58032],[-113.54078,53.58048]],[[-113.54201,53.58078],[-113.5425,53.58063]]]}},{"type":"Feature","properties":{"name":"127 Street NW ramp","highway":"secondary","ref":"","link":1},"geometry":{"type":"MultiLineString","coordinates":[[[-113.54148,53.63167],[-113.54111,53.63057]],[[-113.54213,53.63383],[-113.5413,53.63218]]]}},{"type":"Feature","properties":{"name":"130 Avenue NW","highway":"secondary","ref":""},"geometry":{"type":"MultiLineString","coordinates":[[[-113.34455,53.58729],[-113.35003,53.58801]],[[-113.35008,53.58788],[-113.34454,53.58716]]]}},{"type":"Feature","properties":{"name":"130 Avenue NW / Anthony Henday Drive NW ramp","highway":"motorway","ref":"","link":1},"geometry":{"type":"MultiLineString","coordinates":[[[-113.34731,53.58764],[-113.3485,53.58792],[-113.34899,53.58832],[-113.34901,53.58897],[-113.3486,53.58922],[-113.34803,53.58939],[-113.34717,53.58935],[-113.34668,53.58917],[-113.34637,53.5889],[-113.34549,53.58633],[-113.34518,53.58582]],[[-113.34836,53.59467],[-113.34834,53.59407],[-113.34788,53.59268],[-113.34776,53.59188],[-113.34819,53.59083],[-113.34983,53.5884],[-113.35018,53.58813],[-113.35073,53.58811]],[[-113.34983,53.5884],[-113.35008,53.58788]],[[-113.34977,53.58784],[-113.34901,53.58897]]]}},{"type":"Feature","properties":{"name":"137 Avenue NW","highway":"secondary","ref":""},"geometry":{"type":"MultiLineString","coordinates":[[[-113.639,53.60558],[-113.63648,53.60518],[-113.63441,53.60459],[-113.62523,53.60081],[-113.62332,53.60016],[-113.62099,53.59967],[-113.61887,53.59943],[-113.61759,53.59937],[-113.60877,53.59931],[-113.51881,53.59946],[-113.48521,53.59941],[-113.4673,53.59959],[-113.44682,53.59961],[-113.43516,53.59944],[-113.42574,53.59943],[-113.42441,53.5994],[-113.42346,53.59929],[-113.41636,53.59733],[-113.41438,53.59701],[-113.41271,53.59692],[-113.41117,53.59695],[-113.40878,53.59715],[-113.39476,53.59929],[-113.39041,53.59956],[-113.38605,53.59955]],[[-113.38605,53.59973],[-113.39202,53.59968],[-113.39476,53.59947],[-113.40881,53.59731],[-113.41113,53.59713],[-113.41242,53.59711],[-113.41456,53.59721],[-113.41628,53.59747],[-113.4174,53.59772],[-113.42257,53.59928],[-113.42343,53.59947],[-113.42462,53.59958],[-113.43433,53.5996],[-113.44272,53.59978],[-113.44639,53.59978],[-113.46719,53.59976],[-113.48092,53.59958],[-113.51681,53.59963],[-113.60926,53.59943],[-113.61787,53.59951],[-113.61956,53.59961],[-113.62094,53.59978],[-113.6232,53.60029],[-113.62459,53.60076],[-113.63469,53.60481],[-113.6368,53.60536],[-113.63893,53.6057]]]}},{"type":"Feature","properties":{"name":"137 Avenue NW / 142 Street NW ramp","highway":"secondary","ref":"","link":1},"geometry":{"type":"MultiLineString","coordinates":[[[-113.56893,53.60017],[-113.56917,53.59966],[-113.56957,53.59956]],[[-113.56771,53.59956],[-113.56845,53.59971],[-113.56871,53.60001]],[[-113.57052,53.59936],[-113.56887,53.59947],[-113.56866,53.59956]],[[-113.56725,53.59956],[-113.56743,53.59946],[-113.56887,53.59937]]]}},{"type":"Feature","properties":{"name":"137 Avenue NW / 149 Street NW ramp","highway":"secondary","ref":"","link":1},"geometry":{"type":"MultiLineString","coordinates":[[[-113.58314,53.59856],[-113.58286,53.59914],[-113.58193,53.59935]],[[-113.58333,53.60024],[-113.58314,53.59934]]]}},{"type":"Feature","properties":{"name":"137 Avenue NW / 156 Street NW ramp","highway":"secondary","ref":"","link":1},"geometry":{"type":"MultiLineString","coordinates":[[[-113.59014,53.59868],[-113.58992,53.59911],[-113.58941,53.59932]],[[-113.59099,53.59933],[-113.5905,53.5991],[-113.59036,53.59875]],[[-113.58913,53.59947],[-113.58983,53.59965],[-113.59011,53.60002]],[[-113.59036,53.6001],[-113.59056,53.59967],[-113.59079,53.59954],[-113.59114,53.59948]],[[-113.59015,53.59841],[-113.59024,53.59932],[-113.59035,53.59947]],[[-113.59195,53.59933],[-113.5901,53.59947]]]}},{"type":"Feature","properties":{"name":"137 Avenue NW / 170 Street NW ramp","highway":"secondary","ref":"","link":1},"geometry":{"type":"MultiLineString","coordinates":[[[-113.61626,53.59936],[-113.61554,53.59924],[-113.61528,53.59902],[-113.61517,53.59872]],[[-113.61368,53.5995],[-113.61473,53.59971],[-113.61491,53.60014]],[[-113.6149,53.59881],[-113.61458,53.59923],[-113.61395,53.59935]],[[-113.61515,53.60012],[-113.61546,53.59963],[-113.61597,53.5995]],[[-113.61695,53.59937],[-113.61516,53.59944],[-113.6149,53.5995]]]}},{"type":"Feature","properties":{"name":"137 Avenue NW / 50 Street NW ramp","highway":"primary","ref":"","link":1},"geometry":{"type":"MultiLineString","coordinates":[[[-113.41349,53.59773],[-113.41365,53.59744],[-113.41388,53.59729],[-113.41456,53.59721]],[[-113.41242,53.59711],[-113.41303,53.59726],[-113.4133,53.5976]],[[-113.41438,53.59701],[-113.41376,53.59679],[-113.41361,53.59647]],[[-113.41342,53.59641],[-113.4132,53.59672],[-113.41271,53.59692]]]}},{"type":"Feature","properties":{"name":"137 Avenue NW / 50 Street NW ramp","highway":"secondary","ref":"","link":1},"geometry":{"type":"MultiLineString","coordinates":[[[-113.41167,53.59712],[-113.41352,53.59695]],[[-113.41538,53.59714],[-113.4135,53.59705],[-113.41331,53.59711]]]}},{"type":"Feature","properties":{"name":"137 Avenue NW / 66 Street NW ramp","highway":"secondary","ref":"","link":1},"geometry":{"type":"MultiLineString","coordinates":[[[-113.44306,53.60048],[-113.44336,53.59997],[-113.44388,53.59978]],[[-113.44386,53.5996],[-113.44327,53.59949],[-113.44308,53.59925]],[[-113.44186,53.59976],[-113.44248,53.5999],[-113.44271,53.60004],[-113.44284,53.60028]],[[-113.44101,53.59974],[-113.44285,53.59967],[-113.44308,53.5996]],[[-113.44501,53.59961],[-113.44308,53.59971],[-113.44285,53.59978]]]}},{"type":"Feature","properties":{"name":"137 Avenue NW / 82 Street NW ramp","highway":"secondary","ref":"","link":1},"geometry":{"type":"MultiLineString","coordinates":[[[-113.4673,53.59936],[-113.46695,53.59959]],[[-113.46661,53.59976],[-113.46697,53.59985],[-113.46731,53.60017]],[[-113.46755,53.60016],[-113.46799,53.59981],[-113.46848,53.59974]],[[-113.46813,53.59958],[-113.46766,53.59943],[-113.46751,53.5993]],[[-113.46541,53.59974],[-113.46752,53.59959]],[[-113.46942,53.59956],[-113.46739,53.59969],[-113.46755,53.60066]],[[-113.46739,53.59969],[-113.4673,53.59959]],[[-113.46739,53.59969],[-113.46731,53.59975]]]}},{"type":"Feature","properties":{"name":"137 Avenue NW / 97 Street NW ramp","highway":"primary","ref":"","link":1},"geometry":{"type":"MultiLineString","coordinates":[[[-113.49326,53.59943],[-113.49247,53.59927],[-113.49217,53.59887]],[[-113.49189,53.59889],[-113.49155,53.59929],[-113.49058,53.59942]],[[-113.49079,53.5996],[-113.49157,53.59975],[-113.4919,53.60002]],[[-113.49372,53.59943],[-113.49339,53.59951],[-113.492,53.59955],[-113.49202,53.60009],[-113.49219,53.60028],[-113.49243,53.59977],[-113.49305,53.5996]],[[-113.48998,53.59959],[-113.49042,53.59953],[-113.4919,53.59952],[-113.49218,53.59943]],[[-113.492,53.59955],[-113.4919,53.5996]],[[-113.492,53.59955],[-113.49189,53.59943]]]}},{"type":"Feature","properties":{"name":"137 Avenue NW / Castle Downs Road NW ramp","highway":"secondary","ref":"","link":1},"geometry":{"type":"MultiLineString","coordinates":[[[-113.51881,53.59946],[-113.51836,53.59953],[-113.51682,53.59954],[-113.51662,53.59962]],[[-113.5155,53.59962],[-113.51635,53.59978],[-113.51663,53.60012]]]}},{"type":"Feature","properties":{"name":"137 Avenue NW / Fort Road NW ramp","highway":"primary","ref":"","link":1},"geometry":{"type":"LineString","coordinates":[[-113.42278,53.59914],[-113.42246,53.59887],[-113.42253,53.59845]]}},{"type":"Feature","properties":{"name":"137 Avenue NW / Manning Drive NW ramp","highway":"primary","ref":"","link":1},"geometry":{"type":"MultiLineString","coordinates":[[[-113.42122,53.59962],[-113.42177,53.59933],[-113.42213,53.59926],[-113.42257,53.59928]],[[-113.4193,53.59831],[-113.41983,53.59869],[-113.41967,53.59912]]]}},{"type":"Feature","properties":{"name":"137 Avenue NW / Mark Messier Trail NW ramp","highway":"primary","ref":"","link":1},"geometry":{"type":"MultiLineString","coordinates":[[[-113.57394,53.59954],[-113.57469,53.59964],[-113.57567,53.60029]],[[-113.5761,53.60045],[-113.57581,53.5998],[-113.57595,53.59959],[-113.57617,53.59954]]]}},{"type":"Feature","properties":{"name":"137 Avenue NW / Mark Messier Trail NW ramp","highway":"secondary","ref":"","link":1},"geometry":{"type":"LineString","coordinates":[[-113.57685,53.59935],[-113.57522,53.59944],[-113.57502,53.59954]]}},{"type":"Feature","properties":{"name":"137 Avenue NW / Sir Winston Churchill Avenue ramp","highway":"secondary","ref":"","link":1},"geometry":{"type":"LineString","coordinates":[[-113.63842,53.60562],[-113.63879,53.60585],[-113.63892,53.60614]]}},{"type":"Feature","properties":{"name":"137 Avenue NW / St. Albert Trail NW ramp","highway":"primary","ref":"","link":1},"geometry":{"type":"LineString","coordinates":[[-113.57408,53.59849],[-113.57426,53.59913],[-113.57387,53.59936]]}},{"type":"Feature","properties":{"name":"137 Avenue NW / Victoria Trail NW ramp","highway":"secondary","ref":"","link":1},"geometry":{"type":"MultiLineString","coordinates":[[[-113.38623,53.60043],[-113.38646,53.59992],[-113.38701,53.59974]],[[-113.38721,53.59956],[-113.3864,53.5994],[-113.38624,53.59924]],[[-113.3884,53.59956],[-113.38623,53.59966],[-113.38605,53.59973]]]}},{"type":"Feature","properties":{"name":"137 Avenue NW ramp","highway":"secondary","ref":"","link":1},"geometry":{"type":"MultiLineString","coordinates":[[[-113.40359,53.59794],[-113.40301,53.59789],[-113.40261,53.59761],[-113.4025,53.59799],[-113.40215,53.59817]],[[-113.55298,53.59958],[-113.55347,53.5994]],[[-113.39535,53.5994],[-113.39606,53.59946],[-113.3963,53.59955]],[[-113.39639,53.5998],[-113.39649,53.59936],[-113.39683,53.59918]],[[-113.40201,53.59838],[-113.4027,53.59844],[-113.4031,53.59871],[-113.40321,53.59833],[-113.40364,53.59812]],[[-113.4047,53.59777],[-113.40301,53.59814],[-113.40289,53.59824]],[[-113.40106,53.59853],[-113.4027,53.59815],[-113.4028,53.59807]],[[-113.48628,53.59959],[-113.48801,53.59953],[-113.48825,53.59941]],[[-113.49014,53.59942],[-113.48952,53.59952],[-113.48827,53.59952],[-113.48811,53.59959]],[[-113.42574,53.59943],[-113.4242,53.59956],[-113.42421,53.59939]],[[-113.40652,53.59808],[-113.40655,53.59773],[-113.40679,53.59762]],[[-113.49529,53.59957],[-113.49546,53.59942]]]}},{"type":"Feature","properties":{"name":"141 Street SW","highway":"secondary","ref":""},"geometry":{"type":"MultiLineString","coordinates":[[[-113.56431,53.42491],[-113.56438,53.42394],[-113.56524,53.42222],[-113.56544,53.42119],[-113.56551,53.41159],[-113.5654,53.40886],[-113.5654,53.40385],[-113.56518,53.40333],[-113.56458,53.40286],[-113.56241,53.40211],[-113.56086,53.40126]],[[-113.5654,53.40886],[-113.56529,53.4097],[-113.56536,53.41682],[-113.56528,53.42154],[-113.565,53.42246],[-113.56433,53.42372],[-113.56417,53.42491]]]}},{"type":"Feature","properties":{"name":"141 Street SW / Ellerslie Road SW ramp","highway":"secondary","ref":"","link":1},"geometry":{"type":"LineString","coordinates":[[-113.5642,53.42449],[-113.56394,53.42474],[-113.56347,53.42491]]}},{"type":"Feature","properties":{"name":"142 Street NW","highway":"secondary","ref":""},"geometry":{"type":"MultiLineString","coordinates":[[[-113.56621,53.55068],[-113.56591,53.55043],[-113.56578,53.5501]],[[-113.56548,53.55135],[-113.56574,53.55159],[-113.56585,53.55194],[-113.56592,53.55163],[-113.56614,53.55137]],[[-113.56574,53.54402],[-113.56579,53.54075],[-113.5656,53.53756]],[[-113.56539,53.51963],[-113.56564,53.51986],[-113.56572,53.5201],[-113.56578,53.51986],[-113.56606,53.51962]],[[-113.56595,53.63365],[-113.56598,53.63197],[-113.56624,53.63111],[-113.56675,53.63039],[-113.56901,53.62779],[-113.56945,53.62705],[-113.56981,53.62572],[-113.56968,53.62407],[-113.56961,53.62611],[-113.56931,53.62704],[-113.56859,53.6281],[-113.56617,53.63091],[-113.56583,53.63194],[-113.56578,53.63372]],[[-113.56904,53.60208],[-113.56903,53.60436],[-113.56962,53.60606],[-113.56972,53.60681],[-113.56968,53.62407]],[[-113.56584,53.56061],[-113.56585,53.55623],[-113.56576,53.55636],[-113.56573,53.55893],[-113.56584,53.56122],[-113.56582,53.58052]],[[-113.56867,53.59938],[-113.56904,53.60208],[-113.56915,53.60188],[-113.56915,53.60099],[-113.56888,53.59993],[-113.56887,53.59937]],[[-113.56585,53.55623],[-113.56585,53.55194]],[[-113.56572,53.5201],[-113.56555,53.53804],[-113.56578,53.5501],[-113.56565,53.55052],[-113.56543,53.55072]]]}},{"type":"Feature","properties":{"name":"142 Street NW / 153 Avenue NW ramp","highway":"secondary","ref":"","link":1},"geometry":{"type":"LineString","coordinates":[[-113.5697,53.61397],[-113.56933,53.61451],[-113.56892,53.61463],[-113.56957,53.61481],[-113.56971,53.61497]]}},{"type":"Feature","properties":{"name":"142 Street NW / Stony Plain Road NW ramp","highway":"secondary","ref":"","link":1},"geometry":{"type":"LineString","coordinates":[[-113.56566,53.5425],[-113.56509,53.54289]]}},{"type":"Feature","properties":{"name":"142 Street NW / Yellowhead Trail NW ramp","highway":"primary","ref":"","link":1},"geometry":{"type":"LineString","coordinates":[[-113.56646,53.58101],[-113.566,53.58082],[-113.56582,53.58052],[-113.56563,53.58086],[-113.56539,53.58101]]}},{"type":"Feature","properties":{"name":"142 Street NW ramp","highway":"secondary","ref":"","link":1},"geometry":{"type":"MultiLineString","coordinates":[[[-113.56583,53.57395],[-113.566,53.57369],[-113.56642,53.57352]],[[-113.56583,53.57947],[-113.566,53.57913],[-113.56636,53.57898]],[[-113.56653,53.57675],[-113.56602,53.57664],[-113.56582,53.57636]]]}},{"type":"Feature","properties":{"name":"144 Avenue NW","highway":"secondary","ref":""},"geometry":{"type":"MultiLineString","coordinates":[[[-113.38277,53.60832],[-113.38501,53.60852],[-113.38557,53.60851],[-113.38642,53.60839]],[[-113.41283,53.60681],[-113.39494,53.60678],[-113.3936,53.60689],[-113.38642,53.60839],[-113.38486,53.60839],[-113.38284,53.60821]],[[-113.39291,53.60705],[-113.39485,53.6069],[-113.41264,53.60696]]]}},{"type":"Feature","properties":{"name":"144 Avenue NW / Manning Drive NW ramp","highway":"primary","ref":"","link":1},"geometry":{"type":"MultiLineString","coordinates":[[[-113.40902,53.60694],[-113.40945,53.60698],[-113.40982,53.60711],[-113.40994,53.60745]],[[-113.4112,53.60637],[-113.41045,53.60669],[-113.40982,53.60679]]]}},{"type":"Feature","properties":{"name":"144 Avenue NW / Victoria Trail NW ramp","highway":"secondary","ref":"","link":1},"geometry":{"type":"MultiLineString","coordinates":[[[-113.38272,53.60875],[-113.38321,53.60845],[-113.38384,53.60842]],[[-113.38397,53.60832],[-113.38339,53.6081],[-113.38335,53.60769]]]}},{"type":"Feature","properties":{"name":"149 Street NW","highway":"secondary","ref":""},"geometry":{"type":"MultiLineString","coordinates":[[[-113.57796,53.56427],[-113.57817,53.56317],[-113.57813,53.56211]],[[-113.58313,53.59768],[-113.58312,53.59948]],[[-113.57796,53.51474],[-113.57786,53.51938],[-113.57797,53.52127],[-113.57802,53.53804]],[[-113.57812,53.5605],[-113.57817,53.55261],[-113.57797,53.54252],[-113.57802,53.53804],[-113.57811,53.53824],[-113.57815,53.53936],[-113.57817,53.54261],[-113.57806,53.54357]],[[-113.5781,53.58054],[-113.57802,53.57979],[-113.57792,53.57986],[-113.57794,53.58048]],[[-113.57805,53.57167],[-113.57802,53.57979]],[[-113.57762,53.58815],[-113.57767,53.59109],[-113.57792,53.5922],[-113.57833,53.59289],[-113.57889,53.5935],[-113.58175,53.59553],[-113.58261,53.59639],[-113.58301,53.59715],[-113.58327,53.59815],[-113.58333,53.59948]],[[-113.57797,53.52076],[-113.57804,53.51536],[-113.57818,53.51477]],[[-113.5781,53.54863],[-113.57797,53.55174],[-113.578,53.55906],[-113.57814,53.56187],[-113.57791,53.56411],[-113.57795,53.57158],[-113.57805,53.57167],[-113.57813,53.57158],[-113.57813,53.56931],[-113.57799,53.56877]],[[-113.578,53.58408],[-113.57791,53.58433],[-113.5779,53.5862],[-113.57758,53.58771],[-113.57762,53.58815],[-113.5781,53.586],[-113.57803,53.5819]]]}},{"type":"Feature","properties":{"name":"149 Street NW","highway":"secondary","ref":"","link":1},"geometry":{"type":"LineString","coordinates":[[-113.57795,53.58679],[-113.57779,53.58671]]}},{"type":"Feature","properties":{"name":"149 Street NW / 87 Avenue NW ramp","highway":"secondary","ref":"","link":1},"geometry":{"type":"LineString","coordinates":[[-113.57695,53.51937],[-113.5776,53.51948],[-113.57787,53.51972]]}},{"type":"Feature","properties":{"name":"149 Street NW / Stony Plain Road NW ramp","highway":"secondary","ref":"","link":1},"geometry":{"type":"MultiLineString","coordinates":[[[-113.57727,53.54204],[-113.57781,53.54202],[-113.57798,53.54219]],[[-113.57868,53.54145],[-113.57837,53.54141],[-113.57817,53.54127]],[[-113.57798,53.54126],[-113.5778,53.54161],[-113.57757,53.54175]]]}},{"type":"Feature","properties":{"name":"149 Street NW / Whitemud Drive NW ramp","highway":"motorway","ref":"","link":1},"geometry":{"type":"MultiLineString","coordinates":[[[-113.57818,53.51477],[-113.57838,53.51432],[-113.5794,53.51295],[-113.57942,53.51248],[-113.57912,53.5121],[-113.57856,53.51181],[-113.5776,53.5116],[-113.57542,53.51139],[-113.57428,53.51136],[-113.57399,53.51144]],[[-113.57818,53.51477],[-113.5789,53.51392],[-113.57948,53.51351],[-113.5802,53.51322],[-113.58195,53.51283],[-113.58581,53.51225],[-113.58609,53.51214]],[[-113.57439,53.51155],[-113.57455,53.51163],[-113.57593,53.51179],[-113.57683,53.51197],[-113.57749,53.51219],[-113.57788,53.51243],[-113.57818,53.51274],[-113.57833,53.51326],[-113.57796,53.51474]]]}},{"type":"Feature","properties":{"name":"149 Street NW / Yellowhead Trail NW ramp","highway":"motorway","ref":"","link":1},"geometry":{"type":"MultiLineString","coordinates":[[[-113.58434,53.58058],[-113.58101,53.58103],[-113.57893,53.58108],[-113.57832,53.58097],[-113.57818,53.58086],[-113.5781,53.58054]],[[-113.5786,53.58106],[-113.57728,53.58108]]]}},{"type":"Feature","properties":{"name":"149 Street NW / Yellowhead Trail NW ramp","highway":"primary","ref":"","link":1},"geometry":{"type":"MultiLineString","coordinates":[[[-113.57636,53.58159],[-113.57771,53.58163],[-113.57803,53.5819],[-113.57815,53.58167],[-113.5784,53.58153]],[[-113.57794,53.58048],[-113.57786,53.58089],[-113.57728,53.58108]]]}},{"type":"Feature","properties":{"name":"149 Street NW ramp","highway":"secondary","ref":"","link":1},"geometry":{"type":"LineString","coordinates":[[-113.57799,53.5628],[-113.57782,53.56298],[-113.57743,53.56302]]}},{"type":"Feature","properties":{"name":"153 Avenue NW","highway":"secondary","ref":""},"geometry":{"type":"MultiLineString","coordinates":[[[-113.34923,53.61841],[-113.34441,53.61847]],[[-113.5697,53.61464],[-113.55115,53.61465],[-113.54952,53.61489],[-113.54889,53.61507],[-113.54786,53.6155]],[[-113.38978,53.616],[-113.39091,53.61603],[-113.39217,53.61587],[-113.39411,53.61543],[-113.39679,53.61462],[-113.39914,53.61429],[-113.40072,53.61423],[-113.40204,53.61429],[-113.40365,53.61451],[-113.40721,53.61543],[-113.40858,53.6157],[-113.41094,53.61587],[-113.45494,53.61591],[-113.46724,53.61599],[-113.47414,53.6159],[-113.4894,53.61413],[-113.49578,53.6141],[-113.51999,53.61425],[-113.52167,53.61439],[-113.52342,53.61474],[-113.52459,53.61515],[-113.52743,53.61636],[-113.52851,53.61667],[-113.53033,53.61698],[-113.53148,53.61704],[-113.54242,53.61702],[-113.54384,53.61695],[-113.54471,53.6168],[-113.54538,53.61659],[-113.54786,53.6155],[-113.54495,53.61661],[-113.54343,53.61688],[-113.53153,53.61693],[-113.52954,53.61676],[-113.52832,53.61651],[-113.52695,53.61606],[-113.5247,53.61505],[-113.52351,53.61465],[-113.5217,53.61428],[-113.51997,53.61414],[-113.48969,53.61399],[-113.48787,53.61415],[-113.48099,53.61502],[-113.47418,53.61578],[-113.46724,53.61587],[-113.41073,53.61575],[-113.40829,53.61554],[-113.40672,53.61519],[-113.40379,53.61434],[-113.40136,53.61407],[-113.39973,53.61408],[-113.39748,53.61434],[-113.39325,53.61553],[-113.39243,53.61572],[-113.39108,53.6159],[-113.38978,53.616],[-113.37131,53.61598],[-113.37013,53.61604],[-113.36018,53.6171],[-113.34923,53.61841],[-113.35054,53.61834],[-113.36449,53.61674],[-113.37181,53.616]]]}},{"type":"Feature","properties":{"name":"153 Avenue NW / 50 Street NW ramp","highway":"secondary","ref":"","link":1},"geometry":{"type":"MultiLineString","coordinates":[[[-113.41812,53.61515],[-113.41789,53.6156],[-113.41741,53.61578]],[[-113.41648,53.61589],[-113.4177,53.61598],[-113.41795,53.6161],[-113.41813,53.61636]],[[-113.41927,53.61578],[-113.41859,53.61563],[-113.41832,53.61528]]]}},{"type":"Feature","properties":{"name":"153 Avenue NW / 66 Street NW ramp","highway":"secondary","ref":"","link":1},"geometry":{"type":"MultiLineString","coordinates":[[[-113.44295,53.61715],[-113.4431,53.61618],[-113.44339,53.61598],[-113.44383,53.61592]],[[-113.44056,53.61591],[-113.44227,53.61599],[-113.44258,53.61613],[-113.44275,53.61643]],[[-113.44274,53.61504],[-113.44249,53.61565],[-113.44185,53.61581]],[[-113.44496,53.61581],[-113.44333,53.61571],[-113.4431,53.61559],[-113.44294,53.61536]]]}},{"type":"Feature","properties":{"name":"153 Avenue NW / 82 Street NW ramp","highway":"secondary","ref":"","link":1},"geometry":{"type":"MultiLineString","coordinates":[[[-113.46625,53.61598],[-113.46694,53.61607],[-113.4672,53.61621],[-113.46735,53.61642]],[[-113.46735,53.6153],[-113.46706,53.61574],[-113.46647,53.61587]],[[-113.46754,53.6165],[-113.46782,53.6161],[-113.46843,53.61598]],[[-113.46962,53.61585],[-113.46808,53.61579],[-113.46779,53.61571],[-113.46753,53.61542]]]}},{"type":"Feature","properties":{"name":"153 Avenue NW / 97 Street NW ramp","highway":"primary","ref":"","link":1},"geometry":{"type":"MultiLineString","coordinates":[[[-113.49284,53.61398],[-113.49233,53.61382],[-113.49207,53.61361]],[[-113.49207,53.61459],[-113.49234,53.61427],[-113.49284,53.61413]],[[-113.49171,53.61341],[-113.49137,53.61384],[-113.49099,53.61398]],[[-113.4907,53.61413],[-113.49132,53.61425],[-113.4917,53.61456]],[[-113.49171,53.61285],[-113.49189,53.61401],[-113.49206,53.61413]],[[-113.49207,53.61528],[-113.4917,53.61398]]]}},{"type":"Feature","properties":{"name":"153 Avenue NW / 97 Street NW ramp","highway":"secondary","ref":"","link":1},"geometry":{"type":"MultiLineString","coordinates":[[[-113.49044,53.61413],[-113.49207,53.61397]],[[-113.49339,53.61398],[-113.4917,53.61413]]]}},{"type":"Feature","properties":{"name":"153 Avenue NW / Anthony Henday Drive NW ramp","highway":"motorway","ref":"","link":1},"geometry":{"type":"MultiLineString","coordinates":[[[-113.35828,53.61733],[-113.35682,53.61741],[-113.35604,53.61725],[-113.35574,53.61706],[-113.35562,53.61684],[-113.35562,53.61659],[-113.35578,53.61636],[-113.35614,53.61617],[-113.35656,53.61609],[-113.35704,53.61612],[-113.3575,53.61629],[-113.36034,53.61866],[-113.36104,53.61905]],[[-113.36028,53.61725],[-113.36171,53.61714],[-113.36238,53.61723],[-113.36293,53.61756],[-113.363,53.61784],[-113.36289,53.61807],[-113.36261,53.61828],[-113.36204,53.61841],[-113.36147,53.61835],[-113.36095,53.61814],[-113.35995,53.61737],[-113.35778,53.6154]],[[-113.35344,53.61801],[-113.35555,53.61792],[-113.35662,53.61793],[-113.35797,53.6181],[-113.35925,53.61844],[-113.36069,53.61911],[-113.36364,53.62098],[-113.36572,53.62214],[-113.36644,53.62242]],[[-113.35467,53.61155],[-113.35477,53.61211],[-113.35563,53.61395],[-113.35568,53.61443],[-113.3556,53.61496],[-113.35507,53.61642],[-113.35519,53.61742],[-113.35499,53.6176],[-113.35423,53.6178]],[[-113.36614,53.61644],[-113.36348,53.61664],[-113.36171,53.61657],[-113.36031,53.61628],[-113.35951,53.61597],[-113.3584,53.61539],[-113.35798,53.61509],[-113.35739,53.61447],[-113.35642,53.61318],[-113.35447,53.60965]],[[-113.36341,53.61738],[-113.36326,53.61689],[-113.36304,53.61681]],[[-113.36739,53.6225],[-113.36682,53.62204],[-113.36473,53.6207],[-113.36421,53.62022],[-113.36379,53.61962],[-113.36353,53.61882],[-113.36341,53.61738],[-113.36365,53.61698],[-113.36449,53.61674]],[[-113.35522,53.61722],[-113.35549,53.61778]]]}},{"type":"Feature","properties":{"name":"153 Avenue NW / Castle Downs Road NW ramp","highway":"secondary","ref":"","link":1},"geometry":{"type":"MultiLineString","coordinates":[[[-113.51663,53.61352],[-113.5164,53.61396],[-113.51594,53.61413]],[[-113.51558,53.61424],[-113.51622,53.61434],[-113.51663,53.61464]],[[-113.51682,53.61498],[-113.51703,53.61444],[-113.51758,53.61425]],[[-113.51778,53.61414],[-113.51706,53.61397],[-113.51682,53.61365]]]}},{"type":"Feature","properties":{"name":"153 Avenue NW / Manning Drive NW ramp","highway":"primary","ref":"","link":1},"geometry":{"type":"MultiLineString","coordinates":[[[-113.40204,53.61429],[-113.40265,53.61449],[-113.40276,53.61478],[-113.4027,53.61512]],[[-113.40453,53.61452],[-113.40415,53.61418],[-113.40425,53.61382]],[[-113.40223,53.61638],[-113.40236,53.61596],[-113.40343,53.61455],[-113.4034,53.61428]]]}},{"type":"Feature","properties":{"name":"153 Avenue NW / Manning Drive NW ramp","highway":"secondary","ref":"","link":1},"geometry":{"type":"LineString","coordinates":[[-113.40563,53.61483],[-113.40357,53.6144],[-113.40327,53.61444]]}},{"type":"Feature","properties":{"name":"153 Avenue NW / Victoria Trail NW ramp","highway":"secondary","ref":"","link":1},"geometry":{"type":"MultiLineString","coordinates":[[[-113.37844,53.6154],[-113.37791,53.61586],[-113.37728,53.616]],[[-113.37938,53.616],[-113.37869,53.61579],[-113.37859,53.61543]]]}},{"type":"Feature","properties":{"name":"153 Avenue NW ramp","highway":"secondary","ref":"","link":1},"geometry":{"type":"MultiLineString","coordinates":[[[-113.40136,53.61407],[-113.39971,53.61414],[-113.39938,53.61427]],[[-113.39435,53.61521],[-113.39387,53.61522],[-113.39362,53.61515]],[[-113.39711,53.61456],[-113.39754,53.61443],[-113.39957,53.61409]]]}},{"type":"Feature","properties":{"name":"156 Street NW","highway":"secondary","ref":""},"geometry":{"type":"MultiLineString","coordinates":[[[-113.59069,53.52424],[-113.5904,53.52464],[-113.59027,53.52507],[-113.59019,53.53097],[-113.59019,53.53938],[-113.59033,53.54207],[-113.59044,53.55606],[-113.59043,53.56958],[-113.59032,53.56966],[-113.59031,53.57038],[-113.59042,53.57102],[-113.59046,53.57758],[-113.59115,53.57967],[-113.59127,53.58069],[-113.59114,53.58178],[-113.5906,53.58348],[-113.59031,53.58487],[-113.5902,53.58474],[-113.59031,53.58381],[-113.59092,53.58182],[-113.59107,53.58047],[-113.59025,53.57761],[-113.59023,53.57581],[-113.59041,53.57437]],[[-113.59137,53.61163],[-113.59178,53.61108],[-113.5919,53.6107],[-113.59168,53.61022],[-113.59133,53.60992]],[[-113.59031,53.58487],[-113.59027,53.59678],[-113.5901,53.59947],[-113.59017,53.60176],[-113.59026,53.60194],[-113.59036,53.59844],[-113.59027,53.59678]],[[-113.59026,53.60194],[-113.5905,53.60832],[-113.59074,53.60908],[-113.59133,53.60992],[-113.59166,53.61061],[-113.59162,53.6109],[-113.59118,53.61151]],[[-113.59023,53.53829],[-113.59047,53.53803],[-113.5905,53.53749],[-113.59046,53.52531],[-113.59058,53.52484],[-113.59095,53.52435]],[[-113.5904,53.57064],[-113.59048,53.57058],[-113.59043,53.56958]]]}},{"type":"Feature","properties":{"name":"156 Street NW / Stony Plain Road NW ramp","highway":"secondary","ref":"","link":1},"geometry":{"type":"MultiLineString","coordinates":[[[-113.59026,53.54083],[-113.59009,53.54111],[-113.58979,53.54124]],[[-113.59033,53.54207],[-113.59041,53.54135]]]}},{"type":"Feature","properties":{"name":"156 Street NW / Yellowhead Trail NW ramp","highway":"motorway","ref":"","link":1},"geometry":{"type":"MultiLineString","coordinates":[[[-113.59887,53.57729],[-113.59842,53.57733],[-113.59536,53.57792],[-113.59461,53.578],[-113.5939,53.57795],[-113.59228,53.57763],[-113.59046,53.57758]],[[-113.59122,53.58013],[-113.59135,53.57972],[-113.59172,53.5795],[-113.59113,53.57961]],[[-113.59071,53.5783],[-113.59079,53.57781],[-113.59105,53.57771],[-113.59204,53.57776],[-113.59238,53.57793],[-113.5925,53.57811],[-113.59248,53.57839],[-113.59214,53.57866],[-113.58961,53.57939]],[[-113.59049,53.57768],[-113.59137,53.57769]],[[-113.59172,53.5795],[-113.59482,53.57852],[-113.59697,53.57798],[-113.59732,53.57781]]]}},{"type":"Feature","properties":{"name":"156 Street NW / Yellowhead Trail NW ramp","highway":"secondary","ref":"","link":1},"geometry":{"type":"LineString","coordinates":[[-113.59004,53.57983],[-113.59046,53.57982],[-113.59072,53.57989],[-113.59107,53.58047]]}},{"type":"Feature","properties":{"name":"159 Street NW","highway":"secondary","ref":""},"geometry":{"type":"MultiLineString","coordinates":[[[-113.59671,53.51311],[-113.59685,53.51142]],[[-113.5968,53.5194],[-113.59671,53.51803]],[[-113.59664,53.51142],[-113.59671,53.51803],[-113.59649,53.5194]]]}},{"type":"Feature","properties":{"name":"159 Street NW / 87 Avenue NW ramp","highway":"secondary","ref":"","link":1},"geometry":{"type":"LineString","coordinates":[[-113.59515,53.51954],[-113.5968,53.5194]]}},{"type":"Feature","properties":{"name":"159 Street NW / Whitemud Drive NW ramp","highway":"motorway","ref":"","link":1},"geometry":{"type":"MultiLineString","coordinates":[[[-113.60276,53.51199],[-113.59946,53.51175],[-113.59745,53.51145],[-113.59702,53.51131],[-113.59687,53.51117]],[[-113.59664,53.51099],[-113.59623,53.5113],[-113.5946,53.51166],[-113.592,53.51183],[-113.5917,53.51192]],[[-113.59767,53.51233],[-113.60148,53.5121]],[[-113.596,53.51234],[-113.59767,53.51233],[-113.59721,53.51238],[-113.5968,53.51254]],[[-113.59147,53.51203],[-113.59177,53.51212],[-113.596,53.51234],[-113.59647,53.51244],[-113.59664,53.51255]],[[-113.59745,53.51145],[-113.59649,53.51142],[-113.5946,53.51166]]]}},{"type":"Feature","properties":{"name":"163 Street NW","highway":"secondary","ref":""},"geometry":{"type":"LineString","coordinates":[[-113.60289,53.51944],[-113.60267,53.5413]]}},{"type":"Feature","properties":{"name":"163 Street NW / 95 Avenue NW ramp","highway":"secondary","ref":"","link":1},"geometry":{"type":"LineString","coordinates":[[-113.60318,53.5316],[-113.60272,53.53133],[-113.60225,53.53159],[-113.60271,53.53189]]}},{"type":"Feature","properties":{"name":"167 Avenue NW","highway":"secondary","ref":""},"geometry":{"type":"MultiLineString","coordinates":[[[-113.56791,53.62909],[-113.567,53.62883],[-113.56584,53.6287],[-113.54432,53.62867],[-113.53789,53.62877],[-113.53593,53.62888],[-113.54403,53.62877],[-113.5659,53.62878],[-113.56692,53.62891],[-113.56783,53.62919]],[[-113.49177,53.62879],[-113.48103,53.62863],[-113.45973,53.62866],[-113.45991,53.62873],[-113.4615,53.62878],[-113.48137,53.62878],[-113.49203,53.62893]],[[-113.39739,53.6257],[-113.39933,53.62619],[-113.40043,53.62655],[-113.40276,53.62768],[-113.40393,53.62815],[-113.40487,53.62842],[-113.40652,53.62868],[-113.43235,53.62873],[-113.43399,53.62864],[-113.40918,53.62862],[-113.4065,53.62856],[-113.40554,53.62843],[-113.4043,53.62814],[-113.40338,53.62782],[-113.40045,53.62642],[-113.39944,53.62609],[-113.39742,53.62561]],[[-113.45973,53.62866],[-113.4442,53.6287],[-113.44314,53.62888]],[[-113.53593,53.62888],[-113.51654,53.62879]],[[-113.4418,53.62865],[-113.44254,53.62886]],[[-113.44256,53.62857],[-113.4418,53.62865],[-113.43399,53.62864]],[[-113.4442,53.6287],[-113.44317,53.62861]]]}},{"type":"Feature","properties":{"name":"167 Avenue NW / 50 Street NW ramp","highway":"secondary","ref":"","link":1},"geometry":{"type":"LineString","coordinates":[[-113.41093,53.62873],[-113.4115,53.6288],[-113.41191,53.62901]]}},{"type":"Feature","properties":{"name":"167 Avenue NW / 82 Street NW ramp","highway":"secondary","ref":"","link":1},"geometry":{"type":"MultiLineString","coordinates":[[[-113.46865,53.62867],[-113.46801,53.62861],[-113.46752,53.62833]],[[-113.46733,53.62821],[-113.46707,53.62852],[-113.46665,53.62867]],[[-113.46752,53.62921],[-113.46792,53.62885],[-113.46831,53.62878]],[[-113.46661,53.62878],[-113.46711,53.62897],[-113.46733,53.62923]]]}},{"type":"Feature","properties":{"name":"167 Avenue NW / 97 Street NW ramp","highway":"primary","ref":"","link":1},"geometry":{"type":"MultiLineString","coordinates":[[[-113.49177,53.62824],[-113.49155,53.62864],[-113.49124,53.62879]],[[-113.49049,53.62892],[-113.4913,53.62902],[-113.49177,53.62923]],[[-113.49457,53.62879],[-113.49214,53.62887],[-113.49177,53.62894]]]}},{"type":"Feature","properties":{"name":"167 Avenue NW / Manning Drive NW ramp","highway":"primary","ref":"","link":1},"geometry":{"type":"MultiLineString","coordinates":[[[-113.3987,53.6259],[-113.3982,53.62569],[-113.39807,53.62537],[-113.3981,53.62508]],[[-113.39765,53.62623],[-113.39805,53.62603],[-113.3988,53.62606]],[[-113.39802,53.62403],[-113.39768,53.62557],[-113.39781,53.6258]]]}},{"type":"Feature","properties":{"name":"167 Avenue NW ramp","highway":"secondary","ref":"","link":1},"geometry":{"type":"LineString","coordinates":[[-113.46448,53.62868],[-113.46449,53.62877]]}},{"type":"Feature","properties":{"name":"17 Street","highway":"secondary","ref":""},"geometry":{"type":"MultiLineString","coordinates":[[[-113.36927,53.51945],[-113.36929,53.51812]],[[-113.36924,53.53649],[-113.36926,53.53761]]]}},{"type":"Feature","properties":{"name":"17 Street / 17 Street NW ramp","highway":"motorway","ref":"","link":1},"geometry":{"type":"MultiLineString","coordinates":[[[-113.36171,53.51602],[-113.36513,53.51682],[-113.36597,53.51711],[-113.36771,53.51789],[-113.36866,53.51814],[-113.36896,53.51836]],[[-113.3674,53.51776],[-113.36897,53.51809],[-113.37078,53.5182],[-113.37475,53.51788],[-113.38222,53.51753]],[[-113.36927,53.51945],[-113.36948,53.51887],[-113.3698,53.51856],[-113.37038,53.51832],[-113.37123,53.51819]]]}},{"type":"Feature","properties":{"name":"17 Street NE","highway":"secondary","ref":""},"geometry":{"type":"MultiLineString","coordinates":[[[-113.31965,53.57227],[-113.32003,53.57555],[-113.32,53.58652],[-113.32034,53.58771]],[[-113.36925,53.5416],[-113.36926,53.54184]],[[-113.36916,53.55826],[-113.36917,53.55868]],[[-113.36916,53.55912],[-113.36899,53.56015],[-113.36868,53.56094]],[[-113.32,53.57489],[-113.32008,53.57468],[-113.31983,53.57226]],[[-113.32,53.58652],[-113.31997,53.58694],[-113.3202,53.58775]]]}},{"type":"Feature","properties":{"name":"17 Street NE","highway":"trunk","ref":"28A"},"geometry":{"type":"LineString","coordinates":[[-113.31813,53.68559],[-113.31978,53.68755],[-113.32008,53.68823],[-113.32016,53.68872],[-113.32005,53.71199],[-113.32032,53.71379],[-113.32095,53.71596]]}},{"type":"Feature","properties":{"name":"17 Street NE / 17 Street NW ramp","highway":"primary","ref":"","link":1},"geometry":{"type":"MultiLineString","coordinates":[[[-113.36926,53.54184],[-113.36945,53.54139],[-113.37009,53.5412]],[[-113.3681,53.54108],[-113.369,53.54128],[-113.36925,53.5416]]]}},{"type":"Feature","properties":{"name":"17 Street NE / 17 Street NW ramp","highway":"secondary","ref":"","link":1},"geometry":{"type":"LineString","coordinates":[[-113.36916,53.55826],[-113.36887,53.55855],[-113.36844,53.55867],[-113.36895,53.55881],[-113.36916,53.55912]]}},{"type":"Feature","properties":{"name":"17 Street NE / Aurum Road NE ramp","highway":"secondary","ref":"","link":1},"geometry":{"type":"MultiLineString","coordinates":[[[-113.32078,53.58747],[-113.32041,53.58746],[-113.32023,53.58734]],[[-113.32009,53.58736],[-113.32004,53.58754],[-113.31977,53.58777]]]}},{"type":"Feature","properties":{"name":"17 Street NE / Broadmoor Boulevard ramp","highway":"motorway","ref":"","link":1},"geometry":{"type":"MultiLineString","coordinates":[[[-113.31986,53.57276],[-113.3201,53.57238],[-113.32042,53.57225],[-113.31965,53.57227]],[[-113.32136,53.57218],[-113.32323,53.57114],[-113.32476,53.57069],[-113.32605,53.57054],[-113.33026,53.57045],[-113.33162,53.57036]],[[-113.32042,53.57225],[-113.32105,53.57224],[-113.32172,53.5721],[-113.32295,53.5716],[-113.32455,53.57126],[-113.32596,53.5712],[-113.32829,53.57133],[-113.3297,53.5712],[-113.33037,53.571]]]}},{"type":"Feature","properties":{"name":"17 Street NE / Manning Drive NE ramp","highway":"primary","ref":"","link":1},"geometry":{"type":"MultiLineString","coordinates":[[[-113.31704,53.68671],[-113.31815,53.68608],[-113.31838,53.68608],[-113.31873,53.68627]],[[-113.31632,53.68719],[-113.31801,53.68588],[-113.31813,53.68559]]]}},{"type":"Feature","properties":{"name":"17 Street NE / Manning Drive NE ramp","highway":"trunk","ref":"","link":1},"geometry":{"type":"MultiLineString","coordinates":[[[-113.3201,53.68431],[-113.31843,53.68529],[-113.31815,53.68522],[-113.31821,53.68492]],[[-113.31873,53.68627],[-113.31862,53.68581],[-113.3192,53.68531]],[[-113.3201,53.68431],[-113.31848,53.68554],[-113.31836,53.68585]]]}},{"type":"Feature","properties":{"name":"17 Street NE ramp","highway":"secondary","ref":"","link":1},"geometry":{"type":"LineString","coordinates":[[-113.31976,53.57365],[-113.31957,53.574],[-113.31916,53.57416]]}},{"type":"Feature","properties":{"name":"17 Street NW","highway":"secondary","ref":""},"geometry":{"type":"MultiLineString","coordinates":[[[-113.36897,53.48792],[-113.36899,53.48001],[-113.36883,53.47494],[-113.36885,53.46958],[-113.36874,53.46973],[-113.36863,53.47063],[-113.36848,53.47547],[-113.36855,53.47797],[-113.36872,53.47955],[-113.3686,53.48331],[-113.36901,53.48893],[-113.36925,53.50249],[-113.36927,53.51219],[-113.369,53.51473],[-113.36896,53.51836],[-113.36907,53.5206],[-113.369,53.52287],[-113.36912,53.52329],[-113.36927,53.51945]],[[-113.36868,53.56094],[-113.36349,53.56958],[-113.36289,53.57017],[-113.36234,53.5705],[-113.36133,53.57088],[-113.36017,53.57113]],[[-113.36868,53.56094],[-113.36915,53.56016],[-113.36929,53.5597],[-113.36935,53.55824],[-113.36923,53.55669],[-113.36916,53.55826]],[[-113.36912,53.52329],[-113.36913,53.53261],[-113.36924,53.53649]],[[-113.36929,53.51812],[-113.36927,53.51219]],[[-113.36926,53.53761],[-113.36925,53.5416]],[[-113.36894,53.43799],[-113.36894,53.44155],[-113.36915,53.44308],[-113.36909,53.43794]],[[-113.36917,53.55868],[-113.36916,53.55912]],[[-113.36926,53.54184],[-113.36923,53.55669]],[[-113.36887,53.4649],[-113.36893,53.45721],[-113.36919,53.45092],[-113.36907,53.45107],[-113.36881,53.45272],[-113.3686,53.45562],[-113.36866,53.46406],[-113.36887,53.4649],[-113.36885,53.46958]],[[-113.36919,53.45092],[-113.36915,53.44308]]]}},{"type":"Feature","properties":{"name":"17 Street NW / 23 Avenue NW ramp","highway":"secondary","ref":"","link":1},"geometry":{"type":"MultiLineString","coordinates":[[[-113.36904,53.45455],[-113.36935,53.45422],[-113.37006,53.45409]],[[-113.37006,53.45391],[-113.36935,53.45376],[-113.36912,53.45357]],[[-113.36876,53.4532],[-113.36855,53.45372],[-113.36831,53.45391]],[[-113.36784,53.45409],[-113.36852,53.45424],[-113.36869,53.45446]],[[-113.36897,53.45556],[-113.36888,53.45418],[-113.36874,53.45391]],[[-113.36657,53.45409],[-113.3691,53.45391]],[[-113.37161,53.45391],[-113.36904,53.45401],[-113.36873,53.45409]],[[-113.36884,53.45254],[-113.36893,53.45391],[-113.36908,53.45409]]]}},{"type":"Feature","properties":{"name":"17 Street NW / 38 Avenue NW ramp","highway":"secondary","ref":"","link":1},"geometry":{"type":"MultiLineString","coordinates":[[[-113.36889,53.47786],[-113.36908,53.47742],[-113.36945,53.47723],[-113.3697,53.4772]],[[-113.3696,53.47702],[-113.36909,53.47688],[-113.36887,53.47673]],[[-113.36848,53.47564],[-113.36869,53.47705],[-113.36888,53.4772]],[[-113.36893,53.47889],[-113.36863,53.47715],[-113.36853,53.4772]],[[-113.37144,53.47706],[-113.36863,53.47715],[-113.36852,53.47702]],[[-113.36617,53.47704],[-113.36839,53.47711],[-113.36888,53.47701]]]}},{"type":"Feature","properties":{"name":"17 Street NW / Anthony Henday Drive NW ramp","highway":"motorway","ref":"","link":1},"geometry":{"type":"MultiLineString","coordinates":[[[-113.36355,53.44059],[-113.37002,53.43859],[-113.37055,53.43855],[-113.37108,53.43864],[-113.37151,53.43883],[-113.37185,53.43917],[-113.3719,53.43952],[-113.37172,53.43987],[-113.37146,53.44007],[-113.3709,53.44026],[-113.37038,53.4403],[-113.36956,53.44024],[-113.36923,53.44003],[-113.36911,53.43969]],[[-113.36892,53.44044],[-113.37069,53.44043],[-113.37113,53.44036],[-113.3716,53.44017],[-113.37216,53.43971],[-113.37373,53.43795],[-113.3751,53.43724],[-113.37677,53.43682],[-113.37855,53.43649],[-113.38441,53.43579]],[[-113.37038,53.4403],[-113.36891,53.44032]]]}},{"type":"Feature","properties":{"name":"17 Street NW / Baseline Road NW ramp","highway":"primary","ref":"","link":1},"geometry":{"type":"LineString","coordinates":[[-113.37,53.54108],[-113.36941,53.54087],[-113.36925,53.5406],[-113.36907,53.54082],[-113.36845,53.54098]]}},{"type":"Feature","properties":{"name":"17 Street NW / Baseline Road ramp","highway":"primary","ref":"","link":1},"geometry":{"type":"MultiLineString","coordinates":[[[-113.36732,53.54088],[-113.36666,53.54068],[-113.36647,53.54053],[-113.36642,53.5402],[-113.36678,53.53984],[-113.36771,53.53948],[-113.36925,53.53945]],[[-113.36925,53.53842],[-113.36887,53.53921],[-113.36857,53.53932],[-113.36752,53.53943],[-113.36703,53.53958],[-113.36657,53.53987],[-113.36639,53.54004],[-113.36608,53.54087]],[[-113.36629,53.54031],[-113.36593,53.54053],[-113.36515,53.54064]],[[-113.36621,53.54089],[-113.36642,53.5402]],[[-113.36925,53.53935],[-113.36822,53.53936]]]}},{"type":"Feature","properties":{"name":"17 Street NW / Maple Road NW ramp","highway":"secondary","ref":"","link":1},"geometry":{"type":"LineString","coordinates":[[-113.3677,53.47719],[-113.36822,53.47736],[-113.36853,53.47763]]}},{"type":"Feature","properties":{"name":"17 Street NW / Sherwood Park Freeway ramp","highway":"motorway","ref":"","link":1},"geometry":{"type":"MultiLineString","coordinates":[[[-113.3704,53.51623],[-113.36947,53.51597],[-113.36931,53.51576]],[[-113.36898,53.51546],[-113.36862,53.51594],[-113.36828,53.51607],[-113.3676,53.51618]],[[-113.37995,53.51732],[-113.37447,53.51725],[-113.37262,53.51691],[-113.37103,53.5164],[-113.36998,53.51617],[-113.36898,53.5161],[-113.36584,53.51626],[-113.36199,53.51578]]]}},{"type":"Feature","properties":{"name":"17 Street NW / Whitemud Drive NW ramp","highway":"motorway","ref":"","link":1},"geometry":{"type":"MultiLineString","coordinates":[[[-113.36895,53.48323],[-113.36905,53.48289],[-113.3693,53.48272],[-113.37189,53.48254],[-113.37348,53.48258],[-113.37661,53.48295]],[[-113.37807,53.48316],[-113.37669,53.48272],[-113.37433,53.48221],[-113.37287,53.48194],[-113.36926,53.48145],[-113.36909,53.4813],[-113.36898,53.48097]],[[-113.36013,53.48287],[-113.3652,53.48255],[-113.36734,53.48261],[-113.36813,53.48269],[-113.36828,53.48276],[-113.36849,53.48296],[-113.3686,53.48331]],[[-113.36734,53.48261],[-113.37105,53.48258]],[[-113.3697,53.48154],[-113.36839,53.48152],[-113.36727,53.48159],[-113.36359,53.48222],[-113.36014,53.48269]],[[-113.36867,53.48081],[-113.36843,53.48129],[-113.36785,53.48154]]]}},{"type":"Feature","properties":{"name":"17 Street NW ramp","highway":"motorway","ref":"","link":1},"geometry":{"type":"LineString","coordinates":[[-113.36912,53.44107],[-113.36935,53.44064],[-113.3702,53.44044]]}},{"type":"Feature","properties":{"name":"17 Street NW ramp","highway":"primary","ref":"","link":1},"geometry":{"type":"LineString","coordinates":[[-113.36823,53.53945],[-113.36883,53.53955],[-113.36926,53.54004]]}},{"type":"Feature","properties":{"name":"17 Street NW ramp","highway":"secondary","ref":"","link":1},"geometry":{"type":"MultiLineString","coordinates":[[[-113.36431,53.56817],[-113.36391,53.56845],[-113.36328,53.56855],[-113.36366,53.56858],[-113.36393,53.56884]],[[-113.369,53.52287],[-113.36881,53.5231],[-113.36828,53.52329],[-113.36887,53.52353],[-113.36911,53.52386]],[[-113.36899,53.48048],[-113.36883,53.47944],[-113.3687,53.47926]],[[-113.37001,53.45046],[-113.36929,53.45049],[-113.36919,53.45056]],[[-113.36007,53.57143],[-113.36014,53.57128],[-113.36096,53.57096]],[[-113.36825,53.45051],[-113.36908,53.45048],[-113.36919,53.45042]],[[-113.36863,53.45515],[-113.36881,53.45646],[-113.36895,53.45654]],[[-113.36861,53.45828],[-113.36875,53.45932],[-113.3689,53.45944]]]}},{"type":"Feature","properties":{"name":"17 Street SW","highway":"secondary","ref":""},"geometry":{"type":"MultiLineString","coordinates":[[[-113.36909,53.43794],[-113.36906,53.43049],[-113.36895,53.43023],[-113.36835,53.4298],[-113.36761,53.42954],[-113.36581,53.42955],[-113.36522,53.42949],[-113.36429,53.42899],[-113.36394,53.4286],[-113.36394,53.42786],[-113.3642,53.42734],[-113.36747,53.42491]],[[-113.36903,53.43297],[-113.36891,53.43437],[-113.36894,53.43799]]]}},{"type":"Feature","properties":{"name":"17 Street SW / Anthony Henday Drive NW ramp","highway":"motorway","ref":"","link":1},"geometry":{"type":"MultiLineString","coordinates":[[[-113.37404,53.4369],[-113.37293,53.43708],[-113.37126,53.43747],[-113.36767,53.43855],[-113.36715,53.43856],[-113.36671,53.43848],[-113.36625,53.43829],[-113.36591,53.43797],[-113.3658,53.43762],[-113.36595,53.43724],[-113.36626,53.43699],[-113.36667,53.43682],[-113.36769,53.43675],[-113.36839,53.43681],[-113.36883,53.4371],[-113.3689,53.43732]],[[-113.3691,53.43662],[-113.36686,53.43666],[-113.36629,53.43682],[-113.36579,53.43713],[-113.36498,53.43893],[-113.36417,53.43966],[-113.36328,53.44014],[-113.35853,53.44189]],[[-113.36769,53.43675],[-113.36911,53.43674]]]}},{"type":"Feature","properties":{"name":"17 Street SW ramp","highway":"motorway","ref":"","link":1},"geometry":{"type":"LineString","coordinates":[[-113.36891,53.43542],[-113.3688,53.43625],[-113.36857,53.43647],[-113.36816,53.43658],[-113.36686,53.43666]]}},{"type":"Feature","properties":{"name":"170 Street NW","highway":"primary","ref":""},"geometry":{"type":"MultiLineString","coordinates":[[[-113.61544,53.57389],[-113.61542,53.54777],[-113.61549,53.54718],[-113.6161,53.54527],[-113.61598,53.5434],[-113.61624,53.54278],[-113.61672,53.54224],[-113.61689,53.54173],[-113.61694,53.53919],[-113.61667,53.53857],[-113.61563,53.5377],[-113.61539,53.53706],[-113.61547,53.52314],[-113.61568,53.52051],[-113.61555,53.51395],[-113.61568,53.51326],[-113.61657,53.51143]],[[-113.61449,53.51156],[-113.61448,53.51305],[-113.61509,53.51399],[-113.61529,53.51463],[-113.61513,53.53393],[-113.61494,53.54189],[-113.61506,53.54256],[-113.61573,53.54423],[-113.61585,53.54501],[-113.61523,53.54782],[-113.61519,53.57394]]]}},{"type":"Feature","properties":{"name":"170 Street NW","highway":"secondary","ref":""},"geometry":{"type":"MultiLineString","coordinates":[[[-113.61519,53.57394],[-113.61521,53.58053],[-113.61531,53.5807],[-113.61499,53.59467],[-113.61508,53.59482],[-113.61517,53.59468],[-113.61526,53.58975],[-113.6153,53.58693],[-113.61521,53.58668]],[[-113.61506,53.60837],[-113.61521,53.61416]],[[-113.61491,53.60014],[-113.61497,53.60129],[-113.61513,53.60067],[-113.61516,53.5995],[-113.61517,53.59573],[-113.61508,53.59536],[-113.61494,53.59666],[-113.61491,53.60014]],[[-113.61506,53.60837],[-113.61497,53.60129]],[[-113.61657,53.51143],[-113.61652,53.51101],[-113.61573,53.5099],[-113.61557,53.50936],[-113.6155,53.49754]],[[-113.61535,53.49754],[-113.61535,53.50974],[-113.6152,53.51029],[-113.61449,53.51156]],[[-113.61508,53.61155],[-113.61503,53.61416]],[[-113.61508,53.59482],[-113.61508,53.59536]],[[-113.61531,53.5807],[-113.61539,53.58053],[-113.61544,53.57389]]]}},{"type":"Feature","properties":{"name":"170 Street NW / 178 Street NW ramp","highway":"motorway","ref":"","link":1},"geometry":{"type":"MultiLineString","coordinates":[[[-113.63341,53.51211],[-113.62852,53.51192],[-113.62418,53.51188],[-113.61857,53.51189],[-113.61329,53.51206]],[[-113.63658,53.51212],[-113.63637,53.51203],[-113.63363,53.51193],[-113.63144,53.51174],[-113.63051,53.51161],[-113.63012,53.51144]],[[-113.62381,53.51239],[-113.6295,53.51237],[-113.63251,53.51222]],[[-113.61568,53.51326],[-113.61618,53.51284],[-113.61718,53.51261],[-113.62118,53.5124],[-113.62381,53.51239],[-113.62828,53.51254],[-113.62948,53.51269],[-113.62984,53.51295]],[[-113.61475,53.511],[-113.61416,53.51142],[-113.61313,53.51172],[-113.61092,53.51191],[-113.60746,53.51194],[-113.60671,53.51202]],[[-113.63007,53.5131],[-113.63023,53.51276],[-113.6305,53.51262],[-113.63101,53.51252],[-113.63355,53.51235],[-113.63668,53.51232],[-113.63698,53.51223]],[[-113.62151,53.51188],[-113.61884,53.51176],[-113.61759,53.51157],[-113.61671,53.51108],[-113.61631,53.51066]],[[-113.6299,53.51123],[-113.62974,53.5115],[-113.62922,53.51168],[-113.62763,53.51179],[-113.62418,53.51188]],[[-113.61292,53.51216],[-113.61368,53.51225],[-113.6167,53.51237],[-113.62118,53.5124]],[[-113.63007,53.51257],[-113.63101,53.51252]],[[-113.63144,53.51174],[-113.63009,53.51169]],[[-113.62985,53.5117],[-113.62922,53.51168]],[[-113.61594,53.5127],[-113.61718,53.51261]],[[-113.61132,53.5124],[-113.61442,53.51271]],[[-113.60699,53.51213],[-113.60773,53.51224],[-113.61132,53.5124],[-113.61278,53.5126],[-113.6135,53.51282],[-113.61405,53.5131],[-113.61509,53.51399]],[[-113.61759,53.51157],[-113.61657,53.51143]],[[-113.61449,53.51156],[-113.61313,53.51172]],[[-113.62828,53.51254],[-113.62982,53.51256]]]}},{"type":"Feature","properties":{"name":"170 Street NW / 178 Street NW ramp","highway":"primary","ref":"","link":1},"geometry":{"type":"MultiLineString","coordinates":[[[-113.61646,53.51178],[-113.61626,53.51156],[-113.61587,53.51142],[-113.61449,53.51156]],[[-113.61442,53.51271],[-113.61594,53.5127]],[[-113.61657,53.51143],[-113.61587,53.51142]]]}},{"type":"Feature","properties":{"name":"170 Street NW / 178 Street NW ramp","highway":"secondary","ref":"","link":1},"geometry":{"type":"MultiLineString","coordinates":[[[-113.62982,53.51256],[-113.63007,53.51257]],[[-113.63009,53.51169],[-113.62985,53.5117]]]}},{"type":"Feature","properties":{"name":"170 Street NW / 69 Avenue NW ramp","highway":"secondary","ref":"","link":1},"geometry":{"type":"MultiLineString","coordinates":[[[-113.61661,53.5046],[-113.61586,53.50449],[-113.61554,53.50418]],[[-113.61555,53.50523],[-113.61581,53.50486],[-113.61621,53.50472]],[[-113.61418,53.50471],[-113.61554,53.50461]]]}},{"type":"Feature","properties":{"name":"170 Street NW / 87 Avenue NW ramp","highway":"primary","ref":"","link":1},"geometry":{"type":"MultiLineString","coordinates":[[[-113.61565,53.52028],[-113.61596,53.5197],[-113.61639,53.51963]],[[-113.61526,53.51901],[-113.61493,53.51941],[-113.61469,53.51948]],[[-113.61672,53.51953],[-113.61587,53.51931],[-113.61565,53.51912]]]}},{"type":"Feature","properties":{"name":"170 Street NW / 95 Avenue NW ramp","highway":"primary","ref":"","link":1},"geometry":{"type":"MultiLineString","coordinates":[[[-113.61422,53.53175],[-113.61475,53.53185],[-113.61515,53.53217]],[[-113.61633,53.53163],[-113.61571,53.53148],[-113.61546,53.53116]],[[-113.61516,53.53118],[-113.61482,53.53151],[-113.61443,53.53163]],[[-113.61544,53.53227],[-113.61571,53.5319],[-113.6162,53.53175]]]}},{"type":"Feature","properties":{"name":"170 Street NW / 95 Avenue NW ramp","highway":"secondary","ref":"","link":1},"geometry":{"type":"LineString","coordinates":[[-113.61664,53.53163],[-113.61515,53.53175]]}},{"type":"Feature","properties":{"name":"170 Street NW / Callingwood Road NW ramp","highway":"secondary","ref":"","link":1},"geometry":{"type":"LineString","coordinates":[[-113.61554,53.4981],[-113.61578,53.49775],[-113.61652,53.49762]]}},{"type":"Feature","properties":{"name":"170 Street NW / Levasseur Road ramp","highway":"secondary","ref":"","link":1},"geometry":{"type":"LineString","coordinates":[[-113.61604,53.61417],[-113.6154,53.61402],[-113.61521,53.61375]]}},{"type":"Feature","properties":{"name":"170 Street NW / Stony Plain Road NW ramp","highway":"primary","ref":"","link":1},"geometry":{"type":"MultiLineString","coordinates":[[[-113.61497,53.54088],[-113.61468,53.54105],[-113.61436,53.5411]],[[-113.61407,53.54131],[-113.61458,53.54149],[-113.61494,53.54175]],[[-113.61639,53.54263],[-113.61663,53.54254],[-113.6174,53.54189],[-113.61802,53.54161],[-113.61867,53.54147],[-113.62009,53.54144],[-113.62034,53.54135]]]}},{"type":"Feature","properties":{"name":"170 Street NW / Stony Plain Road NW ramp","highway":"secondary","ref":"","link":1},"geometry":{"type":"LineString","coordinates":[[-113.61436,53.5411],[-113.6147,53.5413]]}},{"type":"Feature","properties":{"name":"170 Street NW / Yellowhead Trail NW ramp","highway":"motorway","ref":"","link":1},"geometry":{"type":"MultiLineString","coordinates":[[[-113.62214,53.57189],[-113.62143,53.57192],[-113.61732,53.57249],[-113.61604,53.57248],[-113.61576,53.57241],[-113.61543,53.57213]],[[-113.61521,53.57193],[-113.61476,53.57257],[-113.61376,53.57313],[-113.61458,53.5729],[-113.61732,53.57249]],[[-113.61366,53.57426],[-113.6168,53.57354],[-113.61583,53.57398],[-113.61544,53.57438]],[[-113.60772,53.57527],[-113.60817,53.57525],[-113.61146,53.5746],[-113.61366,53.57426],[-113.61467,53.57421],[-113.61497,53.57427],[-113.61519,53.57441]],[[-113.6168,53.57354],[-113.61888,53.57287],[-113.62158,53.57225],[-113.62195,53.5721]],[[-113.61376,53.57313],[-113.61125,53.57405],[-113.60776,53.57502],[-113.60739,53.57518]]]}},{"type":"Feature","properties":{"name":"170 Street NW ramp","highway":"primary","ref":"","link":1},"geometry":{"type":"MultiLineString","coordinates":[[[-113.61563,53.54611],[-113.6152,53.5463]],[[-113.61522,53.55884],[-113.61493,53.55932],[-113.61447,53.55947]],[[-113.61438,53.55954],[-113.61497,53.55973],[-113.61523,53.55999]]]}},{"type":"Feature","properties":{"name":"170 Street NW ramp","highway":"secondary","ref":"","link":1},"geometry":{"type":"MultiLineString","coordinates":[[[-113.61555,53.50101],[-113.61584,53.50061],[-113.61627,53.50048],[-113.61576,53.50032],[-113.61554,53.50004]],[[-113.61535,53.50418],[-113.61513,53.50447],[-113.61474,53.5046]],[[-113.61436,53.50471],[-113.61513,53.50485],[-113.61535,53.50517]]]}},{"type":"Feature","properties":{"name":"170 Street SW","highway":"secondary","ref":""},"geometry":{"type":"MultiLineString","coordinates":[[[-113.61376,53.41566],[-113.61376,53.41108],[-113.61375,53.41136]],[[-113.61502,53.4241],[-113.61485,53.42438],[-113.61465,53.42554],[-113.61469,53.42858]],[[-113.61376,53.41097],[-113.61377,53.41068]],[[-113.61405,53.4375],[-113.6145,53.43686],[-113.61486,53.43594],[-113.61491,53.43271],[-113.61434,53.43344],[-113.61387,53.43474],[-113.61341,53.43549],[-113.61239,53.43668]],[[-113.61381,53.40899],[-113.61368,53.40988],[-113.61377,53.41068],[-113.61381,53.40899],[-113.61457,53.40724],[-113.61468,53.40666],[-113.61469,53.39575]],[[-113.61469,53.42869],[-113.61465,53.43205],[-113.61434,53.43344]],[[-113.61491,53.43271],[-113.61488,53.42519],[-113.61502,53.4241],[-113.6157,53.42193],[-113.61573,53.41575]],[[-113.61376,53.41097],[-113.61376,53.41108]]]}},{"type":"Feature","properties":{"name":"170 Street SW / Ellerslie Road SW ramp","highway":"secondary","ref":"","link":1},"geometry":{"type":"MultiLineString","coordinates":[[[-113.6179,53.42105],[-113.6175,53.42114],[-113.61594,53.42115],[-113.61572,53.42126]],[[-113.61344,53.42128],[-113.61548,53.4212],[-113.61572,53.42105]]]}},{"type":"Feature","properties":{"name":"170 Street SW / Hiller Road SW ramp","highway":"secondary","ref":"","link":1},"geometry":{"type":"LineString","coordinates":[[-113.61667,53.42105],[-113.61589,53.4209],[-113.61572,53.42071]]}},{"type":"Feature","properties":{"name":"170 Street SW / Rabbit Hill Road SW ramp","highway":"secondary","ref":"","link":1},"geometry":{"type":"LineString","coordinates":[[-113.61225,53.41044],[-113.6133,53.41052],[-113.61361,53.41062],[-113.61377,53.41079]]}},{"type":"Feature","properties":{"name":"170 Street SW / Windermere Boulevard SW ramp","highway":"secondary","ref":"","link":1},"geometry":{"type":"LineString","coordinates":[[-113.61293,53.43611],[-113.61235,53.43639],[-113.61177,53.4364]]}},{"type":"Feature","properties":{"name":"170 Street SW ramp","highway":"secondary","ref":"","link":1},"geometry":{"type":"MultiLineString","coordinates":[[[-113.61492,53.43384],[-113.61505,53.43349],[-113.61524,53.43336],[-113.61615,53.43321],[-113.61529,53.43316],[-113.61512,53.43307],[-113.61491,53.43271]],[[-113.61462,53.43773],[-113.61437,53.43743],[-113.61432,53.43715]],[[-113.61525,53.42858],[-113.61489,53.42834]],[[-113.6146,53.43232],[-113.61418,53.43315],[-113.61398,53.43325],[-113.61357,53.43329],[-113.61401,53.4335],[-113.61417,53.43402]],[[-113.61488,53.42899],[-113.61531,53.42869]]]}},{"type":"Feature","properties":{"name":"178 Street NW","highway":"secondary","ref":""},"geometry":{"type":"MultiLineString","coordinates":[[[-113.62933,53.49643],[-113.63072,53.50101],[-113.63107,53.50354],[-113.63094,53.50597],[-113.63015,53.50952],[-113.62982,53.51262],[-113.63056,53.51914],[-113.63042,53.52121],[-113.62993,53.52377],[-113.62985,53.52547],[-113.62997,53.52678],[-113.6306,53.53046],[-113.63028,53.53135],[-113.62823,53.53448],[-113.62757,53.53569],[-113.62742,53.53642],[-113.6273,53.54026],[-113.6273,53.54209],[-113.62745,53.54246],[-113.62768,53.53614],[-113.62797,53.53533],[-113.63047,53.53138],[-113.63079,53.53039],[-113.63015,53.52678],[-113.63004,53.52547],[-113.63015,53.52357],[-113.63065,53.5209],[-113.63075,53.51914],[-113.63064,53.51765],[-113.63018,53.5149],[-113.63007,53.51249],[-113.63035,53.50953],[-113.63114,53.50596],[-113.63127,53.50342],[-113.63075,53.50043],[-113.62951,53.49641]],[[-113.62745,53.54246],[-113.62731,53.57043]]]}},{"type":"Feature","properties":{"name":"178 Street NW / 69 Avenue NW ramp","highway":"secondary","ref":"","link":1},"geometry":{"type":"MultiLineString","coordinates":[[[-113.63095,53.50255],[-113.63084,53.50287],[-113.63044,53.50302]],[[-113.63205,53.5029],[-113.63142,53.50283],[-113.63121,53.50264]],[[-113.63127,53.50342],[-113.63145,53.50318],[-113.63182,53.50303]],[[-113.62981,53.50321],[-113.63056,53.50322],[-113.63091,53.50336],[-113.63107,53.50354]]]}},{"type":"Feature","properties":{"name":"178 Street NW / 87 Avenue NW ramp","highway":"secondary","ref":"","link":1},"geometry":{"type":"MultiLineString","coordinates":[[[-113.63111,53.52123],[-113.63079,53.5211],[-113.63066,53.52078]],[[-113.62969,53.52131],[-113.63016,53.52151],[-113.63029,53.52191]],[[-113.63045,53.522],[-113.6308,53.52155],[-113.63133,53.52147]],[[-113.63048,53.52071],[-113.6302,53.52099],[-113.62981,53.5211]]]}},{"type":"Feature","properties":{"name":"178 Street NW / 95 Avenue NW ramp","highway":"secondary","ref":"","link":1},"geometry":{"type":"MultiLineString","coordinates":[[[-113.63021,53.5281],[-113.6301,53.52841],[-113.62993,53.52855]],[[-113.62944,53.52869],[-113.63015,53.52877],[-113.63037,53.52895]]]}},{"type":"Feature","properties":{"name":"178 Street NW / Callingwood Road NW ramp","highway":"secondary","ref":"","link":1},"geometry":{"type":"MultiLineString","coordinates":[[[-113.62961,53.49683],[-113.62973,53.49649],[-113.63019,53.49633]],[[-113.62853,53.49653],[-113.62925,53.49661],[-113.62945,53.4968]]]}},{"type":"Feature","properties":{"name":"178 Street NW ramp","highway":"secondary","ref":"","link":1},"geometry":{"type":"MultiLineString","coordinates":[[[-113.63113,53.52846],[-113.63065,53.52838],[-113.63042,53.52819]],[[-113.63011,53.52391],[-113.63054,53.5238],[-113.63015,53.52357]],[[-113.63061,53.52917],[-113.63072,53.52872],[-113.63113,53.52858]],[[-113.62964,53.52364],[-113.62968,53.52379],[-113.62992,53.5239]],[[-113.63094,53.50698],[-113.63076,53.50697]]]}},{"type":"Feature","properties":{"name":"18 Street NW","highway":"secondary","ref":""},"geometry":{"type":"LineString","coordinates":[[-113.36895,53.65708],[-113.36895,53.65813]]}},{"type":"Feature","properties":{"name":"18 Street NW / Manning Drive NW ramp","highway":"trunk","ref":"","link":1},"geometry":{"type":"MultiLineString","coordinates":[[[-113.36895,53.65771],[-113.36916,53.65742],[-113.37009,53.65698]],[[-113.3676,53.65789],[-113.36841,53.65767],[-113.36895,53.65766]],[[-113.36683,53.65817],[-113.36865,53.65736],[-113.36895,53.65708]],[[-113.37091,53.65636],[-113.36924,53.65711],[-113.36894,53.6574]]]}},{"type":"Feature","properties":{"name":"184 Street NW","highway":"secondary","ref":""},"geometry":{"type":"MultiLineString","coordinates":[[[-113.63955,53.56828],[-113.63959,53.56673],[-113.63904,53.56607],[-113.63924,53.56588],[-113.63974,53.56579],[-113.64009,53.56763],[-113.64003,53.56971],[-113.63884,53.57411],[-113.6386,53.57596],[-113.63877,53.5777],[-113.63952,53.58048],[-113.63963,53.5842],[-113.63986,53.58518],[-113.64045,53.58623],[-113.64119,53.5871],[-113.64334,53.589]],[[-113.62977,53.4673],[-113.63124,53.46675],[-113.63225,53.46627],[-113.63357,53.46554],[-113.63435,53.46499],[-113.6351,53.46439],[-113.63625,53.46323],[-113.63739,53.46165],[-113.63668,53.46229],[-113.63551,53.4638],[-113.634,53.46507],[-113.63205,53.46621],[-113.62967,53.4672]],[[-113.63976,53.5486],[-113.63973,53.54985],[-113.63982,53.54992],[-113.6399,53.54986],[-113.63994,53.5486],[-113.63986,53.54778],[-113.63976,53.5486]],[[-113.63986,53.54778],[-113.63983,53.54275]],[[-113.63982,53.54992],[-113.63976,53.55225]],[[-113.63975,53.53749],[-113.63974,53.54248],[-113.63983,53.54275],[-113.63993,53.54187],[-113.63993,53.53748]],[[-113.64348,53.58892],[-113.64135,53.58705],[-113.64064,53.58621],[-113.64007,53.58516],[-113.63981,53.58418],[-113.6397,53.58046],[-113.63891,53.57744],[-113.63879,53.5757],[-113.63903,53.57413],[-113.64008,53.57046],[-113.64028,53.56934],[-113.64033,53.56846],[-113.64022,53.56726],[-113.63961,53.56411],[-113.63956,53.56451],[-113.63974,53.56579]],[[-113.63739,53.46165],[-113.63827,53.46076],[-113.6392,53.46015]],[[-113.63961,53.56411],[-113.63973,53.55339],[-113.63983,53.55316],[-113.63984,53.55237],[-113.63976,53.55225],[-113.63966,53.55236],[-113.63963,53.55315],[-113.63973,53.55327]]]}},{"type":"Feature","properties":{"name":"184 Street NW / Anthony Henday Drive NW ramp","highway":"motorway","ref":"","link":1},"geometry":{"type":"MultiLineString","coordinates":[[[-113.65451,53.58503],[-113.65157,53.5872],[-113.65082,53.58759],[-113.65013,53.58783],[-113.6494,53.58802],[-113.64863,53.58811],[-113.64513,53.58835],[-113.64365,53.5887],[-113.643,53.58851]],[[-113.64045,53.58623],[-113.64075,53.58679],[-113.64168,53.58785],[-113.64201,53.58853],[-113.64202,53.58911],[-113.64133,53.59307],[-113.64089,53.59373],[-113.64004,53.59443],[-113.63702,53.5962],[-113.63623,53.59677]],[[-113.63604,53.46317],[-113.63518,53.46388],[-113.63407,53.4645],[-113.63284,53.46494],[-113.63134,53.46522],[-113.62984,53.46532],[-113.62839,53.4652],[-113.62749,53.46503],[-113.626,53.46458],[-113.62535,53.46447]],[[-113.62967,53.4672],[-113.62809,53.4676],[-113.62747,53.46764],[-113.62696,53.46758],[-113.62627,53.46727],[-113.62607,53.46695],[-113.62608,53.46662],[-113.62643,53.46626],[-113.62683,53.46608],[-113.62733,53.46601],[-113.62776,53.46604],[-113.63617,53.46806],[-113.63666,53.4681]],[[-113.61956,53.46242],[-113.62019,53.46283],[-113.62249,53.46397],[-113.62349,53.46466],[-113.62415,53.46542],[-113.62478,53.46676],[-113.62514,53.46712],[-113.62572,53.46748],[-113.62662,53.46775],[-113.62751,53.46783],[-113.62842,53.46771],[-113.62977,53.4673]],[[-113.62875,53.46762],[-113.62962,53.4676],[-113.63025,53.46778]],[[-113.63579,53.46722],[-113.63222,53.46571],[-113.63133,53.46547],[-113.62984,53.46532]],[[-113.6429,53.46937],[-113.63654,53.46749],[-113.63517,53.46691],[-113.63456,53.4663],[-113.63437,53.46573],[-113.63449,53.46515],[-113.6351,53.46439]],[[-113.64409,53.58862],[-113.64334,53.589]]]}},{"type":"Feature","properties":{"name":"184 Street NW / Stony Plain Road NW ramp","highway":"primary","ref":"","link":1},"geometry":{"type":"MultiLineString","coordinates":[[[-113.6389,53.54132],[-113.6395,53.54154],[-113.63976,53.54182]],[[-113.63749,53.54134],[-113.63952,53.54121],[-113.63994,53.54112]]]}},{"type":"Feature","properties":{"name":"184 Street NW / Yellowhead Trail NW ramp","highway":"motorway","ref":"","link":1},"geometry":{"type":"MultiLineString","coordinates":[[[-113.63249,53.57214],[-113.63431,53.57259],[-113.63537,53.57305],[-113.63674,53.57416],[-113.6383,53.57482],[-113.63863,53.57529]],[[-113.63895,53.57371],[-113.63862,53.57423],[-113.63837,53.57436],[-113.63795,53.5744],[-113.63737,53.57429],[-113.63698,53.57409],[-113.63676,53.57362],[-113.63694,53.57327],[-113.63722,53.57307],[-113.63801,53.5729],[-113.64256,53.57325],[-113.64344,53.57323]],[[-113.64318,53.57298],[-113.63873,53.5724],[-113.63822,53.57228],[-113.63773,53.57201],[-113.63757,53.57178],[-113.63756,53.57148],[-113.63786,53.57108],[-113.63901,53.57068],[-113.64008,53.57046]],[[-113.64002,53.5698],[-113.63985,53.57018],[-113.63947,53.57042],[-113.63519,53.57176],[-113.63423,53.57189],[-113.63353,53.5719],[-113.63055,53.57164],[-113.6298,53.57164]],[[-113.63689,53.57423],[-113.63757,53.57446],[-113.63893,53.57458]],[[-113.6401,53.57039],[-113.63898,53.57061]],[[-113.63786,53.57108],[-113.63856,53.57092],[-113.63906,53.57098],[-113.63953,53.57126],[-113.63954,53.57166]]]}},{"type":"Feature","properties":{"name":"184 Street NW ramp","highway":"motorway","ref":"","link":1},"geometry":{"type":"LineString","coordinates":[[-113.63895,53.57452],[-113.63801,53.57446],[-113.6376,53.57436]]}},{"type":"Feature","properties":{"name":"184 Street NW ramp","highway":"secondary","ref":"","link":1},"geometry":{"type":"MultiLineString","coordinates":[[[-113.63975,53.54077],[-113.63952,53.541],[-113.63893,53.54114]],[[-113.64051,53.54111],[-113.64019,53.54105],[-113.63994,53.54089]]]}},{"type":"Feature","properties":{"name":"185 Avenue NW","highway":"secondary","ref":""},"geometry":{"type":"MultiLineString","coordinates":[[[-113.54658,53.64665],[-113.54566,53.64687],[-113.54409,53.64708],[-113.54119,53.64712]],[[-113.55154,53.64493],[-113.54796,53.64612],[-113.54658,53.64665],[-113.54765,53.64636],[-113.55155,53.6451]]]}},{"type":"Feature","properties":{"name":"185 Avenue NW / Goodridge Boulevard NW ramp","highway":"secondary","ref":"","link":1},"geometry":{"type":"LineString","coordinates":[[-113.55149,53.64495],[-113.55104,53.64497],[-113.55053,53.64477]]}},{"type":"Feature","properties":{"name":"185 Avenue NW ramp","highway":"secondary","ref":"","link":1},"geometry":{"type":"LineString","coordinates":[[-113.55026,53.64488],[-113.55039,53.64518],[-113.55019,53.64538]]}},{"type":"Feature","properties":{"name":"195 Avenue NW","highway":"secondary","ref":""},"geometry":{"type":"MultiLineString","coordinates":[[[-113.5067,53.65791],[-113.46861,53.65775],[-113.44557,53.65796],[-113.4356,53.65794],[-113.43095,53.65781],[-113.37149,53.6577],[-113.37048,53.6578],[-113.36895,53.65813]],[[-113.45902,53.65785],[-113.47219,53.65779]]]}},{"type":"Feature","properties":{"name":"195 Avenue NW / 82 Street NW ramp","highway":"secondary","ref":"","link":1},"geometry":{"type":"LineString","coordinates":[[-113.46633,53.65777],[-113.46546,53.65771],[-113.46524,53.65761],[-113.46511,53.65743]]}},{"type":"Feature","properties":{"name":"195 Avenue NW ramp","highway":"secondary","ref":"","link":1},"geometry":{"type":"LineString","coordinates":[[-113.48967,53.65785],[-113.49175,53.65795],[-113.49198,53.65812],[-113.49201,53.65853]]}},{"type":"Feature","properties":{"name":"199 Street NW","highway":"secondary","ref":""},"geometry":{"type":"MultiLineString","coordinates":[[[-113.6645,53.48891],[-113.66451,53.49063],[-113.66544,53.49243],[-113.66567,53.4936],[-113.66547,53.49475],[-113.66468,53.49626],[-113.66447,53.49736],[-113.66453,53.49806],[-113.66463,53.49692],[-113.66485,53.49628],[-113.66568,53.49473],[-113.66587,53.49359],[-113.66564,53.4924],[-113.66479,53.49095],[-113.66463,53.49041],[-113.6645,53.48891],[-113.66448,53.48478],[-113.66469,53.48384],[-113.66517,53.48312],[-113.66629,53.4823],[-113.66967,53.48098],[-113.67072,53.4803],[-113.67142,53.4795],[-113.67173,53.4785],[-113.67167,53.47783],[-113.67131,53.47675],[-113.67048,53.47546],[-113.66924,53.47463],[-113.66699,53.4738],[-113.6662,53.47343],[-113.66527,53.47274],[-113.66469,53.47192],[-113.66449,53.47104],[-113.66439,53.4623],[-113.66451,53.46187],[-113.66449,53.46657]],[[-113.66453,53.45421],[-113.66451,53.46187]],[[-113.66453,53.49806],[-113.66457,53.50502]],[[-113.6717,53.4788],[-113.67184,53.47856],[-113.6718,53.47782],[-113.67128,53.47639],[-113.67067,53.47566]]]}},{"type":"Feature","properties":{"name":"199 Street NW / 62 Avenue NW ramp","highway":"secondary","ref":"","link":1},"geometry":{"type":"MultiLineString","coordinates":[[[-113.66579,53.49432],[-113.66622,53.49399],[-113.66684,53.49388]],[[-113.66732,53.49374],[-113.66598,53.49378],[-113.66566,53.49384]]]}},{"type":"Feature","properties":{"name":"199 Street NW / Lessard Road NW ramp","highway":"secondary","ref":"","link":1},"geometry":{"type":"MultiLineString","coordinates":[[[-113.67142,53.47706],[-113.67136,53.47761],[-113.67088,53.4778]],[[-113.67053,53.47785],[-113.67149,53.47794],[-113.67171,53.47809]]]}},{"type":"Feature","properties":{"name":"199 Street NW / Maskêkosihk Trail NW ramp","highway":"secondary","ref":"","link":1},"geometry":{"type":"LineString","coordinates":[[-113.66451,53.45354],[-113.66424,53.45413],[-113.66364,53.45427],[-113.66425,53.45445],[-113.66453,53.45498]]}},{"type":"Feature","properties":{"name":"20 Avenue","highway":"secondary","ref":"625"},"geometry":{"type":"LineString","coordinates":[[-113.54528,53.33785],[-113.51608,53.33777],[-113.50472,53.3378],[-113.50401,53.33786],[-113.50722,53.33792],[-113.54551,53.33795]]}},{"type":"Feature","properties":{"name":"20 Avenue / 5 Street ramp","highway":"secondary","ref":"","link":1},"geometry":{"type":"LineString","coordinates":[[-113.53254,53.33782],[-113.53171,53.3377],[-113.5314,53.33746],[-113.53109,53.3377],[-113.5303,53.3378]]}},{"type":"Feature","properties":{"name":"20 Avenue / 9 Street ramp","highway":"secondary","ref":"","link":1},"geometry":{"type":"MultiLineString","coordinates":[[[-113.51197,53.3379],[-113.51281,53.338],[-113.51306,53.3383],[-113.51323,53.33805],[-113.51386,53.33791]],[[-113.51387,53.33778],[-113.51326,53.33767],[-113.51305,53.33726],[-113.51273,53.33768],[-113.51205,53.33778]]]}},{"type":"Feature","properties":{"name":"20 Avenue / Highway 19 ramp","highway":"motorway","ref":"","link":1},"geometry":{"type":"MultiLineString","coordinates":[[[-113.54796,53.33162],[-113.54781,53.33178],[-113.54762,53.33413],[-113.54734,53.33486],[-113.5467,53.33568],[-113.5453,53.33685],[-113.54503,53.33761],[-113.54465,53.33785]],[[-113.54513,53.33745],[-113.5452,53.3378],[-113.54551,53.33795]]]}},{"type":"Feature","properties":{"name":"20 Avenue / Queen Elizabeth II Highway ramp","highway":"motorway","ref":"","link":1},"geometry":{"type":"LineString","coordinates":[[-113.54467,53.33796],[-113.5458,53.33822],[-113.54639,53.33849],[-113.54681,53.3388],[-113.54716,53.33923],[-113.54734,53.33968],[-113.54735,53.34024],[-113.5469,53.34195]]}},{"type":"Feature","properties":{"name":"20 Avenue ramp","highway":"secondary","ref":"","link":1},"geometry":{"type":"MultiLineString","coordinates":[[[-113.52744,53.33778],[-113.52723,53.33796]],[[-113.53733,53.33831],[-113.53754,53.33808],[-113.53792,53.33796]],[[-113.53058,53.33795],[-113.53113,53.33808],[-113.53137,53.33834],[-113.53161,53.33812],[-113.53254,53.33795]],[[-113.54316,53.33828],[-113.54347,53.33805],[-113.54381,53.33795]],[[-113.53795,53.3378],[-113.53757,53.33772],[-113.53739,53.33759],[-113.53696,53.3378]],[[-113.52721,53.3383],[-113.52744,53.33806],[-113.52794,53.33796]],[[-113.51673,53.33778],[-113.51636,53.33769],[-113.51606,53.3374],[-113.51581,53.33769],[-113.51549,53.33778]],[[-113.54237,53.33744],[-113.5423,53.33768],[-113.54168,53.33783]],[[-113.53795,53.3378],[-113.53734,53.33796]],[[-113.54365,53.33784],[-113.54323,53.33778],[-113.54268,53.33753]],[[-113.5155,53.3379],[-113.51585,53.33808],[-113.51606,53.33829],[-113.51619,53.33811],[-113.51659,53.33792]]]}},{"type":"Feature","properties":{"name":"23 Avenue NW","highway":"secondary","ref":""},"geometry":{"type":"MultiLineString","coordinates":[[[-113.58988,53.45768],[-113.5822,53.45541],[-113.58016,53.45487],[-113.57697,53.45431],[-113.57365,53.45402],[-113.55261,53.454],[-113.5513,53.45423],[-113.54924,53.455],[-113.54564,53.45612],[-113.54476,53.45626],[-113.54409,53.45628],[-113.5428,53.45609],[-113.53703,53.45413],[-113.53563,53.45386],[-113.51868,53.45383],[-113.51699,53.4543],[-113.51635,53.45435],[-113.51585,53.45428],[-113.51491,53.45383],[-113.49821,53.45384],[-113.49453,53.45358],[-113.49185,53.45353],[-113.48814,53.45376],[-113.48538,53.4538],[-113.48367,53.45369],[-113.48185,53.45346],[-113.48065,53.45325],[-113.47681,53.45237],[-113.47527,53.45212],[-113.47309,53.45188],[-113.47056,53.45177],[-113.4632,53.45172],[-113.45985,53.45182],[-113.45657,53.45213],[-113.44919,53.45307],[-113.44392,53.45346],[-113.44023,53.45357],[-113.43299,53.45344],[-113.42942,53.45353],[-113.42739,53.45371],[-113.41646,53.45512],[-113.41334,53.45535],[-113.41126,53.45537],[-113.40753,53.45518],[-113.40515,53.45488],[-113.39904,53.45393],[-113.39778,53.45381],[-113.39141,53.4538],[-113.38396,53.4541],[-113.37453,53.45409],[-113.37161,53.45391],[-113.36671,53.45391],[-113.36488,53.45413],[-113.36382,53.45441],[-113.3628,53.45482]],[[-113.36233,53.45522],[-113.36385,53.45454],[-113.3657,53.45414],[-113.3669,53.45409],[-113.37446,53.45409]],[[-113.38979,53.45391],[-113.39794,53.45394],[-113.39902,53.45404],[-113.40478,53.45503],[-113.40688,53.45531],[-113.40907,53.45549],[-113.41324,53.45553],[-113.41724,53.45523],[-113.42765,53.45387],[-113.43003,53.45367],[-113.43192,53.45361],[-113.4395,53.45375],[-113.44395,53.45364],[-113.44937,53.45324],[-113.45661,53.45231],[-113.45985,53.45201],[-113.46318,53.4519],[-113.47169,53.45199],[-113.47308,53.45206],[-113.47523,53.4523],[-113.4773,53.45266],[-113.48086,53.45347],[-113.48329,53.45384],[-113.4859,53.45403],[-113.49178,53.4543],[-113.49392,53.45434],[-113.49643,53.45408],[-113.49781,53.45402],[-113.5143,53.45401],[-113.51501,53.45412],[-113.51594,53.45446],[-113.51645,53.45449],[-113.51689,53.45444],[-113.518,53.45406],[-113.51846,53.45398],[-113.53562,53.45403],[-113.53696,53.45424],[-113.54234,53.45609],[-113.54312,53.45629],[-113.54408,53.45639],[-113.54481,53.45637],[-113.54575,53.45621],[-113.54932,53.4551],[-113.55139,53.45433],[-113.55264,53.45411],[-113.57365,53.45419],[-113.57692,53.45447],[-113.58008,53.45504],[-113.58205,53.45556],[-113.58984,53.45786]],[[-113.38402,53.45408],[-113.38266,53.45403],[-113.38167,53.45407]]]}},{"type":"Feature","properties":{"name":"23 Avenue NW / 50 Street NW ramp","highway":"primary","ref":"","link":1},"geometry":{"type":"MultiLineString","coordinates":[[[-113.41976,53.45407],[-113.41967,53.45459],[-113.41926,53.45478]],[[-113.41803,53.45513],[-113.41958,53.45503],[-113.41987,53.45514],[-113.42009,53.45536]],[[-113.42039,53.45535],[-113.42057,53.45491],[-113.42111,53.45472]],[[-113.42127,53.45451],[-113.42051,53.45447],[-113.4201,53.45419]],[[-113.42056,53.45602],[-113.4201,53.45485],[-113.41993,53.45469]],[[-113.41966,53.45361],[-113.42012,53.45473],[-113.42026,53.45483]]]}},{"type":"Feature","properties":{"name":"23 Avenue NW / 50 Street NW ramp","highway":"secondary","ref":"","link":1},"geometry":{"type":"MultiLineString","coordinates":[[[-113.42221,53.45439],[-113.42024,53.45477],[-113.41997,53.45487]],[[-113.41799,53.45514],[-113.41994,53.45478],[-113.42021,53.45465]]]}},{"type":"Feature","properties":{"name":"23 Avenue NW / 66 Street NW ramp","highway":"secondary","ref":"","link":1},"geometry":{"type":"MultiLineString","coordinates":[[[-113.43482,53.45421],[-113.43503,53.45387],[-113.43561,53.45369]],[[-113.43462,53.45298],[-113.43435,53.45331],[-113.43385,53.45346]],[[-113.43607,53.45352],[-113.43522,53.45338],[-113.43492,53.45301]],[[-113.43373,53.45364],[-113.43431,53.45381],[-113.4345,53.45434]],[[-113.43192,53.45361],[-113.43455,53.45358],[-113.43463,53.45356],[-113.43456,53.45349]],[[-113.43684,53.45354],[-113.43476,53.45357],[-113.43485,53.45366]],[[-113.43479,53.45457],[-113.43466,53.45359],[-113.43455,53.45365]],[[-113.43466,53.45252],[-113.43474,53.45353],[-113.43487,53.45349]],[[-113.43474,53.45353],[-113.43466,53.45359],[-113.43474,53.45353]]]}},{"type":"Feature","properties":{"name":"23 Avenue NW / 91 Street NW ramp","highway":"secondary","ref":"","link":1},"geometry":{"type":"MultiLineString","coordinates":[[[-113.46561,53.45192],[-113.46613,53.45212],[-113.46638,53.45246]],[[-113.46686,53.45271],[-113.467,53.45218],[-113.4672,53.45201],[-113.46764,53.45192]],[[-113.46787,53.45175],[-113.46706,53.45154],[-113.46686,53.45115]],[[-113.46636,53.45114],[-113.46605,53.45159],[-113.46553,53.45174]],[[-113.46636,53.45036],[-113.46676,53.45185],[-113.46654,53.45188],[-113.46637,53.45175]],[[-113.46434,53.45191],[-113.46686,53.45174]],[[-113.46885,53.45176],[-113.46676,53.45185],[-113.46686,53.45192]],[[-113.46686,53.45337],[-113.46662,53.45199],[-113.46654,53.45188],[-113.46637,53.45192]]]}},{"type":"Feature","properties":{"name":"23 Avenue NW / Calgary Trail NW ramp","highway":"motorway","ref":"","link":1},"geometry":{"type":"LineString","coordinates":[[-113.49332,53.45228],[-113.49337,53.45078],[-113.49274,53.44763]]}},{"type":"Feature","properties":{"name":"23 Avenue NW / Calgary Trail NW ramp","highway":"secondary","ref":"","link":1},"geometry":{"type":"MultiLineString","coordinates":[[[-113.49453,53.45358],[-113.49381,53.45343],[-113.49345,53.45321],[-113.49332,53.45228]],[[-113.49333,53.45433],[-113.49345,53.45321]]]}},{"type":"Feature","properties":{"name":"23 Avenue NW / Calgary Trail NW ramp","highway":"trunk","ref":"","link":1},"geometry":{"type":"MultiLineString","coordinates":[[[-113.49236,53.45942],[-113.4925,53.45905],[-113.49287,53.45616],[-113.49322,53.45485],[-113.49359,53.45453],[-113.49459,53.45429]],[[-113.49322,53.45485],[-113.49333,53.45433]]]}},{"type":"Feature","properties":{"name":"23 Avenue NW / Gateway Boulevard NW ramp","highway":"motorway","ref":"","link":1},"geometry":{"type":"LineString","coordinates":[[-113.49247,53.44851],[-113.49211,53.45095]]}},{"type":"Feature","properties":{"name":"23 Avenue NW / Gateway Boulevard NW ramp","highway":"secondary","ref":"","link":1},"geometry":{"type":"LineString","coordinates":[[-113.49211,53.45095],[-113.49196,53.45431]]}},{"type":"Feature","properties":{"name":"23 Avenue NW / Gateway Boulevard NW ramp","highway":"trunk","ref":"","link":1},"geometry":{"type":"LineString","coordinates":[[-113.49196,53.45431],[-113.49191,53.45916],[-113.49203,53.45938]]}},{"type":"Feature","properties":{"name":"23 Avenue NW / Parsons Road NW ramp","highway":"secondary","ref":"","link":1},"geometry":{"type":"MultiLineString","coordinates":[[[-113.48032,53.45318],[-113.47946,53.45282],[-113.47928,53.45261],[-113.47925,53.45226]],[[-113.47686,53.45257],[-113.47869,53.45308],[-113.47895,53.45332],[-113.47903,53.4537]],[[-113.47924,53.45378],[-113.47932,53.45349],[-113.4796,53.45333],[-113.48086,53.45347]],[[-113.47686,53.45257],[-113.47905,53.45296],[-113.47899,53.45287]],[[-113.47923,53.45395],[-113.47908,53.45301],[-113.47899,53.45305]],[[-113.48065,53.45325],[-113.47914,53.45301],[-113.47922,53.45311]],[[-113.47903,53.45177],[-113.47908,53.45301],[-113.47905,53.45296],[-113.47922,53.45292]],[[-113.47902,53.4522],[-113.47869,53.45261],[-113.47849,53.45268],[-113.47818,53.45267]]]}},{"type":"Feature","properties":{"name":"23 Avenue NW / Rabbit Hill Road NW ramp","highway":"secondary","ref":"","link":1},"geometry":{"type":"MultiLineString","coordinates":[[[-113.56668,53.45398],[-113.56581,53.45382],[-113.56566,53.45362]],[[-113.56446,53.45415],[-113.56517,53.45428],[-113.56542,53.45443]],[[-113.56741,53.45398],[-113.56552,53.45409],[-113.56542,53.45415]],[[-113.56542,53.4536],[-113.56507,53.45384],[-113.56453,53.45398]],[[-113.56309,53.45415],[-113.56372,53.45408],[-113.56538,53.45408],[-113.56566,53.45398]]]}},{"type":"Feature","properties":{"name":"23 Avenue NW / Terwillegar Drive NW ramp","highway":"primary","ref":"","link":1},"geometry":{"type":"MultiLineString","coordinates":[[[-113.58862,53.45654],[-113.58816,53.45701],[-113.58776,53.45705]],[[-113.5876,53.4572],[-113.58822,53.45763],[-113.58832,53.45783]]]}},{"type":"Feature","properties":{"name":"23 Avenue NW ramp","highway":"secondary","ref":"","link":1},"geometry":{"type":"MultiLineString","coordinates":[[[-113.50982,53.45401],[-113.51102,53.45394],[-113.51123,53.45383]],[[-113.51482,53.45383],[-113.51329,53.45393],[-113.51314,53.45401]],[[-113.50691,53.45402],[-113.5088,53.45391],[-113.50911,53.45383]],[[-113.50352,53.45383],[-113.50168,53.45393],[-113.50149,53.45402]],[[-113.49933,53.45402],[-113.50123,53.45392],[-113.50149,53.45383]],[[-113.52355,53.45401],[-113.52538,53.45391],[-113.52554,53.45384]],[[-113.52766,53.45382],[-113.52721,53.45389],[-113.52588,53.45392],[-113.52555,53.45402]],[[-113.49502,53.45424],[-113.49553,53.45432],[-113.4957,53.45461],[-113.49616,53.4541]],[[-113.48101,53.4535],[-113.48274,53.4537],[-113.48294,53.45362]],[[-113.44682,53.45346],[-113.4478,53.45352],[-113.44816,53.45389],[-113.44853,53.45343],[-113.44937,53.45324]],[[-113.44919,53.45307],[-113.4485,53.45294],[-113.4482,53.45271],[-113.44778,53.4531],[-113.4471,53.45325]],[[-113.40988,53.45533],[-113.40928,53.45513],[-113.40915,53.45477],[-113.40892,53.45508],[-113.40829,53.45525]],[[-113.40813,53.45541],[-113.40877,53.45557],[-113.40898,53.45571],[-113.40905,53.456],[-113.40926,53.45568],[-113.40988,53.45551]],[[-113.40688,53.45531],[-113.40888,53.45536],[-113.40909,53.45531]],[[-113.41126,53.45537],[-113.40934,53.45541],[-113.40907,53.45549]],[[-113.51092,53.45383],[-113.50911,53.45393],[-113.50889,53.45401]],[[-113.52472,53.45402],[-113.52521,53.45408],[-113.52555,53.45424]],[[-113.4838,53.45389],[-113.48578,53.45391],[-113.48614,53.45381]],[[-113.42942,53.45353],[-113.42786,53.45377],[-113.42777,53.45386]],[[-113.42579,53.45411],[-113.42762,53.45376],[-113.42771,53.45368]],[[-113.4258,53.45393],[-113.42445,53.4542],[-113.42431,53.45431]],[[-113.42278,53.4545],[-113.42416,53.45422],[-113.42429,53.45412]],[[-113.44602,53.45352],[-113.448,53.45326],[-113.44819,53.45316]],[[-113.45013,53.45296],[-113.44834,53.45325],[-113.44818,53.45335]],[[-113.47504,53.45209],[-113.47324,53.45199],[-113.47291,53.45205]],[[-113.57542,53.45414],[-113.57365,53.4541],[-113.5735,53.45418]],[[-113.57148,53.45416],[-113.57179,53.45409],[-113.57365,53.45402]],[[-113.36451,53.45423],[-113.36314,53.45474],[-113.36293,53.45492]],[[-113.36711,53.45391],[-113.3659,53.45404],[-113.3657,53.45414]]]}},{"type":"Feature","properties":{"name":"25 Avenue SW","highway":"secondary","ref":""},"geometry":{"type":"MultiLineString","coordinates":[[[-113.4834,53.41004],[-113.47613,53.4103],[-113.46927,53.41032],[-113.47175,53.41043],[-113.47524,53.41043],[-113.48338,53.41018]],[[-113.46927,53.41032],[-113.45976,53.41034],[-113.46261,53.41032]],[[-113.45242,53.41037],[-113.45976,53.41034]],[[-113.45242,53.41037],[-113.44627,53.41046],[-113.44051,53.41045],[-113.4381,53.41024],[-113.43391,53.40948]]]}},{"type":"Feature","properties":{"name":"25 Avenue SW / 66 Street SW ramp","highway":"secondary","ref":"","link":1},"geometry":{"type":"LineString","coordinates":[[-113.44155,53.41047],[-113.44243,53.41063],[-113.44262,53.4108]]}},{"type":"Feature","properties":{"name":"25 Avenue SW / 91 Street SW ramp","highway":"secondary","ref":"","link":1},"geometry":{"type":"LineString","coordinates":[[-113.48245,53.41021],[-113.48299,53.41045],[-113.48308,53.41077]]}},{"type":"Feature","properties":{"name":"259 Avenue NE","highway":"primary","ref":"37"},"geometry":{"type":"LineString","coordinates":[[-113.3443,53.716],[-113.29508,53.71583]]}},{"type":"Feature","properties":{"name":"259 Avenue NW","highway":"primary","ref":"37"},"geometry":{"type":"LineString","coordinates":[[-113.43017,53.71606],[-113.3443,53.716]]}},{"type":"Feature","properties":{"name":"28 Avenue SW","highway":"secondary","ref":""},"geometry":{"type":"MultiLineString","coordinates":[[[-113.62374,53.41034],[-113.63608,53.41033]],[[-113.60362,53.41109],[-113.60296,53.41064],[-113.60213,53.41033],[-113.60419,53.41146]],[[-113.55336,53.41052],[-113.55415,53.41036]],[[-113.55859,53.41035],[-113.56106,53.41036]],[[-113.55521,53.41036],[-113.55859,53.41035],[-113.55415,53.41036],[-113.55339,53.41025]],[[-113.58475,53.41032],[-113.56106,53.41036],[-113.56249,53.41046],[-113.56548,53.41049],[-113.5716,53.41048],[-113.57436,53.41035]],[[-113.60213,53.41033],[-113.60082,53.41]]]}},{"type":"Feature","properties":{"name":"28 Avenue SW ramp","highway":"secondary","ref":"","link":1},"geometry":{"type":"MultiLineString","coordinates":[[[-113.57243,53.41034],[-113.5705,53.41048]],[[-113.55664,53.41004],[-113.55629,53.41033]]]}},{"type":"Feature","properties":{"name":"30 Avenue SW","highway":"secondary","ref":""},"geometry":{"type":"MultiLineString","coordinates":[[[-113.53402,53.40339],[-113.53493,53.40361],[-113.53596,53.40402],[-113.54036,53.40633],[-113.5399,53.406],[-113.53671,53.40426],[-113.53577,53.40381],[-113.53488,53.40355],[-113.53311,53.40323],[-113.53194,53.40315],[-113.52767,53.40314],[-113.52506,53.40335],[-113.5235,53.40374],[-113.52245,53.40419],[-113.51869,53.40632],[-113.50851,53.41129],[-113.50612,53.412],[-113.50464,53.41223],[-113.50332,53.4123]],[[-113.54036,53.40633],[-113.54092,53.40664]],[[-113.51722,53.40703],[-113.50782,53.41155]]]}},{"type":"Feature","properties":{"name":"30 Avenue SW / James Mowatt Trail SW ramp","highway":"secondary","ref":"","link":1},"geometry":{"type":"MultiLineString","coordinates":[[[-113.53832,53.40398],[-113.53739,53.40476]],[[-113.53626,53.40549],[-113.53729,53.4047],[-113.5373,53.4046]]]}},{"type":"Feature","properties":{"name":"33 Street NE","highway":"secondary","ref":""},"geometry":{"type":"MultiLineString","coordinates":[[[-113.29522,53.57064],[-113.29522,53.57154]],[[-113.29547,53.57154],[-113.29549,53.57064]]]}},{"type":"Feature","properties":{"name":"33 Street NE / Yellowhead Highway ramp","highway":"motorway","ref":"","link":1},"geometry":{"type":"MultiLineString","coordinates":[[[-113.29549,53.57215],[-113.29571,53.57165],[-113.29614,53.57153],[-113.29398,53.57147]],[[-113.29614,53.57153],[-113.29729,53.57136],[-113.29865,53.5708],[-113.30013,53.57049],[-113.3041,53.57032]],[[-113.28775,53.57032],[-113.28817,53.57039],[-113.29057,53.57053],[-113.29143,53.5707],[-113.29324,53.57129],[-113.29492,53.57168],[-113.29522,53.57181]]]}},{"type":"Feature","properties":{"name":"34 Avenue NW","highway":"secondary","ref":""},"geometry":{"type":"MultiLineString","coordinates":[[[-113.53891,53.46745],[-113.53349,53.46741],[-113.53134,53.46731],[-113.52882,53.46707],[-113.52017,53.46595],[-113.51904,53.46584],[-113.51658,53.46582],[-113.51448,53.46589],[-113.51318,53.46601],[-113.51125,53.46636],[-113.5077,53.4672],[-113.50577,53.46752],[-113.50395,53.4677],[-113.50209,53.46775],[-113.48333,53.46762],[-113.48154,53.46749],[-113.47991,53.46724],[-113.47858,53.46693],[-113.47523,53.46587],[-113.47423,53.46562],[-113.4726,53.46536],[-113.47137,53.46526],[-113.46034,53.46522],[-113.45659,53.46508],[-113.45168,53.46479],[-113.44817,53.46476],[-113.43406,53.4654],[-113.4276,53.46531],[-113.42235,53.46514],[-113.40653,53.46398],[-113.39382,53.46345]],[[-113.39383,53.46356],[-113.40675,53.46411],[-113.42317,53.46533],[-113.42773,53.46549],[-113.43139,53.46558],[-113.43435,53.46556],[-113.44617,53.465],[-113.44869,53.46495],[-113.45204,53.465],[-113.46034,53.4654],[-113.47129,53.46543],[-113.47319,53.46561],[-113.47497,53.46596],[-113.47804,53.4669],[-113.47958,53.46729],[-113.4815,53.4676],[-113.48331,53.46773],[-113.49991,53.46787],[-113.50395,53.46781],[-113.50667,53.46751],[-113.50776,53.46732],[-113.51132,53.46648],[-113.51342,53.46614],[-113.51505,53.466],[-113.52017,53.46595]]]}},{"type":"Feature","properties":{"name":"34 Avenue NW / 34 Street NW ramp","highway":"secondary","ref":"","link":1},"geometry":{"type":"LineString","coordinates":[[-113.39272,53.46353],[-113.39401,53.46345]]}},{"type":"Feature","properties":{"name":"34 Avenue NW / 50 Street NW ramp","highway":"primary","ref":"","link":1},"geometry":{"type":"MultiLineString","coordinates":[[[-113.41933,53.46502],[-113.41977,53.46515],[-113.41998,53.46555]],[[-113.42135,53.46507],[-113.42081,53.46482],[-113.42074,53.4645]],[[-113.42046,53.46443],[-113.42006,53.46484],[-113.4194,53.46492]],[[-113.42059,53.46391],[-113.42041,53.465],[-113.4205,53.46512]],[[-113.41973,53.46644],[-113.42049,53.4654],[-113.42071,53.46526],[-113.42129,53.46518]],[[-113.41994,53.46612],[-113.42033,53.4651],[-113.42026,53.46499]]]}},{"type":"Feature","properties":{"name":"34 Avenue NW / 66 Street NW ramp","highway":"secondary","ref":"","link":1},"geometry":{"type":"MultiLineString","coordinates":[[[-113.43652,53.46612],[-113.43649,53.46581],[-113.43661,53.46559],[-113.43682,53.46548]],[[-113.4357,53.46484],[-113.43565,53.46521],[-113.43543,53.46535]],[[-113.43703,53.46528],[-113.43639,53.46523],[-113.43602,53.4651]],[[-113.43809,53.46523],[-113.43617,53.46544],[-113.43601,53.46551]],[[-113.43435,53.46556],[-113.43596,53.46541],[-113.43612,53.46533]]]}},{"type":"Feature","properties":{"name":"34 Avenue NW / 91 Street NW ramp","highway":"secondary","ref":"","link":1},"geometry":{"type":"MultiLineString","coordinates":[[[-113.46637,53.4633],[-113.46658,53.46514],[-113.46675,53.46534],[-113.46901,53.46524]],[[-113.46686,53.46706],[-113.46663,53.46548],[-113.46644,53.4653],[-113.46422,53.4654],[-113.46558,53.46546],[-113.46593,53.46555],[-113.4662,53.46573],[-113.46636,53.46608]],[[-113.46637,53.46444],[-113.466,53.46504],[-113.46578,53.46515],[-113.46517,53.46523]],[[-113.46685,53.4661],[-113.46703,53.46563],[-113.46762,53.46541]],[[-113.46752,53.46523],[-113.46723,53.46515],[-113.46699,53.46497],[-113.46686,53.46449]],[[-113.46644,53.4653],[-113.46636,53.46523]],[[-113.46675,53.46534],[-113.46637,53.46541]],[[-113.46675,53.46534],[-113.46686,53.46541]],[[-113.46644,53.4653],[-113.46685,53.46523]]]}},{"type":"Feature","properties":{"name":"34 Avenue NW / 99 Street NW ramp","highway":"secondary","ref":"","link":1},"geometry":{"type":"MultiLineString","coordinates":[[[-113.48501,53.46775],[-113.4858,53.46791],[-113.48598,53.46802]],[[-113.48617,53.46826],[-113.48642,53.46787],[-113.48661,53.46777]]]}},{"type":"Feature","properties":{"name":"34 Avenue NW / Calgary Trail NW ramp","highway":"trunk","ref":"","link":1},"geometry":{"type":"MultiLineString","coordinates":[[[-113.49693,53.46772],[-113.49608,53.46759],[-113.49563,53.46728]],[[-113.49563,53.46847],[-113.49599,53.46799],[-113.49651,53.46785]]]}},{"type":"Feature","properties":{"name":"34 Avenue NW / Gateway Boulevard NW ramp","highway":"trunk","ref":"","link":1},"geometry":{"type":"LineString","coordinates":[[-113.49117,53.4678],[-113.4917,53.46792],[-113.49207,53.46817]]}},{"type":"Feature","properties":{"name":"34 Avenue NW / Parsons Road NW ramp","highway":"secondary","ref":"","link":1},"geometry":{"type":"MultiLineString","coordinates":[[[-113.48695,53.46764],[-113.48643,53.4675],[-113.48617,53.46727]],[[-113.48599,53.46702],[-113.48576,53.46748],[-113.48517,53.46764]]]}},{"type":"Feature","properties":{"name":"34 Avenue NW ramp","highway":"secondary","ref":"","link":1},"geometry":{"type":"MultiLineString","coordinates":[[[-113.47894,53.46715],[-113.47939,53.46735],[-113.47959,53.46764],[-113.4798,53.46747],[-113.48035,53.46743]],[[-113.47959,53.46688],[-113.47941,53.46701],[-113.47908,53.46706]],[[-113.44952,53.46495],[-113.45017,53.46505],[-113.45057,53.46543]],[[-113.4527,53.46484],[-113.45069,53.46488],[-113.45056,53.46496]],[[-113.45153,53.46479],[-113.45086,53.46466],[-113.45066,53.46443],[-113.45059,53.46409],[-113.45025,53.46463],[-113.44979,53.46477]],[[-113.44877,53.46495],[-113.45042,53.46485],[-113.45057,53.46477]],[[-113.45055,53.46577],[-113.45086,53.46516],[-113.45132,53.46498]],[[-113.50408,53.46731],[-113.50387,53.46759],[-113.50348,53.46772]],[[-113.50498,53.46761],[-113.50447,53.46749],[-113.50427,53.46732]],[[-113.42564,53.46544],[-113.42751,53.46539],[-113.42773,53.46531]],[[-113.42972,53.46536],[-113.42786,53.4654],[-113.42773,53.46549]]]}},{"type":"Feature","properties":{"name":"34 Street","highway":"secondary","ref":""},"geometry":{"type":"LineString","coordinates":[[-113.39389,53.51634],[-113.39397,53.53413],[-113.39388,53.54124]]}},{"type":"Feature","properties":{"name":"34 Street / 34 Street NW ramp","highway":"motorway","ref":"","link":1},"geometry":{"type":"MultiLineString","coordinates":[[[-113.40047,53.51671],[-113.39741,53.51662],[-113.39452,53.51635],[-113.39412,53.51623],[-113.3939,53.51591]],[[-113.39452,53.51635],[-113.3935,53.51636],[-113.39079,53.51684],[-113.3891,53.51703]]]}},{"type":"Feature","properties":{"name":"34 Street / Sherwood Park Freeway ramp","highway":"motorway","ref":"","link":1},"geometry":{"type":"MultiLineString","coordinates":[[[-113.38712,53.51738],[-113.39022,53.51743],[-113.39316,53.51771],[-113.39365,53.51784],[-113.3939,53.51811]],[[-113.39316,53.51771],[-113.39427,53.51771],[-113.39692,53.51725],[-113.39877,53.51703]]]}},{"type":"Feature","properties":{"name":"34 Street NW","highway":"secondary","ref":""},"geometry":{"type":"MultiLineString","coordinates":[[[-113.39395,53.44993],[-113.39376,53.45259],[-113.39382,53.4643],[-113.39352,53.47687],[-113.39359,53.48554],[-113.39396,53.49682],[-113.39383,53.49933],[-113.39389,53.51634]],[[-113.39394,53.44899],[-113.39393,53.44573]],[[-113.39396,53.49682],[-113.39406,53.49667],[-113.39409,53.49551],[-113.39398,53.49032],[-113.39407,53.48833],[-113.39379,53.48322],[-113.39375,53.47877],[-113.39374,53.47344],[-113.39402,53.46449],[-113.39398,53.45063],[-113.39385,53.44772],[-113.39394,53.43893],[-113.39428,53.43593]]]}},{"type":"Feature","properties":{"name":"34 Street NW / 38 Avenue NW ramp","highway":"secondary","ref":"","link":1},"geometry":{"type":"MultiLineString","coordinates":[[[-113.39276,53.47299],[-113.39364,53.4729],[-113.39377,53.47282]],[[-113.39276,53.47299],[-113.39335,53.47313],[-113.39356,53.47342]],[[-113.39469,53.47283],[-113.39356,53.47299]]]}},{"type":"Feature","properties":{"name":"34 Street NW / Roper Road NW ramp","highway":"secondary","ref":"","link":1},"geometry":{"type":"MultiLineString","coordinates":[[[-113.39521,53.4954],[-113.39441,53.49529],[-113.39407,53.49508]],[[-113.39408,53.49617],[-113.39423,53.49572],[-113.39463,53.49551]]]}},{"type":"Feature","properties":{"name":"34 Street NW / Whitemud Drive NW ramp","highway":"motorway","ref":"","link":1},"geometry":{"type":"MultiLineString","coordinates":[[[-113.39407,53.48833],[-113.39437,53.48798],[-113.39551,53.48783],[-113.39385,53.48776],[-113.39282,53.48759],[-113.39333,53.48777],[-113.39371,53.48807]],[[-113.38664,53.48588],[-113.38854,53.48649],[-113.39282,53.48759]],[[-113.39551,53.48783],[-113.40002,53.48767]],[[-113.39585,53.48697],[-113.39424,53.48658],[-113.394,53.48626],[-113.39387,53.48544]],[[-113.4018,53.4876],[-113.39744,53.48721],[-113.39406,53.48671],[-113.3899,53.48635],[-113.38676,53.48577]],[[-113.39364,53.48683],[-113.39382,53.48753],[-113.39401,53.48777]],[[-113.39399,53.48755],[-113.39382,53.48685],[-113.39363,53.48667]]]}},{"type":"Feature","properties":{"name":"34 Street NW ramp","highway":"motorway","ref":"","link":1},"geometry":{"type":"LineString","coordinates":[[-113.3936,53.486],[-113.39334,53.48637],[-113.39312,53.48646],[-113.39175,53.4865]]}},{"type":"Feature","properties":{"name":"34 Street NW ramp","highway":"secondary","ref":"","link":1},"geometry":{"type":"MultiLineString","coordinates":[[[-113.39379,53.48322],[-113.39357,53.48306],[-113.39324,53.48307],[-113.39357,53.48329]],[[-113.39374,53.47344],[-113.39405,53.47309],[-113.39453,53.47299]],[[-113.39276,53.4955],[-113.39342,53.49557],[-113.39389,53.49577]],[[-113.39389,53.49477],[-113.39368,53.49522],[-113.39323,53.49539]]]}},{"type":"Feature","properties":{"name":"34 Street SW","highway":"secondary","ref":""},"geometry":{"type":"LineString","coordinates":[[-113.39428,53.43593],[-113.39416,53.43403],[-113.39368,53.43282],[-113.39358,53.43218],[-113.39357,53.42488],[-113.39362,53.42908],[-113.39373,53.43021],[-113.39358,53.43218]]}},{"type":"Feature","properties":{"name":"34 Street SW / Ellerslie Road SW ramp","highway":"secondary","ref":"","link":1},"geometry":{"type":"LineString","coordinates":[[-113.39267,53.42487],[-113.39357,53.42522],[-113.39454,53.42488]]}},{"type":"Feature","properties":{"name":"34 Street ramp","highway":"secondary","ref":"","link":1},"geometry":{"type":"LineString","coordinates":[[-113.39389,53.5189],[-113.39363,53.51926],[-113.39309,53.51938],[-113.39368,53.51951],[-113.3939,53.51976]]}},{"type":"Feature","properties":{"name":"38 Avenue NW","highway":"secondary","ref":""},"geometry":{"type":"MultiLineString","coordinates":[[[-113.39377,53.47282],[-113.39064,53.4729],[-113.38847,53.47316],[-113.38681,53.47348],[-113.38496,53.47406],[-113.37992,53.47623],[-113.37863,53.47662],[-113.37737,53.47686],[-113.37524,53.47707],[-113.36852,53.47702]],[[-113.36853,53.4772],[-113.3753,53.47719],[-113.3775,53.47696],[-113.37971,53.47642],[-113.38477,53.47427],[-113.38675,53.47362],[-113.3883,53.47329],[-113.3902,53.47305],[-113.39376,53.47299]]]}},{"type":"Feature","properties":{"name":"40 Avenue NW","highway":"secondary","ref":""},"geometry":{"type":"MultiLineString","coordinates":[[[-113.58224,53.47814],[-113.58071,53.47773],[-113.57783,53.47716],[-113.57575,53.47653]],[[-113.57454,53.47628],[-113.57614,53.47676],[-113.57681,53.47689]]]}},{"type":"Feature","properties":{"name":"40 Avenue NW / Riverbend Road NW ramp","highway":"secondary","ref":"","link":1},"geometry":{"type":"LineString","coordinates":[[-113.58259,53.4777],[-113.58202,53.47787],[-113.58142,53.4779],[-113.58166,53.47815],[-113.58164,53.47842]]}},{"type":"Feature","properties":{"name":"41 Avenue SW","highway":"secondary","ref":""},"geometry":{"type":"MultiLineString","coordinates":[[[-113.63931,53.39569],[-113.59659,53.39576],[-113.58877,53.39588],[-113.52813,53.39598]],[[-113.49169,53.39595],[-113.49954,53.39597],[-113.50727,53.3963],[-113.51369,53.39634],[-113.51652,53.3963],[-113.52374,53.39598],[-113.52813,53.39598],[-113.52398,53.39586],[-113.51589,53.39621],[-113.51016,53.39624],[-113.50734,53.3962],[-113.49824,53.39575],[-113.4917,53.3957]],[[-113.46729,53.39586],[-113.41812,53.3959]]]}},{"type":"Feature","properties":{"name":"41 Avenue SW / Calgary Trail SW ramp","highway":"motorway","ref":"","link":1},"geometry":{"type":"MultiLineString","coordinates":[[[-113.50826,53.40279],[-113.50878,53.40222],[-113.51002,53.4004],[-113.51035,53.40001],[-113.51121,53.39932],[-113.51216,53.39879],[-113.51468,53.3979],[-113.51529,53.39745],[-113.51573,53.39687],[-113.51613,53.39658],[-113.51666,53.39642],[-113.51863,53.39622]],[[-113.51509,53.39759],[-113.51525,53.39737],[-113.51531,53.39683],[-113.51514,53.39622]]]}},{"type":"Feature","properties":{"name":"41 Avenue SW / Ewing Trail SW ramp","highway":"secondary","ref":"","link":1},"geometry":{"type":"MultiLineString","coordinates":[[[-113.49205,53.39718],[-113.49214,53.39648],[-113.49235,53.39608],[-113.49265,53.39597],[-113.49314,53.39595]],[[-113.49205,53.39718],[-113.49183,53.39587],[-113.49433,53.39571]],[[-113.49167,53.39398],[-113.49206,53.39595]],[[-113.49183,53.39587],[-113.4917,53.3957]],[[-113.49183,53.39587],[-113.49169,53.39595]]]}},{"type":"Feature","properties":{"name":"41 Avenue SW / Gateway Boulevard SW ramp","highway":"motorway","ref":"","link":1},"geometry":{"type":"MultiLineString","coordinates":[[[-113.5106,53.39624],[-113.50959,53.39609],[-113.50913,53.39588],[-113.50894,53.3957],[-113.50887,53.39542],[-113.50898,53.39517],[-113.50914,53.39502],[-113.50965,53.39483],[-113.51025,53.39483],[-113.51086,53.39509],[-113.51105,53.39535],[-113.51098,53.39582],[-113.51046,53.39645],[-113.50825,53.3984],[-113.50795,53.39878]],[[-113.50206,53.39607],[-113.50498,53.39633],[-113.50587,53.39653],[-113.50668,53.39691],[-113.50705,53.39722],[-113.50734,53.39762],[-113.50745,53.39806],[-113.50738,53.39851],[-113.50712,53.39894],[-113.50408,53.40186],[-113.50262,53.40344],[-113.50178,53.40464]]]}},{"type":"Feature","properties":{"name":"41 Avenue SW / Heritage Valley Trail SW ramp","highway":"secondary","ref":"","link":1},"geometry":{"type":"LineString","coordinates":[[-113.56554,53.39691],[-113.56573,53.39607],[-113.56602,53.39596],[-113.56669,53.39588]]}},{"type":"Feature","properties":{"name":"41 Avenue SW / James Mowatt Trail SW ramp","highway":"secondary","ref":"","link":1},"geometry":{"type":"MultiLineString","coordinates":[[[-113.5397,53.39595],[-113.54019,53.39601],[-113.5404,53.3961],[-113.54058,53.39636],[-113.54067,53.39675]],[[-113.54098,53.39678],[-113.54084,53.39595]]]}},{"type":"Feature","properties":{"name":"41 Avenue SW / Queen Elizabeth II Highway ramp","highway":"motorway","ref":"","link":1},"geometry":{"type":"MultiLineString","coordinates":[[[-113.51651,53.39618],[-113.51545,53.39612],[-113.5149,53.396],[-113.51435,53.39565],[-113.51417,53.3953],[-113.51445,53.39202],[-113.51538,53.38838]],[[-113.50864,53.39526],[-113.50886,53.39632]],[[-113.51429,53.38903],[-113.51401,53.38958],[-113.51339,53.39157],[-113.51305,53.3922],[-113.51253,53.3928],[-113.51148,53.39355],[-113.50903,53.39471],[-113.50873,53.39505],[-113.50847,53.39575],[-113.50827,53.39599],[-113.50791,53.39613],[-113.50734,53.3962]]]}},{"type":"Feature","properties":{"name":"41 Avenue SW ramp","highway":"motorway","ref":"","link":1},"geometry":{"type":"LineString","coordinates":[[-113.51233,53.39633],[-113.51405,53.3965],[-113.51452,53.39662],[-113.51493,53.39691],[-113.515,53.39712],[-113.51478,53.39759],[-113.51449,53.39773],[-113.51375,53.39782],[-113.51316,53.39764],[-113.51282,53.39725],[-113.51289,53.39683],[-113.51368,53.39569],[-113.51397,53.39506],[-113.51445,53.39202]]}},{"type":"Feature","properties":{"name":"41 Avenue SW ramp","highway":"secondary","ref":"","link":1},"geometry":{"type":"MultiLineString","coordinates":[[[-113.55334,53.39632],[-113.5535,53.39603],[-113.55372,53.3959]],[[-113.55234,53.39591],[-113.55295,53.396],[-113.55314,53.39616]],[[-113.52727,53.39601],[-113.52788,53.39611],[-113.52814,53.39622]]]}},{"type":"Feature","properties":{"name":"5 Street","highway":"secondary","ref":""},"geometry":{"type":"LineString","coordinates":[[-113.53137,53.33796],[-113.53132,53.33326]]}},{"type":"Feature","properties":{"name":"50 Avenue","highway":"secondary","ref":""},"geometry":{"type":"LineString","coordinates":[[-113.39081,53.3524],[-113.43976,53.35242]]}},{"type":"Feature","properties":{"name":"50 Street","highway":"secondary","ref":""},"geometry":{"type":"MultiLineString","coordinates":[[[-113.41532,53.35579],[-113.41534,53.33785]],[[-113.41532,53.35579],[-113.41528,53.36122],[-113.41545,53.36431],[-113.41592,53.36549],[-113.41791,53.36873],[-113.41838,53.37038],[-113.41846,53.38127]],[[-113.41528,53.36122],[-113.4152,53.36135],[-113.41519,53.36393],[-113.41538,53.36473],[-113.41574,53.36554],[-113.41744,53.36832],[-113.41793,53.36976],[-113.41807,53.38127]],[[-113.41533,53.35089],[-113.41527,53.35146],[-113.41536,53.35178]]]}},{"type":"Feature","properties":{"name":"50 Street / Township Road 510 ramp","highway":"secondary","ref":"","link":1},"geometry":{"type":"MultiLineString","coordinates":[[[-113.41696,53.36716],[-113.41706,53.36697],[-113.41736,53.36689]],[[-113.41643,53.36663],[-113.41622,53.36689]]]}},{"type":"Feature","properties":{"name":"50 Street NW","highway":"primary","ref":""},"geometry":{"type":"MultiLineString","coordinates":[[[-113.41473,53.60047],[-113.41399,53.59941],[-113.41355,53.59833],[-113.41349,53.59713],[-113.41361,53.59647]],[[-113.41791,53.43503],[-113.41796,53.43674],[-113.41828,53.43931],[-113.4185,53.44245],[-113.41914,53.44505],[-113.41933,53.44643],[-113.41916,53.45006],[-113.41924,53.45169],[-113.42045,53.4568],[-113.42076,53.45945],[-113.42067,53.46345],[-113.42018,53.46517],[-113.4195,53.46631],[-113.41906,53.46681],[-113.41714,53.46846],[-113.41633,53.46931],[-113.41559,53.47052],[-113.41526,53.47188],[-113.4153,53.47288],[-113.41563,53.47424],[-113.41617,53.47535],[-113.41752,53.47758],[-113.41795,53.47896],[-113.41805,53.48778]],[[-113.4182,53.58197],[-113.41821,53.58337]],[[-113.41575,53.60162],[-113.41744,53.60286]],[[-113.41834,53.48776],[-113.41829,53.47915],[-113.41786,53.47763],[-113.41636,53.47513],[-113.41585,53.47395],[-113.41562,53.47299],[-113.41559,53.47165],[-113.41595,53.47043],[-113.41654,53.46946],[-113.4173,53.46864],[-113.41945,53.46677],[-113.42036,53.46546],[-113.42093,53.46369],[-113.42107,53.45945],[-113.42083,53.45724],[-113.41951,53.45146],[-113.41945,53.45006],[-113.41965,53.44758],[-113.41963,53.44645],[-113.41876,53.44212],[-113.41858,53.44],[-113.41819,53.4376],[-113.41808,53.43503]],[[-113.41765,53.60268],[-113.41583,53.60145]],[[-113.41342,53.59641],[-113.4133,53.5976],[-113.41342,53.59848],[-113.41379,53.59942],[-113.41459,53.60055]],[[-113.41818,53.58957],[-113.41821,53.58949]],[[-113.41843,53.58555],[-113.41843,53.58508]],[[-113.41844,53.5834],[-113.41846,53.58197]],[[-113.41821,53.58874],[-113.41778,53.59002]],[[-113.41823,53.58459],[-113.41824,53.58555]]]}},{"type":"Feature","properties":{"name":"50 Street NW","highway":"secondary","ref":""},"geometry":{"type":"MultiLineString","coordinates":[[[-113.41805,53.48778],[-113.41814,53.50677],[-113.41856,53.52686],[-113.41843,53.55142]],[[-113.41744,53.60286],[-113.41825,53.60355],[-113.41853,53.60428],[-113.41844,53.60473],[-113.41723,53.60768],[-113.41704,53.60878],[-113.41708,53.60948],[-113.41786,53.61194],[-113.41809,53.61332],[-113.41807,53.61734],[-113.41824,53.61681],[-113.41831,53.61578],[-113.41828,53.61331],[-113.41805,53.61193],[-113.41728,53.60951],[-113.41724,53.60878],[-113.41764,53.60701],[-113.41865,53.6047],[-113.4188,53.60407],[-113.41849,53.60342],[-113.41765,53.60268]],[[-113.41846,53.58197],[-113.41848,53.58086],[-113.41839,53.58066]],[[-113.4187,53.55143],[-113.41877,53.52667],[-113.41831,53.50227],[-113.41834,53.48776]],[[-113.41743,53.61894],[-113.41633,53.62023],[-113.41339,53.62252],[-113.41267,53.62323],[-113.41409,53.62199]],[[-113.41412,53.63245],[-113.41296,53.63148]],[[-113.41841,53.56726],[-113.4184,53.57996],[-113.4182,53.58197]],[[-113.41267,53.62323],[-113.41203,53.62422],[-113.41173,53.6252],[-113.41192,53.62927],[-113.41209,53.63003],[-113.41253,53.63094],[-113.41309,53.6317],[-113.41401,53.63249]],[[-113.41743,53.61894],[-113.41781,53.61824],[-113.41807,53.61734]]]}},{"type":"Feature","properties":{"name":"50 Street NW","highway":"primary","ref":"15"},"geometry":{"type":"MultiLineString","coordinates":[[[-113.41583,53.60145],[-113.41473,53.60047]],[[-113.41361,53.59647],[-113.41417,53.59491],[-113.41509,53.59362],[-113.41746,53.59088],[-113.41818,53.58957]],[[-113.41459,53.60055],[-113.41575,53.60162]],[[-113.41824,53.58555],[-113.41821,53.58874]],[[-113.41778,53.59002],[-113.41738,53.59066],[-113.41444,53.5942],[-113.41399,53.59487],[-113.41342,53.59641]],[[-113.41843,53.58508],[-113.41844,53.5834]],[[-113.41821,53.58949],[-113.41841,53.58866],[-113.41843,53.58555]],[[-113.41821,53.58337],[-113.41823,53.58459]]]}},{"type":"Feature","properties":{"name":"50 Street NW / 90 Avenue NW ramp","highway":"secondary","ref":"","link":1},"geometry":{"type":"MultiLineString","coordinates":[[[-113.4187,53.52228],[-113.41888,53.52202],[-113.41924,53.52202]],[[-113.41975,53.52196],[-113.41847,53.52176]],[[-113.41921,53.52176],[-113.41889,53.52156],[-113.41871,53.52127]]]}},{"type":"Feature","properties":{"name":"50 Street NW / 92 Avenue NW ramp","highway":"secondary","ref":"","link":1},"geometry":{"type":"LineString","coordinates":[[-113.41855,53.52629],[-113.41837,53.52663],[-113.41803,53.52675]]}},{"type":"Feature","properties":{"name":"50 Street NW / 98 Avenue NW ramp","highway":"secondary","ref":"","link":1},"geometry":{"type":"MultiLineString","coordinates":[[[-113.42009,53.53774],[-113.41944,53.53726],[-113.41901,53.53679],[-113.4187,53.53561]],[[-113.4187,53.53829],[-113.41884,53.53795],[-113.41905,53.53781],[-113.41984,53.53783]],[[-113.41848,53.53656],[-113.41861,53.53741],[-113.41957,53.53752]],[[-113.4187,53.53829],[-113.41851,53.53742],[-113.41846,53.53756]],[[-113.41861,53.53741],[-113.41869,53.53749]],[[-113.41861,53.53741],[-113.41846,53.53737]]]}},{"type":"Feature","properties":{"name":"50 Street NW / Anthony Henday Drive NW ramp","highway":"motorway","ref":"","link":1},"geometry":{"type":"MultiLineString","coordinates":[[[-113.40409,53.43574],[-113.41,53.43589],[-113.41075,53.43592],[-113.41184,53.43609],[-113.41309,53.43648],[-113.41553,53.4378],[-113.41617,53.43793],[-113.41743,53.43791],[-113.41775,53.43797],[-113.41803,53.43819],[-113.4182,53.43865]],[[-113.41858,53.44],[-113.41855,53.43816],[-113.41864,53.43771],[-113.41917,53.43697],[-113.42008,53.43639],[-113.42065,53.43615],[-113.4219,53.43596],[-113.42682,53.43587],[-113.42799,53.43579]],[[-113.41796,53.43674],[-113.41766,53.43735],[-113.41724,53.4376],[-113.41673,53.43773],[-113.41604,53.43771],[-113.41559,53.43758],[-113.41524,53.43737],[-113.41502,53.43703],[-113.41505,53.43669],[-113.41527,53.43641],[-113.41559,53.43619],[-113.41627,53.43599],[-113.41782,53.43586],[-113.42333,53.43578]],[[-113.41673,53.43793],[-113.41819,53.4376]]]}},{"type":"Feature","properties":{"name":"50 Street NW / Manning Drive NW ramp","highway":"primary","ref":"","link":1},"geometry":{"type":"MultiLineString","coordinates":[[[-113.41575,53.60162],[-113.416,53.60202],[-113.4158,53.60244]],[[-113.41709,53.60133],[-113.41645,53.60156],[-113.41583,53.60145]],[[-113.41681,53.60339],[-113.41745,53.60316],[-113.41802,53.60331]],[[-113.41819,53.6031],[-113.41795,53.60272],[-113.41812,53.60228]]]}},{"type":"Feature","properties":{"name":"50 Street NW / Roper Road NW ramp","highway":"secondary","ref":"","link":1},"geometry":{"type":"MultiLineString","coordinates":[[[-113.41915,53.49544],[-113.41851,53.49526],[-113.41829,53.49497]],[[-113.4183,53.49611],[-113.41856,53.49573],[-113.41901,53.49558]],[[-113.4172,53.49558],[-113.41784,53.49576],[-113.41811,53.49609]],[[-113.4181,53.49483],[-113.41778,53.49526],[-113.41716,53.49544]]]}},{"type":"Feature","properties":{"name":"50 Street NW / Sherwood Park Freeway NW ramp","highway":"motorway","ref":"","link":1},"geometry":{"type":"MultiLineString","coordinates":[[[-113.42055,53.5138],[-113.41798,53.51394],[-113.41711,53.5141],[-113.41803,53.51375],[-113.4183,53.51343]],[[-113.41711,53.5141],[-113.41401,53.51494]],[[-113.4246,53.51463],[-113.42155,53.51391],[-113.42055,53.5138],[-113.41891,53.51375],[-113.41854,53.51356]],[[-113.41318,53.51526],[-113.41354,53.51527],[-113.41647,53.51494],[-113.41918,53.51476],[-113.42122,53.51446],[-113.42224,53.51447],[-113.42404,53.51474]],[[-113.41738,53.51487],[-113.41833,53.51513]]]}},{"type":"Feature","properties":{"name":"50 Street NW / Whitemud Drive NW ramp","highway":"motorway","ref":"","link":1},"geometry":{"type":"MultiLineString","coordinates":[[[-113.42748,53.48644],[-113.42333,53.48668],[-113.42153,53.4867],[-113.41892,53.48659],[-113.41851,53.4865],[-113.41834,53.48629]],[[-113.41835,53.48841],[-113.41862,53.48791],[-113.41892,53.48778],[-113.41968,53.48764],[-113.41805,53.48778],[-113.41693,53.4878],[-113.41771,53.48794],[-113.41804,53.48827]],[[-113.41804,53.48624],[-113.4177,53.48657],[-113.41642,53.48685],[-113.41368,53.48725],[-113.41165,53.48743],[-113.41124,53.48753]],[[-113.41127,53.48766],[-113.41174,53.48774],[-113.41693,53.4878]],[[-113.41968,53.48764],[-113.42536,53.48677]],[[-113.41964,53.48666],[-113.41804,53.48669],[-113.41642,53.48685]]]}},{"type":"Feature","properties":{"name":"50 Street NW / Yellowhead Trail NW ramp","highway":"motorway","ref":"","link":1},"geometry":{"type":"MultiLineString","coordinates":[[[-113.41109,53.58205],[-113.41425,53.58252],[-113.41731,53.58287],[-113.41771,53.58295],[-113.41804,53.58312],[-113.41821,53.58337]],[[-113.41821,53.5815],[-113.41798,53.58184],[-113.41774,53.58197],[-113.42011,53.582],[-113.41884,53.58187],[-113.41847,53.5817]],[[-113.42489,53.58202],[-113.42191,53.58208],[-113.42011,53.582]],[[-113.4176,53.58288],[-113.4182,53.58289]],[[-113.41731,53.58287],[-113.41793,53.58283],[-113.41844,53.5827]],[[-113.41774,53.58197],[-113.41426,53.58199],[-113.41161,53.58183]]]}},{"type":"Feature","properties":{"name":"50 Street NW / Yellowhead Trail NW ramp","highway":"primary","ref":"","link":1},"geometry":{"type":"LineString","coordinates":[[-113.4182,53.58289],[-113.41844,53.58289]]}},{"type":"Feature","properties":{"name":"50 Street NW ramp","highway":"motorway","ref":"","link":1},"geometry":{"type":"LineString","coordinates":[[-113.41857,53.51525],[-113.41888,53.51497],[-113.4199,53.51466]]}},{"type":"Feature","properties":{"name":"50 Street NW ramp","highway":"primary","ref":"","link":1},"geometry":{"type":"MultiLineString","coordinates":[[[-113.41844,53.5834],[-113.41861,53.58309],[-113.41905,53.58288]],[[-113.41927,53.58555],[-113.4187,53.58538],[-113.41843,53.58508]],[[-113.41963,53.44645],[-113.41989,53.44593],[-113.42062,53.44575],[-113.42008,53.44573],[-113.41972,53.44561],[-113.41941,53.44506]],[[-113.41919,53.44539],[-113.41897,53.4457],[-113.41858,53.4459],[-113.41908,53.44606],[-113.41933,53.44643]],[[-113.41834,53.48511],[-113.41822,53.48485],[-113.41804,53.48481]],[[-113.41749,53.48195],[-113.41788,53.48205],[-113.41803,53.48228]],[[-113.41818,53.5889],[-113.41776,53.58934],[-113.41723,53.58942]],[[-113.41586,53.47064],[-113.41617,53.47034],[-113.41652,53.47022],[-113.41679,53.47022],[-113.41641,53.46991],[-113.41654,53.46946]],[[-113.4161,53.46962],[-113.41567,53.46994],[-113.41528,53.47005]],[[-113.41481,53.47001],[-113.41538,53.47019],[-113.41559,53.47052]],[[-113.42219,53.45928],[-113.42125,53.45915],[-113.42104,53.45887]],[[-113.42108,53.46007],[-113.42132,53.45949],[-113.42174,53.45939]],[[-113.41697,53.5895],[-113.41761,53.58968],[-113.41778,53.59002]],[[-113.42104,53.46057],[-113.4209,53.45938],[-113.42076,53.45927]],[[-113.41905,53.44351],[-113.41866,53.44258],[-113.4185,53.44245]],[[-113.4184,53.44156],[-113.41868,53.44238],[-113.41881,53.44245]],[[-113.41967,53.447],[-113.41943,53.44597],[-113.41926,53.44585]],[[-113.41914,53.44505],[-113.41942,53.44575],[-113.41956,53.44583]],[[-113.42066,53.45802],[-113.42094,53.45927],[-113.42107,53.45939]],[[-113.42017,53.45569],[-113.42057,53.45661],[-113.42074,53.45678]],[[-113.41659,53.469],[-113.41604,53.46996],[-113.4161,53.47013]],[[-113.41572,53.471],[-113.4157,53.47073],[-113.41589,53.4702],[-113.4158,53.4701]]]}},{"type":"Feature","properties":{"name":"50 Street NW ramp","highway":"secondary","ref":"","link":1},"geometry":{"type":"MultiLineString","coordinates":[[[-113.41871,53.54998],[-113.41898,53.54981],[-113.41934,53.54987]],[[-113.4175,53.51249],[-113.41801,53.51264],[-113.41829,53.51292]],[[-113.41853,53.51302],[-113.41873,53.5127],[-113.41922,53.51249]],[[-113.41916,53.51249],[-113.41872,53.51237],[-113.41851,53.51217]],[[-113.41827,53.51195],[-113.41804,53.51233],[-113.41769,53.51249]],[[-113.41746,53.60754],[-113.41783,53.60707],[-113.41829,53.60696]],[[-113.41871,53.53427],[-113.41888,53.53402],[-113.41908,53.53393]],[[-113.41828,53.49062],[-113.41818,53.48965],[-113.41806,53.48954]],[[-113.41805,53.4886],[-113.41819,53.48942],[-113.41831,53.48954]],[[-113.41807,53.60335],[-113.41856,53.60376],[-113.41873,53.60381]],[[-113.41864,53.60472],[-113.41864,53.60414],[-113.41856,53.60389],[-113.4184,53.60381]]]}},{"type":"Feature","properties":{"name":"50 Street SW","highway":"primary","ref":""},"geometry":{"type":"MultiLineString","coordinates":[[[-113.41808,53.43503],[-113.41804,53.43316]],[[-113.41783,53.43316],[-113.41791,53.43503]]]}},{"type":"Feature","properties":{"name":"50 Street SW","highway":"secondary","ref":""},"geometry":{"type":"MultiLineString","coordinates":[[[-113.41807,53.38127],[-113.41812,53.3948]],[[-113.41804,53.43316],[-113.41818,53.42985],[-113.4182,53.42491],[-113.41812,53.3948],[-113.4185,53.39066],[-113.41846,53.38127]],[[-113.41818,53.4117],[-113.41784,53.41365],[-113.41783,53.43316]]]}},{"type":"Feature","properties":{"name":"50 Street SW","highway":"secondary","ref":"","link":1},"geometry":{"type":"LineString","coordinates":[[-113.41798,53.4128],[-113.41805,53.41399]]}},{"type":"Feature","properties":{"name":"50 Street SW / Anthony Henday Drive NW ramp","highway":"motorway","ref":"","link":1},"geometry":{"type":"MultiLineString","coordinates":[[[-113.42213,53.43543],[-113.41651,53.43523],[-113.41595,53.43514],[-113.41536,53.43491],[-113.41496,53.43447],[-113.41494,53.43407],[-113.41517,53.43373],[-113.41565,53.43346],[-113.41627,53.43333],[-113.4171,53.43335],[-113.41751,53.43343],[-113.41772,53.43361],[-113.41786,53.434]],[[-113.41781,53.43191],[-113.41763,53.4328],[-113.41743,53.43301],[-113.41697,53.43311],[-113.41614,53.43313],[-113.41559,53.43326],[-113.41511,53.4335],[-113.41397,53.43434],[-113.41252,53.43498],[-113.41168,53.43517],[-113.41068,53.43529],[-113.40606,53.43535],[-113.4056,53.4354]],[[-113.41804,53.43316],[-113.41614,53.43313]],[[-113.4166,53.43331],[-113.41805,53.4333]]]}},{"type":"Feature","properties":{"name":"50 Street SW / Ellerslie Road SW ramp","highway":"secondary","ref":"","link":1},"geometry":{"type":"MultiLineString","coordinates":[[[-113.41671,53.42491],[-113.41753,53.42503],[-113.41778,53.42515]],[[-113.41778,53.4239],[-113.41754,53.42458],[-113.41719,53.42469]],[[-113.41923,53.4247],[-113.41857,53.42459],[-113.41818,53.42441]],[[-113.41604,53.4249],[-113.41787,53.42475],[-113.41819,53.42638]],[[-113.41787,53.42475],[-113.41778,53.4247]],[[-113.41779,53.42322],[-113.41796,53.42372],[-113.41805,53.42474],[-113.41818,53.42469]],[[-113.41787,53.42475],[-113.41805,53.42474],[-113.4182,53.42491]]]}},{"type":"Feature","properties":{"name":"50 Street SW ramp","highway":"secondary","ref":"","link":1},"geometry":{"type":"MultiLineString","coordinates":[[[-113.41817,53.43009],[-113.418,53.42961],[-113.41792,53.4287],[-113.41777,53.42857]],[[-113.41777,53.42703],[-113.41795,53.42763],[-113.41803,53.42857],[-113.41818,53.4287]],[[-113.41783,53.42001],[-113.41807,53.42116],[-113.41819,53.42126]]]}},{"type":"Feature","properties":{"name":"51 Avenue NW","highway":"secondary","ref":""},"geometry":{"type":"MultiLineString","coordinates":[[[-113.45444,53.48815],[-113.469,53.48819],[-113.47149,53.48812]],[[-113.48188,53.48815],[-113.4821,53.4882],[-113.50425,53.48831],[-113.54122,53.48836]],[[-113.54123,53.48825],[-113.52403,53.48822],[-113.51732,53.48815],[-113.50283,53.48819],[-113.49183,53.48805],[-113.48175,53.48815],[-113.45421,53.48803]]]}},{"type":"Feature","properties":{"name":"51 Avenue NW / 91 Street NW ramp","highway":"secondary","ref":"","link":1},"geometry":{"type":"MultiLineString","coordinates":[[[-113.46865,53.48808],[-113.46761,53.48794],[-113.46735,53.48776]],[[-113.46735,53.48892],[-113.46751,53.48842],[-113.46779,53.48819]],[[-113.46703,53.48748],[-113.46683,53.48792],[-113.46664,53.48807]],[[-113.46594,53.48818],[-113.4667,53.4883],[-113.46703,53.48863]],[[-113.46699,53.48678],[-113.46736,53.48819]],[[-113.46735,53.48926],[-113.46719,53.48826],[-113.46704,53.48807]]]}},{"type":"Feature","properties":{"name":"51 Avenue NW / 99 Street NW ramp","highway":"secondary","ref":"","link":1},"geometry":{"type":"MultiLineString","coordinates":[[[-113.48533,53.4882],[-113.48572,53.48828],[-113.48609,53.48865],[-113.48637,53.48835],[-113.48682,53.4882]],[[-113.48672,53.48808],[-113.48632,53.48795],[-113.48621,53.48776]],[[-113.48601,53.48772],[-113.4858,53.48797],[-113.48546,53.48808]]]}},{"type":"Feature","properties":{"name":"51 Avenue NW / Calgary Trail NW ramp","highway":"secondary","ref":"","link":1},"geometry":{"type":"MultiLineString","coordinates":[[[-113.49486,53.48865],[-113.49512,53.48833],[-113.49553,53.48825]],[[-113.49599,53.4881],[-113.49515,53.48792],[-113.49485,53.48766]]]}},{"type":"Feature","properties":{"name":"51 Avenue NW / Gateway Boulevard NW ramp","highway":"secondary","ref":"","link":1},"geometry":{"type":"MultiLineString","coordinates":[[[-113.49126,53.48822],[-113.49175,53.48828],[-113.49194,53.48849]],[[-113.49126,53.48822],[-113.49162,53.48805]]]}},{"type":"Feature","properties":{"name":"51 Avenue NW ramp","highway":"secondary","ref":"","link":1},"geometry":{"type":"MultiLineString","coordinates":[[[-113.4546,53.48868],[-113.45473,53.48829],[-113.45496,53.48814]],[[-113.45516,53.48803],[-113.4545,53.48786],[-113.45425,53.48756]],[[-113.47865,53.48815],[-113.47915,53.48831],[-113.4794,53.48859],[-113.47964,53.48831],[-113.48008,53.48815]],[[-113.50439,53.48796],[-113.50423,53.48812],[-113.50399,53.48819]]]}},{"type":"Feature","properties":{"name":"57 Street NW","highway":"secondary","ref":""},"geometry":{"type":"MultiLineString","coordinates":[[[-113.42311,53.5407],[-113.42352,53.54121]],[[-113.42402,53.54119],[-113.42352,53.54104],[-113.42323,53.54068]]]}},{"type":"Feature","properties":{"name":"61 Avenue NW","highway":"secondary","ref":""},"geometry":{"type":"MultiLineString","coordinates":[[[-113.49764,53.49798],[-113.49933,53.49799]],[[-113.52209,53.49837],[-113.52145,53.4982],[-113.52079,53.49815],[-113.50442,53.49813],[-113.50153,53.49796],[-113.49933,53.49799],[-113.50255,53.49821],[-113.5206,53.49827],[-113.52143,53.49833],[-113.52191,53.49851]]]}},{"type":"Feature","properties":{"name":"61 Avenue NW / Allendale Road NW ramp","highway":"secondary","ref":"","link":1},"geometry":{"type":"LineString","coordinates":[[-113.50071,53.49812],[-113.50094,53.49826],[-113.501,53.49842],[-113.50071,53.49874]]}},{"type":"Feature","properties":{"name":"62 Avenue NW","highway":"secondary","ref":""},"geometry":{"type":"MultiLineString","coordinates":[[[-113.66567,53.49368],[-113.66431,53.49369],[-113.66078,53.49407]],[[-113.66585,53.49385],[-113.66789,53.49394],[-113.66999,53.49422],[-113.67276,53.49477],[-113.67494,53.49539]],[[-113.67846,53.49665],[-113.67986,53.49709],[-113.68197,53.4975],[-113.68346,53.49768],[-113.68596,53.49774]],[[-113.68907,53.49775],[-113.68596,53.49774],[-113.68406,53.49766],[-113.6814,53.49733],[-113.67846,53.49665],[-113.67376,53.49495],[-113.67284,53.49468],[-113.66888,53.49392],[-113.66732,53.49374],[-113.66586,53.49369]],[[-113.65613,53.49468],[-113.66439,53.49385],[-113.66566,53.49384]]]}},{"type":"Feature","properties":{"name":"62 Avenue NW","highway":"secondary","ref":"","link":1},"geometry":{"type":"MultiLineString","coordinates":[[[-113.66586,53.49369],[-113.66567,53.49368]],[[-113.66566,53.49384],[-113.66585,53.49385]]]}},{"type":"Feature","properties":{"name":"62 Avenue NW / Anthony Henday Drive NW ramp","highway":"motorway","ref":"","link":1},"geometry":{"type":"MultiLineString","coordinates":[[[-113.65916,53.48948],[-113.65884,53.49119],[-113.6585,53.49177],[-113.65803,53.4922],[-113.65642,53.49302],[-113.65597,53.4934],[-113.65586,53.49385],[-113.65613,53.49468]],[[-113.66115,53.49458],[-113.66115,53.49434],[-113.66134,53.49415]],[[-113.65632,53.49466],[-113.65623,53.49388],[-113.65636,53.49338],[-113.65655,53.49323],[-113.65711,53.49303],[-113.65751,53.49302],[-113.65809,53.49315],[-113.65853,53.49339],[-113.65881,53.49376],[-113.65911,53.49638]],[[-113.65962,53.50104],[-113.66,53.49897],[-113.66133,53.49701],[-113.66168,53.49599],[-113.66155,53.49526],[-113.66059,53.49372],[-113.66101,53.4939],[-113.66168,53.49397]],[[-113.66059,53.49372],[-113.65991,53.49249],[-113.65981,53.4905],[-113.65968,53.48996]],[[-113.65591,53.49411],[-113.65575,53.49449],[-113.65528,53.49466]],[[-113.65805,53.49436],[-113.65699,53.4943],[-113.65672,53.49418],[-113.65636,53.49389],[-113.65625,53.49354]]]}},{"type":"Feature","properties":{"name":"62 Avenue NW / Winterburn Road NW ramp","highway":"secondary","ref":"","link":1},"geometry":{"type":"LineString","coordinates":[[-113.68802,53.49775],[-113.68869,53.49787],[-113.68889,53.49803]]}},{"type":"Feature","properties":{"name":"63 Avenue NW","highway":"secondary","ref":""},"geometry":{"type":"MultiLineString","coordinates":[[[-113.45964,53.50004],[-113.4604,53.49997],[-113.47039,53.49992],[-113.49765,53.49993]],[[-113.49765,53.49982],[-113.4657,53.49982],[-113.46012,53.49986],[-113.4596,53.49993]]]}},{"type":"Feature","properties":{"name":"63 Avenue NW / 91 Street NW ramp","highway":"secondary","ref":"","link":1},"geometry":{"type":"MultiLineString","coordinates":[[[-113.46815,53.49985],[-113.4676,53.49968],[-113.46738,53.49938]],[[-113.46708,53.49927],[-113.46677,53.49975],[-113.46658,53.49982]]]}},{"type":"Feature","properties":{"name":"63 Avenue NW / 99 Street NW ramp","highway":"secondary","ref":"","link":1},"geometry":{"type":"MultiLineString","coordinates":[[[-113.48614,53.49939],[-113.48579,53.49969],[-113.4853,53.49982]],[[-113.48522,53.49993],[-113.48586,53.50014],[-113.48615,53.50039]],[[-113.48634,53.50055],[-113.48656,53.5001],[-113.48701,53.49993]],[[-113.48733,53.49981],[-113.48653,53.49967],[-113.48633,53.49946]]]}},{"type":"Feature","properties":{"name":"63 Avenue NW / Gateway Boulevard NW ramp","highway":"secondary","ref":"","link":1},"geometry":{"type":"LineString","coordinates":[[-113.49336,53.49931],[-113.49339,53.49967],[-113.49295,53.49982]]}},{"type":"Feature","properties":{"name":"66 Street NW","highway":"primary","ref":""},"geometry":{"type":"MultiLineString","coordinates":[[[-113.44254,53.48456],[-113.44254,53.48548]],[[-113.44287,53.48547],[-113.44288,53.48455]]]}},{"type":"Feature","properties":{"name":"66 Street NW","highway":"secondary","ref":""},"geometry":{"type":"MultiLineString","coordinates":[[[-113.44298,53.57686],[-113.44301,53.57039]],[[-113.43148,53.65569],[-113.43101,53.65643],[-113.43095,53.65781]],[[-113.44285,53.62808],[-113.44267,53.62852]],[[-113.44283,53.63026],[-113.44312,53.62891]],[[-113.44285,53.63159],[-113.44282,53.63089]],[[-113.44288,53.48455],[-113.44285,53.48087],[-113.44264,53.47941],[-113.44203,53.47851],[-113.44018,53.47693],[-113.4396,53.47608],[-113.43938,53.47539],[-113.43928,53.47356],[-113.4389,53.47159],[-113.43496,53.46275],[-113.4346,53.46151],[-113.43438,53.45975],[-113.43496,53.45251],[-113.43548,53.44965],[-113.43684,53.44592],[-113.43919,53.44217],[-113.43974,53.44105],[-113.44157,53.43521]],[[-113.4428,53.62091],[-113.44296,53.62041],[-113.44296,53.6049],[-113.44308,53.59978],[-113.44308,53.59174],[-113.44294,53.58984],[-113.44291,53.58519],[-113.44298,53.57686],[-113.44309,53.5789],[-113.44298,53.58021]],[[-113.44277,53.63835],[-113.44262,53.63985],[-113.44222,53.64102],[-113.43689,53.64941],[-113.4356,53.65118],[-113.43148,53.65569],[-113.43562,53.65148],[-113.43743,53.64895],[-113.44224,53.64145],[-113.44265,53.64065],[-113.44294,53.63938],[-113.44277,53.63835],[-113.44283,53.63026],[-113.4428,53.62936],[-113.44259,53.6289]],[[-113.44294,53.58984],[-113.44274,53.6039],[-113.44274,53.61453],[-113.44285,53.62804],[-113.44309,53.62855]],[[-113.43515,53.45113],[-113.43469,53.45237],[-113.43455,53.45365],[-113.43422,53.45807],[-113.43423,53.46015],[-113.43435,53.46123],[-113.43502,53.46335],[-113.43863,53.47136],[-113.43902,53.47294],[-113.43917,53.47508],[-113.43934,53.47594],[-113.43984,53.47679],[-113.44183,53.47856],[-113.44248,53.47952],[-113.44265,53.48014],[-113.44268,53.48133],[-113.44254,53.48456]]]}},{"type":"Feature","properties":{"name":"66 Street NW / Anthony Henday Drive NW ramp","highway":"motorway","ref":"","link":1},"geometry":{"type":"MultiLineString","coordinates":[[[-113.44177,53.64185],[-113.44078,53.64294],[-113.44006,53.64347],[-113.43909,53.64386],[-113.43674,53.64459],[-113.43556,53.64485],[-113.43404,53.64494],[-113.43295,53.64483],[-113.42864,53.6438],[-113.42808,53.64372]],[[-113.44431,53.64643],[-113.44212,53.64606],[-113.44133,53.64567],[-113.44082,53.64514],[-113.44067,53.64477],[-113.4407,53.64429],[-113.44157,53.64249]],[[-113.43337,53.64583],[-113.43607,53.64674],[-113.43658,53.64701],[-113.43695,53.64734],[-113.43731,53.64802],[-113.43725,53.64849],[-113.43689,53.64941]],[[-113.43562,53.65148],[-113.43674,53.65047],[-113.43752,53.64992],[-113.44125,53.64803],[-113.4421,53.64768],[-113.44304,53.64744],[-113.44406,53.64733],[-113.44889,53.64724],[-113.44906,53.64719]],[[-113.44019,53.64463],[-113.43835,53.64425],[-113.4375,53.64435]],[[-113.45278,53.64671],[-113.44431,53.64643],[-113.44115,53.64621],[-113.43874,53.64592],[-113.43781,53.64574],[-113.43739,53.6455],[-113.43721,53.64523],[-113.43723,53.64503],[-113.43761,53.64464],[-113.43824,53.64448],[-113.43874,53.64454],[-113.43915,53.64472],[-113.43939,53.64504],[-113.43928,53.64572]],[[-113.42872,53.6444],[-113.43337,53.64583],[-113.43597,53.64639],[-113.43969,53.64699],[-113.44024,53.64713],[-113.44064,53.64742],[-113.44074,53.64787],[-113.44039,53.64817],[-113.43969,53.64833],[-113.43895,53.64815],[-113.43866,53.64788],[-113.43859,53.64766],[-113.43878,53.64708],[-113.43954,53.64564]]]}},{"type":"Feature","properties":{"name":"66 Street NW / Fort Road NW ramp","highway":"primary","ref":"","link":1},"geometry":{"type":"MultiLineString","coordinates":[[[-113.44358,53.58466],[-113.44322,53.58462],[-113.44294,53.58445]],[[-113.44171,53.58573],[-113.44294,53.58495]],[[-113.44429,53.58442],[-113.44309,53.58501],[-113.44291,53.58519]]]}},{"type":"Feature","properties":{"name":"66 Street NW / Whitemud Drive NW ramp","highway":"motorway","ref":"","link":1},"geometry":{"type":"MultiLineString","coordinates":[[[-113.44948,53.48503],[-113.44547,53.48478],[-113.44324,53.48447],[-113.44288,53.48428]],[[-113.44397,53.48459],[-113.4427,53.48455],[-113.44132,53.48467],[-113.43538,53.48564]]]}},{"type":"Feature","properties":{"name":"66 Street NW / Yellowhead Trail NW ramp","highway":"trunk","ref":"","link":1},"geometry":{"type":"MultiLineString","coordinates":[[[-113.442,53.57837],[-113.44278,53.57848],[-113.44293,53.57878]],[[-113.44293,53.57778],[-113.44264,53.5781],[-113.44212,53.57823]],[[-113.44309,53.5789],[-113.44334,53.57852],[-113.44392,53.57839]],[[-113.44394,53.57823],[-113.44332,53.57811],[-113.44308,53.57781]]]}},{"type":"Feature","properties":{"name":"66 Street NW ramp","highway":"motorway","ref":"","link":1},"geometry":{"type":"LineString","coordinates":[[-113.43784,53.64791],[-113.43787,53.64822],[-113.43916,53.64849],[-113.43995,53.64853],[-113.44065,53.64833]]}},{"type":"Feature","properties":{"name":"66 Street NW ramp","highway":"secondary","ref":"","link":1},"geometry":{"type":"MultiLineString","coordinates":[[[-113.43935,53.47485],[-113.43963,53.47449],[-113.43982,53.47439]],[[-113.44035,53.47424],[-113.43958,53.47413],[-113.43931,53.474]],[[-113.44275,53.60444],[-113.44258,53.6047],[-113.44224,53.60479]],[[-113.44296,53.60524],[-113.44315,53.605],[-113.44336,53.60491]],[[-113.43446,53.45888],[-113.43468,53.45855],[-113.43506,53.45841]],[[-113.43428,53.45704],[-113.43432,53.45834],[-113.43447,53.45842]],[[-113.4364,53.447],[-113.43685,53.44643],[-113.4376,53.44627],[-113.43705,53.44602],[-113.43707,53.44551]],[[-113.43442,53.45923],[-113.43434,53.45844],[-113.43423,53.45834]],[[-113.4391,53.47382],[-113.43885,53.47428]],[[-113.43447,53.46171],[-113.43419,53.46218]],[[-113.44224,53.64145],[-113.44262,53.64033],[-113.44254,53.64021]],[[-113.44272,53.63914],[-113.44283,53.63946],[-113.44276,53.64036]]]}},{"type":"Feature","properties":{"name":"66 Street SW","highway":"secondary","ref":""},"geometry":{"type":"MultiLineString","coordinates":[[[-113.44157,53.43521],[-113.4426,53.43142],[-113.4426,53.4146]],[[-113.4426,53.41214],[-113.4426,53.41007],[-113.44283,53.40878],[-113.44271,53.39587]],[[-113.4428,53.41449],[-113.44274,53.41282],[-113.4426,53.41214],[-113.4426,53.41449]],[[-113.44264,53.42847],[-113.44284,53.42299],[-113.4428,53.4146]],[[-113.44277,53.40838],[-113.44261,53.40995]]]}},{"type":"Feature","properties":{"name":"66 Street SW / Ellerslie Road SW ramp","highway":"secondary","ref":"","link":1},"geometry":{"type":"MultiLineString","coordinates":[[[-113.44488,53.42479],[-113.44272,53.42489],[-113.4427,53.4248],[-113.44258,53.42497]],[[-113.44027,53.42495],[-113.44257,53.42484],[-113.44257,53.42475]],[[-113.44272,53.42558],[-113.44272,53.42489],[-113.44279,53.42497]],[[-113.44258,53.42385],[-113.4427,53.4248],[-113.44281,53.42475]]]}},{"type":"Feature","properties":{"name":"66 Street SW ramp","highway":"secondary","ref":"","link":1},"geometry":{"type":"MultiLineString","coordinates":[[[-113.4428,53.4146],[-113.4428,53.41449]],[[-113.4426,53.41449],[-113.4426,53.4146]]]}},{"type":"Feature","properties":{"name":"69 Avenue NW","highway":"secondary","ref":""},"geometry":{"type":"MultiLineString","coordinates":[[[-113.64851,53.5031],[-113.64405,53.50309],[-113.6397,53.50287],[-113.63384,53.50283],[-113.63205,53.5029],[-113.62928,53.50314],[-113.62731,53.50343],[-113.62342,53.50413],[-113.62073,53.50446],[-113.61954,53.50456],[-113.61535,53.50461]],[[-113.61535,53.50471],[-113.61786,53.50471],[-113.62098,53.50454],[-113.62346,53.50423],[-113.62818,53.50341],[-113.63182,53.50303],[-113.63386,53.50294],[-113.63731,53.50296],[-113.64136,53.50304],[-113.64398,53.5032],[-113.64852,53.50323]]]}},{"type":"Feature","properties":{"name":"73 Avenue SW","highway":"secondary","ref":""},"geometry":{"type":"MultiLineString","coordinates":[[[-113.39345,53.36683],[-113.39113,53.36682]],[[-113.45519,53.36691],[-113.4673,53.36689]]]}},{"type":"Feature","properties":{"name":"75 Street NW","highway":"primary","ref":""},"geometry":{"type":"MultiLineString","coordinates":[[[-113.44359,53.54121],[-113.44353,53.5396],[-113.44295,53.536]],[[-113.44254,53.48548],[-113.44271,53.49275],[-113.44263,53.50502],[-113.44284,53.51236],[-113.44295,53.53531],[-113.44286,53.53684],[-113.44331,53.53985],[-113.44334,53.5412]],[[-113.44289,53.5265],[-113.44301,53.52535],[-113.443,53.51421],[-113.44282,53.50502],[-113.44287,53.48547]]]}},{"type":"Feature","properties":{"name":"75 Street NW / 82 Avenue NW ramp","highway":"primary","ref":"","link":1},"geometry":{"type":"MultiLineString","coordinates":[[[-113.44374,53.51799],[-113.44318,53.51786],[-113.443,53.51754]],[[-113.443,53.5185],[-113.44318,53.51821],[-113.44374,53.5181]]]}},{"type":"Feature","properties":{"name":"75 Street NW / 90 Avenue NW ramp","highway":"primary","ref":"","link":1},"geometry":{"type":"MultiLineString","coordinates":[[[-113.44283,53.52446],[-113.4426,53.52491],[-113.44222,53.5251],[-113.44182,53.52519]],[[-113.44138,53.52529],[-113.44204,53.52534],[-113.44248,53.52548],[-113.44283,53.52598]],[[-113.44404,53.52518],[-113.44319,53.52505],[-113.443,53.52485]],[[-113.44299,53.5258],[-113.4433,53.52544],[-113.44386,53.52528]]]}},{"type":"Feature","properties":{"name":"75 Street NW / 98 Avenue NW ramp","highway":"primary","ref":"","link":1},"geometry":{"type":"MultiLineString","coordinates":[[[-113.44204,53.53759],[-113.44263,53.53773],[-113.44297,53.538]],[[-113.44323,53.53805],[-113.44338,53.53776],[-113.44387,53.5376]],[[-113.44286,53.53684],[-113.44272,53.53707],[-113.44233,53.53732],[-113.44174,53.53749]],[[-113.44388,53.53749],[-113.44338,53.53739],[-113.44308,53.53715]],[[-113.44287,53.53674],[-113.44303,53.53749],[-113.44315,53.5376]]]}},{"type":"Feature","properties":{"name":"75 Street NW / Argyll Road NW ramp","highway":"primary","ref":"","link":1},"geometry":{"type":"MultiLineString","coordinates":[[[-113.44341,53.50785],[-113.44303,53.50785],[-113.44289,53.50772]],[[-113.44211,53.50878],[-113.4425,53.50879],[-113.44277,53.50905]],[[-113.44293,53.50871],[-113.4433,53.50817]],[[-113.44084,53.50935],[-113.44259,53.50839],[-113.44291,53.50811]],[[-113.44456,53.5073],[-113.44291,53.50828],[-113.44274,53.50847]]]}},{"type":"Feature","properties":{"name":"75 Street NW / Roper Road NW ramp","highway":"primary","ref":"","link":1},"geometry":{"type":"MultiLineString","coordinates":[[[-113.44401,53.49218],[-113.44317,53.49224],[-113.44289,53.49196]],[[-113.4427,53.49217],[-113.44212,53.49277]],[[-113.44173,53.49305],[-113.44231,53.49316],[-113.44271,53.4937]],[[-113.44289,53.49309],[-113.44338,53.49254]]]}},{"type":"Feature","properties":{"name":"75 Street NW / Wayne Gretzky Drive NW ramp","highway":"primary","ref":"","link":1},"geometry":{"type":"LineString","coordinates":[[-113.44359,53.54174],[-113.4438,53.54141],[-113.44459,53.54123],[-113.44392,53.54109],[-113.44359,53.54072]]}},{"type":"Feature","properties":{"name":"75 Street NW / Whitemud Drive NW ramp","highway":"motorway","ref":"","link":1},"geometry":{"type":"MultiLineString","coordinates":[[[-113.43541,53.48577],[-113.44404,53.48557],[-113.44314,53.48578],[-113.44286,53.4862]],[[-113.44404,53.48557],[-113.44943,53.48517]]]}},{"type":"Feature","properties":{"name":"75 Street NW ramp","highway":"primary","ref":"","link":1},"geometry":{"type":"MultiLineString","coordinates":[[[-113.44262,53.50328],[-113.44197,53.50346],[-113.4424,53.50352],[-113.44262,53.50364]],[[-113.44285,53.50211],[-113.44274,53.50205],[-113.44262,53.50146]],[[-113.44263,53.49991],[-113.44275,53.50025],[-113.44274,53.50135],[-113.44288,53.50147]],[[-113.44269,53.48963],[-113.44287,53.48971]],[[-113.44271,53.49439],[-113.44238,53.49481],[-113.44204,53.49492]]]}},{"type":"Feature","properties":{"name":"79 Avenue","highway":"secondary","ref":"628"},"geometry":{"type":"LineString","coordinates":[[-113.71625,53.51221],[-113.71346,53.51221]]}},{"type":"Feature","properties":{"name":"82 Avenue NW","highway":"primary","ref":""},"geometry":{"type":"MultiLineString","coordinates":[[[-113.43648,53.5176],[-113.43819,53.51795],[-113.43984,53.51811],[-113.443,53.5181]],[[-113.443,53.51799],[-113.43919,53.51796],[-113.43784,53.51778],[-113.43657,53.51747]]]}},{"type":"Feature","properties":{"name":"82 Avenue NW","highway":"secondary","ref":""},"geometry":{"type":"MultiLineString","coordinates":[[[-113.52076,53.51814],[-113.52121,53.51788],[-113.52197,53.5168],[-113.52276,53.51641],[-113.52362,53.51632],[-113.52564,53.51663]],[[-113.48614,53.51801],[-113.47029,53.51798],[-113.47016,53.51803],[-113.48614,53.5181]],[[-113.52591,53.51651],[-113.52395,53.51621],[-113.52312,53.51623],[-113.52254,53.51636],[-113.52179,53.51675],[-113.52112,53.51775],[-113.52076,53.51802]],[[-113.45522,53.518],[-113.45365,53.51805],[-113.4572,53.51805],[-113.45522,53.518]],[[-113.443,53.5181],[-113.45365,53.51805]],[[-113.44648,53.51805],[-113.443,53.51799]],[[-113.47016,53.51803],[-113.4572,53.51805]]]}},{"type":"Feature","properties":{"name":"82 Avenue NW / 83 Street NW ramp","highway":"secondary","ref":"","link":1},"geometry":{"type":"MultiLineString","coordinates":[[[-113.45594,53.518],[-113.45545,53.51777],[-113.45524,53.51754]],[[-113.45497,53.51762],[-113.45467,53.51786],[-113.45433,53.518]],[[-113.45516,53.51924],[-113.45509,53.51823],[-113.45495,53.518]],[[-113.45499,53.51739],[-113.45522,53.51808]]]}},{"type":"Feature","properties":{"name":"82 Avenue NW ramp","highway":"primary","ref":"","link":1},"geometry":{"type":"LineString","coordinates":[[-113.43747,53.5177],[-113.43688,53.51737],[-113.43675,53.51716]]}},{"type":"Feature","properties":{"name":"82 Avenue NW ramp","highway":"secondary","ref":"","link":1},"geometry":{"type":"LineString","coordinates":[[-113.44648,53.51805],[-113.44648,53.51793]]}},{"type":"Feature","properties":{"name":"82 Street NW","highway":"secondary","ref":""},"geometry":{"type":"MultiLineString","coordinates":[[[-113.46737,53.55686],[-113.46725,53.58697],[-113.46742,53.58489],[-113.46732,53.5806]],[[-113.46725,53.59228],[-113.46718,53.59274],[-113.46738,53.60377],[-113.46732,53.63155],[-113.46749,53.63259],[-113.46755,53.59982],[-113.46734,53.59234],[-113.46725,53.59228],[-113.46725,53.58697]],[[-113.46638,53.63768],[-113.46567,53.63874],[-113.4655,53.63984],[-113.46577,53.64083],[-113.46663,53.64199],[-113.46619,53.64155],[-113.4659,53.64106]],[[-113.46663,53.64199],[-113.46729,53.64278],[-113.46748,53.64353],[-113.46734,53.65119],[-113.46708,53.65226],[-113.46557,53.65445],[-113.46518,53.65525],[-113.46502,53.65654],[-113.46512,53.65786]],[[-113.46718,53.64268],[-113.46744,53.6433]],[[-113.46502,53.6568],[-113.46496,53.65786]],[[-113.46748,53.63421],[-113.46729,53.63622],[-113.46683,53.63708],[-113.46638,53.63768],[-113.46695,53.63704],[-113.46743,53.63602],[-113.46754,53.63429],[-113.46749,53.63259]]]}},{"type":"Feature","properties":{"name":"82 Street NW / Yellowhead Trail NW ramp","highway":"motorway","ref":"","link":1},"geometry":{"type":"MultiLineString","coordinates":[[[-113.47258,53.58124],[-113.47183,53.58122],[-113.47117,53.58132],[-113.46871,53.58192],[-113.46775,53.58193],[-113.46739,53.5817]],[[-113.46741,53.58309],[-113.46764,53.58255],[-113.46795,53.58239],[-113.46766,53.58226],[-113.46766,53.58216],[-113.46784,53.58204],[-113.46739,53.58222],[-113.46795,53.58239],[-113.46722,53.58241],[-113.46731,53.58228],[-113.4674,53.58241]],[[-113.4672,53.5817],[-113.46707,53.58194],[-113.46672,53.58206],[-113.467,53.58209],[-113.46722,53.58221],[-113.46681,53.58241],[-113.46699,53.58222],[-113.46692,53.58211],[-113.46672,53.58206],[-113.46309,53.58215],[-113.46059,53.58231]],[[-113.46437,53.58247],[-113.46461,53.58252],[-113.46474,53.5827],[-113.46517,53.58247],[-113.46239,53.58251],[-113.4621,53.58242]],[[-113.46624,53.58243],[-113.46722,53.58241]],[[-113.46731,53.58213],[-113.46739,53.58222],[-113.46731,53.58228],[-113.46721,53.58203]],[[-113.46731,53.58213],[-113.46739,53.58203]],[[-113.46871,53.58192],[-113.46784,53.58204]],[[-113.46795,53.58239],[-113.46929,53.5822],[-113.47158,53.58162],[-113.47314,53.58138]],[[-113.46517,53.58247],[-113.46624,53.58243],[-113.46679,53.58251],[-113.46707,53.58264],[-113.46721,53.58286]],[[-113.46929,53.5822],[-113.46952,53.58228],[-113.46957,53.58247]]]}},{"type":"Feature","properties":{"name":"82 Street NW ramp","highway":"secondary","ref":"","link":1},"geometry":{"type":"MultiLineString","coordinates":[[[-113.46733,53.62364],[-113.46753,53.62364]],[[-113.46794,53.60697],[-113.46771,53.60708],[-113.46755,53.60731]],[[-113.46737,53.60642],[-113.4672,53.6067],[-113.46692,53.60686]],[[-113.4672,53.58452],[-113.4669,53.5848],[-113.46658,53.58483]],[[-113.46662,53.5849],[-113.46694,53.58494],[-113.46719,53.5851]],[[-113.46741,53.64305],[-113.46721,53.64239],[-113.46731,53.64221]]]}},{"type":"Feature","properties":{"name":"83 Street NW","highway":"secondary","ref":""},"geometry":{"type":"MultiLineString","coordinates":[[[-113.4527,53.50324],[-113.45444,53.50453],[-113.45475,53.50493],[-113.45493,53.50543],[-113.45504,53.51324],[-113.45498,53.52256],[-113.4551,53.52286],[-113.45728,53.52521]],[[-113.45739,53.52508],[-113.45527,53.52283],[-113.45517,53.52257],[-113.45528,53.51183],[-113.45518,53.50532],[-113.45501,53.50486],[-113.45459,53.50436],[-113.45285,53.50317]]]}},{"type":"Feature","properties":{"name":"83 Street NW / 85 Street NW ramp","highway":"secondary","ref":"","link":1},"geometry":{"type":"MultiLineString","coordinates":[[[-113.45761,53.52564],[-113.45768,53.52532],[-113.45785,53.52521]],[[-113.45761,53.52564],[-113.45722,53.52509]],[[-113.4588,53.5252],[-113.45743,53.52515],[-113.45728,53.52521]]]}},{"type":"Feature","properties":{"name":"83 Street NW / Argyll Road NW ramp","highway":"secondary","ref":"","link":1},"geometry":{"type":"MultiLineString","coordinates":[[[-113.45236,53.50355],[-113.45271,53.50347],[-113.45306,53.5035]],[[-113.45329,53.50345],[-113.45324,53.50322],[-113.4534,53.50303]]]}},{"type":"Feature","properties":{"name":"83 Street NW / Connors Road NW ramp","highway":"secondary","ref":"","link":1},"geometry":{"type":"LineString","coordinates":[[-113.45803,53.52508],[-113.45749,53.52496],[-113.45706,53.52467]]}},{"type":"Feature","properties":{"name":"84 Street NW","highway":"secondary","ref":""},"geometry":{"type":"MultiLineString","coordinates":[[[-113.45587,53.53789],[-113.45637,53.53836],[-113.45663,53.53788]],[[-113.45637,53.53836],[-113.45717,53.54247],[-113.45712,53.54943]]]}},{"type":"Feature","properties":{"name":"85 Street NW","highway":"secondary","ref":""},"geometry":{"type":"MultiLineString","coordinates":[[[-113.45728,53.52521],[-113.45761,53.52607],[-113.4576,53.52557],[-113.45739,53.52508]],[[-113.45663,53.53738],[-113.45611,53.53689]],[[-113.45761,53.52607],[-113.45757,53.53282],[-113.45747,53.53312],[-113.45613,53.53485],[-113.45593,53.53566],[-113.45608,53.53714],[-113.4558,53.53741]],[[-113.45757,53.53182],[-113.45771,53.53102],[-113.45764,53.52954]]]}},{"type":"Feature","properties":{"name":"87 Avenue NW","highway":"secondary","ref":""},"geometry":{"type":"MultiLineString","coordinates":[[[-113.66283,53.52324],[-113.66135,53.52311],[-113.6579,53.52252],[-113.65411,53.5215],[-113.6525,53.52127],[-113.63892,53.52158],[-113.63512,53.52156],[-113.63358,53.52148],[-113.63282,53.52133],[-113.63025,53.52119],[-113.62045,53.51974],[-113.61749,53.51952],[-113.59649,53.5194],[-113.57976,53.51941],[-113.57805,53.51934],[-113.56695,53.51936],[-113.5665,53.51942],[-113.56617,53.51955]],[[-113.54072,53.52268],[-113.54023,53.52264],[-113.53876,53.52297],[-113.54061,53.52303]],[[-113.56695,53.51936],[-113.56653,53.51933],[-113.56613,53.51916]],[[-113.57786,53.51938],[-113.57805,53.51947],[-113.57909,53.51948],[-113.59916,53.51959]],[[-113.53876,53.52297],[-113.51199,53.52289]],[[-113.61079,53.51945],[-113.61147,53.51954],[-113.6175,53.51964],[-113.6198,53.51979],[-113.62196,53.52006],[-113.62906,53.52123],[-113.63293,53.52157],[-113.63718,53.52174],[-113.6523,53.52143],[-113.65365,53.52158],[-113.65513,53.52195]]]}},{"type":"Feature","properties":{"name":"87 Avenue NW / Anthony Henday Drive NW ramp","highway":"motorway","ref":"","link":1},"geometry":{"type":"MultiLineString","coordinates":[[[-113.65952,53.52912],[-113.65967,53.52887],[-113.65984,53.52699],[-113.66015,53.52631],[-113.66066,53.52581],[-113.66239,53.52467],[-113.66293,53.52362],[-113.66322,53.52347],[-113.66372,53.52342]],[[-113.65907,53.5142],[-113.65866,53.51678],[-113.65816,53.51749],[-113.65602,53.51932],[-113.6558,53.51987],[-113.65561,53.52106],[-113.65513,53.52195]],[[-113.6617,53.52327],[-113.66219,53.52338],[-113.66251,53.52359],[-113.66258,53.52381],[-113.66236,53.52447],[-113.66207,53.52472],[-113.66155,53.52491],[-113.66095,53.52494],[-113.66048,53.52486],[-113.65999,53.52462],[-113.65971,53.52417],[-113.6596,53.52147],[-113.65947,53.52085]],[[-113.6627,53.52324],[-113.66258,53.52381]],[[-113.66269,53.52401],[-113.66283,53.52324]],[[-113.65549,53.52133],[-113.65485,53.52169]],[[-113.65537,53.52202],[-113.65605,53.52112],[-113.65671,53.52076],[-113.65721,53.52072],[-113.65777,53.52082],[-113.6582,53.52106],[-113.65842,53.5213],[-113.65863,53.5219],[-113.6587,53.52605],[-113.65887,53.52665]]]}},{"type":"Feature","properties":{"name":"87 Avenue NW / Groat Road NW ramp","highway":"secondary","ref":"","link":1},"geometry":{"type":"LineString","coordinates":[[-113.54061,53.52303],[-113.54085,53.52279]]}},{"type":"Feature","properties":{"name":"87 Avenue NW ramp","highway":"secondary","ref":"","link":1},"geometry":{"type":"MultiLineString","coordinates":[[[-113.6175,53.51964],[-113.6188,53.5196]],[[-113.59916,53.51959],[-113.59964,53.51945]]]}},{"type":"Feature","properties":{"name":"9 Street","highway":"secondary","ref":""},"geometry":{"type":"LineString","coordinates":[[-113.51306,53.3383],[-113.51289,53.33434],[-113.51289,53.3307]]}},{"type":"Feature","properties":{"name":"90 Avenue NW","highway":"secondary","ref":""},"geometry":{"type":"MultiLineString","coordinates":[[[-113.45722,53.52509],[-113.43987,53.5252],[-113.4302,53.52517],[-113.42911,53.52498],[-113.42078,53.52238],[-113.41921,53.52176],[-113.41846,53.52158]],[[-113.41847,53.52176],[-113.42904,53.52505],[-113.43015,53.52525],[-113.44273,53.52529],[-113.45728,53.52521]]]}},{"type":"Feature","properties":{"name":"91 Street NW","highway":"secondary","ref":""},"geometry":{"type":"MultiLineString","coordinates":[[[-113.46676,53.43687],[-113.46642,53.43983],[-113.46638,53.4795],[-113.46703,53.48748],[-113.46708,53.49997]],[[-113.46738,53.49997],[-113.46734,53.48627],[-113.46689,53.48011],[-113.46686,53.45192],[-113.46669,53.43972],[-113.46677,53.43793],[-113.46694,53.43688]]]}},{"type":"Feature","properties":{"name":"91 Street NW / Anthony Henday Drive NW ramp","highway":"motorway","ref":"","link":1},"geometry":{"type":"MultiLineString","coordinates":[[[-113.45627,53.43693],[-113.45711,53.43711],[-113.45962,53.43741],[-113.46106,53.43778],[-113.46197,53.43822],[-113.4638,53.43951],[-113.46448,53.43968],[-113.4656,53.43975],[-113.46602,53.43984],[-113.46624,53.4401],[-113.46644,53.44086]],[[-113.46652,53.43847],[-113.4662,53.43927],[-113.46604,53.43939],[-113.46556,53.43955],[-113.46413,53.43943],[-113.46358,53.43908],[-113.46341,53.43873],[-113.46348,53.43844],[-113.46374,53.43814],[-113.46463,53.4378],[-113.46547,53.43772],[-113.46918,53.43772],[-113.47023,53.43765]],[[-113.46519,53.43971],[-113.46669,53.43972]],[[-113.4667,53.43957],[-113.46556,53.43955]]]}},{"type":"Feature","properties":{"name":"91 Street NW / Whitemud Drive NW ramp","highway":"motorway","ref":"","link":1},"geometry":{"type":"MultiLineString","coordinates":[[[-113.46488,53.4827],[-113.46268,53.48335],[-113.45986,53.48402]],[[-113.46818,53.48212],[-113.46677,53.48232],[-113.46648,53.48093]],[[-113.47383,53.48166],[-113.47039,53.48199],[-113.46753,53.48211],[-113.46717,53.48196],[-113.46694,53.48137]],[[-113.45972,53.48418],[-113.46035,53.48417],[-113.46275,53.48389],[-113.46596,53.48376],[-113.46652,53.48387],[-113.46679,53.4842]],[[-113.46677,53.48232],[-113.46488,53.4827],[-113.46629,53.4822],[-113.46654,53.48167]],[[-113.46677,53.48232],[-113.46688,53.48338],[-113.46713,53.4835]],[[-113.46386,53.48383],[-113.46627,53.48365],[-113.46787,53.4834],[-113.4715,53.4824],[-113.47566,53.48156],[-113.47622,53.48138]],[[-113.46711,53.4833],[-113.46684,53.48235],[-113.46668,53.48237],[-113.46662,53.48247]]]}},{"type":"Feature","properties":{"name":"91 Street NW ramp","highway":"motorway","ref":"","link":1},"geometry":{"type":"LineString","coordinates":[[-113.46718,53.48414],[-113.4673,53.48378],[-113.46752,53.4836],[-113.46935,53.48299]]}},{"type":"Feature","properties":{"name":"91 Street NW ramp","highway":"secondary","ref":"","link":1},"geometry":{"type":"MultiLineString","coordinates":[[[-113.46637,53.47266],[-113.46667,53.47404],[-113.46688,53.47404]],[[-113.46545,53.47419],[-113.46638,53.47442]],[[-113.46638,53.47338],[-113.46605,53.47385],[-113.46535,53.47405]],[[-113.46762,53.47406],[-113.46706,53.47388],[-113.46687,53.47357]],[[-113.46688,53.47467],[-113.46717,53.47433],[-113.4677,53.4742]],[[-113.46481,53.47419],[-113.46648,53.4741],[-113.46638,53.47404]],[[-113.46638,53.45509],[-113.46665,53.45649],[-113.46671,53.45661],[-113.46686,53.45659]],[[-113.46635,53.45754],[-113.46662,53.45866],[-113.46686,53.45877]],[[-113.46633,53.45794],[-113.46625,53.45829],[-113.46604,53.45856],[-113.46537,53.45876]],[[-113.46686,53.45944],[-113.46711,53.45902],[-113.46801,53.45877],[-113.46719,53.45866],[-113.46686,53.45823]],[[-113.46685,53.45998],[-113.46655,53.45887],[-113.46635,53.45877]],[[-113.46707,53.49291],[-113.46722,53.49383],[-113.46736,53.49392]],[[-113.46736,53.49502],[-113.46719,53.49403],[-113.46706,53.49392]],[[-113.46687,53.46899],[-113.46706,53.46871],[-113.46742,53.46859]],[[-113.46801,53.47405],[-113.46657,53.47415],[-113.46648,53.4741],[-113.4667,53.47407],[-113.46688,53.47419]],[[-113.46687,53.47586],[-113.46664,53.47426],[-113.46657,53.47415],[-113.46638,53.4742]],[[-113.46671,53.45661],[-113.46687,53.45666]],[[-113.46671,53.45661],[-113.46644,53.45683],[-113.46634,53.45724]]]}},{"type":"Feature","properties":{"name":"91 Street SW","highway":"secondary","ref":""},"geometry":{"type":"MultiLineString","coordinates":[[[-113.46694,53.43688],[-113.46743,53.43324],[-113.46783,53.43224],[-113.46831,53.43163],[-113.46884,53.43117],[-113.47195,53.42943],[-113.47254,53.42899],[-113.47321,53.4282],[-113.47366,53.42736],[-113.47405,53.42423],[-113.4744,53.4231],[-113.476,53.42128],[-113.47642,53.42088],[-113.47659,53.42083],[-113.47873,53.41874],[-113.48067,53.41631],[-113.48169,53.41466],[-113.48243,53.41311],[-113.48313,53.41132],[-113.4834,53.41004]],[[-113.4744,53.4231],[-113.47412,53.42339],[-113.47378,53.42423],[-113.47344,53.42696],[-113.4732,53.42767],[-113.47279,53.42834],[-113.47214,53.429],[-113.47147,53.42949],[-113.46864,53.43102],[-113.46797,53.43166],[-113.46747,53.43236],[-113.46714,53.43336],[-113.46676,53.43687]],[[-113.48322,53.41005],[-113.48298,53.41154]],[[-113.47881,53.41857],[-113.47857,53.41869],[-113.4772,53.42001],[-113.47643,53.42076],[-113.47642,53.42088]]]}},{"type":"Feature","properties":{"name":"91 Street SW / Anthony Henday Drive NW ramp","highway":"motorway","ref":"","link":1},"geometry":{"type":"MultiLineString","coordinates":[[[-113.46704,53.43407],[-113.46691,53.43454],[-113.4666,53.43493],[-113.46635,53.43502],[-113.46533,53.43506],[-113.46476,53.43518],[-113.46285,53.43619],[-113.46189,53.43648],[-113.46107,53.43663],[-113.45986,53.4367],[-113.45827,53.43661],[-113.45298,53.43615],[-113.4518,53.43611]],[[-113.46718,53.43513],[-113.46573,53.43507]]]}},{"type":"Feature","properties":{"name":"91 Street SW / Ellerslie Road SW ramp","highway":"secondary","ref":"","link":1},"geometry":{"type":"MultiLineString","coordinates":[[[-113.47107,53.425],[-113.47313,53.42511],[-113.4735,53.42524],[-113.47362,53.42549]],[[-113.47107,53.425],[-113.47375,53.42493],[-113.47369,53.42487]],[[-113.47394,53.42553],[-113.47425,53.42513],[-113.47447,53.42508]],[[-113.47384,53.42635],[-113.47375,53.42493],[-113.47386,53.42491],[-113.47391,53.42418],[-113.47412,53.42339]],[[-113.47378,53.42423],[-113.4735,53.4247],[-113.47293,53.42486]],[[-113.47386,53.42491],[-113.474,53.42488]],[[-113.47386,53.42491],[-113.47398,53.42506]]]}},{"type":"Feature","properties":{"name":"91 Street SW / Parsons Road SW ramp","highway":"secondary","ref":"","link":1},"geometry":{"type":"LineString","coordinates":[[-113.478,53.42014],[-113.47778,53.41968]]}},{"type":"Feature","properties":{"name":"91 Street SW ramp","highway":"secondary","ref":"","link":1},"geometry":{"type":"MultiLineString","coordinates":[[[-113.47123,53.42963],[-113.47003,53.43037],[-113.46998,53.4305]],[[-113.46884,53.43117],[-113.46992,53.43029]],[[-113.47349,53.42662],[-113.47362,53.42746]],[[-113.47305,53.42842],[-113.47347,53.42743],[-113.47335,53.4273]]]}},{"type":"Feature","properties":{"name":"92 Avenue NW","highway":"secondary","ref":""},"geometry":{"type":"MultiLineString","coordinates":[[[-113.39396,53.52665],[-113.41877,53.52674]],[[-113.68977,53.52777],[-113.69135,53.52784],[-113.69293,53.52756],[-113.69324,53.52757],[-113.69305,53.52732],[-113.69322,53.52723],[-113.69347,53.52723],[-113.69365,53.52746],[-113.69415,53.52719],[-113.69518,53.52688],[-113.69587,53.52673],[-113.69624,53.52677],[-113.69614,53.5265],[-113.69642,53.52641],[-113.69674,53.52654],[-113.69672,53.52673],[-113.697,53.52662],[-113.69744,53.52658],[-113.70089,53.52657],[-113.70117,53.52664],[-113.70113,53.52646],[-113.7014,53.52635],[-113.70167,53.52646],[-113.70163,53.52664],[-113.70207,53.52657],[-113.70513,53.52657],[-113.70555,53.52663],[-113.70552,53.52647],[-113.70567,53.52637],[-113.70585,53.52635],[-113.70607,53.52643],[-113.70612,53.52657],[-113.70599,53.52668],[-113.70573,53.52671],[-113.70555,53.52663]],[[-113.70556,53.52642],[-113.70503,53.5265],[-113.70197,53.52651],[-113.70163,53.52642]],[[-113.70117,53.52642],[-113.70059,53.52651],[-113.69695,53.52652],[-113.69662,53.52645]],[[-113.69305,53.52732],[-113.69261,53.52752],[-113.69176,53.52767],[-113.6888,53.52777]],[[-113.70605,53.52665],[-113.70658,53.52657],[-113.70957,53.52655],[-113.70992,53.52664]],[[-113.70994,53.52641],[-113.70937,53.5265],[-113.70643,53.52651],[-113.70607,53.52643]],[[-113.69614,53.5265],[-113.69347,53.52723]],[[-113.70117,53.52664],[-113.7014,53.52671],[-113.70163,53.52664]],[[-113.69624,53.52677],[-113.69647,53.52681],[-113.69672,53.52673]],[[-113.69324,53.52757],[-113.69348,53.52757],[-113.69365,53.52746]],[[-113.71044,53.52646],[-113.71027,53.52637],[-113.71004,53.52637],[-113.70988,53.52647],[-113.70989,53.52661],[-113.71008,53.52671],[-113.71029,53.5267],[-113.71045,53.5266],[-113.71044,53.52646]],[[-113.71038,53.52666],[-113.71079,53.52656],[-113.71139,53.52658],[-113.7114,53.52653],[-113.71041,53.52643]]]}},{"type":"Feature","properties":{"name":"95 Avenue NW","highway":"secondary","ref":""},"geometry":{"type":"MultiLineString","coordinates":[[[-113.63048,53.5285],[-113.62805,53.52868],[-113.62599,53.52908],[-113.6246,53.52956],[-113.62151,53.53088],[-113.6202,53.53126],[-113.61882,53.53152],[-113.6171,53.53163],[-113.60816,53.53162],[-113.60861,53.53169],[-113.61545,53.53175],[-113.61747,53.53174],[-113.61886,53.53163],[-113.62058,53.53129],[-113.62163,53.53096],[-113.62472,53.52964],[-113.62621,53.52914],[-113.62811,53.52879],[-113.6305,53.52862]],[[-113.60816,53.53162],[-113.578,53.53154]]]}},{"type":"Feature","properties":{"name":"95 Street NW","highway":"secondary","ref":""},"geometry":{"type":"LineString","coordinates":[[-113.478,53.5438],[-113.47881,53.54528]]}},{"type":"Feature","properties":{"name":"95 Street NW / Jasper Avenue NW ramp","highway":"secondary","ref":"","link":1},"geometry":{"type":"LineString","coordinates":[[-113.47929,53.54502],[-113.47894,53.54507],[-113.47866,53.545]]}},{"type":"Feature","properties":{"name":"97 Avenue NW","highway":"secondary","ref":""},"geometry":{"type":"MultiLineString","coordinates":[[[-113.50858,53.53495],[-113.50847,53.53456],[-113.5081,53.53429],[-113.50674,53.53446],[-113.50569,53.53447],[-113.50305,53.53412],[-113.49556,53.53407],[-113.49427,53.53424],[-113.49237,53.53492],[-113.49126,53.53523]],[[-113.5081,53.53429],[-113.50916,53.5341]],[[-113.5081,53.53429],[-113.50775,53.53424],[-113.50659,53.53434],[-113.50534,53.53432],[-113.50293,53.53396],[-113.49542,53.53391],[-113.49415,53.5341],[-113.4912,53.53511]]]}},{"type":"Feature","properties":{"name":"97 Avenue NW / Rossdale Road NW ramp","highway":"secondary","ref":"","link":1},"geometry":{"type":"LineString","coordinates":[[-113.49742,53.5334],[-113.49714,53.53375],[-113.49668,53.53389]]}},{"type":"Feature","properties":{"name":"97 Street NW","highway":"primary","ref":""},"geometry":{"type":"MultiLineString","coordinates":[[[-113.49202,53.58311],[-113.49204,53.58599]],[[-113.4914,53.64487],[-113.49193,53.64099]],[[-113.49202,53.63914],[-113.49202,53.63609]],[[-113.49214,53.58141],[-113.49205,53.58204]],[[-113.49203,53.63031],[-113.49203,53.62856]],[[-113.49177,53.61759],[-113.49174,53.6321]],[[-113.49202,53.61772],[-113.49203,53.6176]],[[-113.49207,53.60317],[-113.49219,53.59911],[-113.49212,53.59603],[-113.49199,53.59582],[-113.49178,53.60318]],[[-113.49176,53.60518],[-113.4917,53.61456]],[[-113.49202,53.6259],[-113.49202,53.62087]],[[-113.49201,53.60906],[-113.49201,53.60686]],[[-113.492,53.59166],[-113.492,53.59292]],[[-113.49206,53.58884],[-113.49205,53.58908]],[[-113.49172,53.63609],[-113.49173,53.63738]],[[-113.49207,53.61558],[-113.49207,53.61361]]]}},{"type":"Feature","properties":{"name":"97 Street NW","highway":"secondary","ref":""},"geometry":{"type":"MultiLineString","coordinates":[[[-113.49194,53.56886],[-113.49186,53.55961],[-113.49194,53.55854],[-113.49166,53.55959],[-113.49167,53.56432],[-113.49176,53.56966],[-113.49195,53.57029],[-113.49206,53.57037],[-113.49194,53.56886]],[[-113.4859,53.54316],[-113.48548,53.54216]],[[-113.4859,53.54316],[-113.4919,53.5578],[-113.49194,53.55854]],[[-113.49206,53.57037],[-113.49226,53.5711],[-113.49229,53.57194],[-113.49229,53.57958],[-113.49214,53.58141]]]}},{"type":"Feature","properties":{"name":"97 Street NW","highway":"primary","ref":"28"},"geometry":{"type":"MultiLineString","coordinates":[[[-113.49205,53.58204],[-113.49202,53.58311]],[[-113.49202,53.62087],[-113.49202,53.61772]],[[-113.49193,53.64099],[-113.49202,53.63914]],[[-113.49201,53.60686],[-113.49207,53.60317]],[[-113.49174,53.6321],[-113.49172,53.63609]],[[-113.49173,53.63738],[-113.49171,53.63991],[-113.49117,53.64566],[-113.49115,53.6488]],[[-113.4913,53.64875],[-113.4914,53.64487]],[[-113.49204,53.58599],[-113.49206,53.58884]],[[-113.49202,53.63609],[-113.49203,53.63031]],[[-113.49203,53.62856],[-113.49202,53.6259]],[[-113.49207,53.61361],[-113.49201,53.60906]],[[-113.4917,53.61456],[-113.49177,53.61759]],[[-113.49203,53.6176],[-113.49207,53.61558]],[[-113.492,53.59292],[-113.49199,53.59582]],[[-113.49178,53.60318],[-113.49176,53.60518]],[[-113.49205,53.58908],[-113.492,53.59166]]]}},{"type":"Feature","properties":{"name":"97 Street NW / Anthony Henday Drive NW ramp","highway":"motorway","ref":"","link":1},"geometry":{"type":"MultiLineString","coordinates":[[[-113.47968,53.64731],[-113.48582,53.64745],[-113.48667,53.6476],[-113.48737,53.64782],[-113.48891,53.6487],[-113.48941,53.64884],[-113.49078,53.64884],[-113.4913,53.64875]],[[-113.49114,53.64783],[-113.49084,53.64831],[-113.49017,53.64856],[-113.48964,53.6486],[-113.48917,53.64852],[-113.48886,53.64837],[-113.4886,53.6481],[-113.48856,53.64783],[-113.4887,53.64761],[-113.48906,53.64739],[-113.48938,53.6473],[-113.49442,53.64717]],[[-113.49529,53.6452],[-113.49379,53.64488],[-113.49125,53.64487]],[[-113.49152,53.64178],[-113.49101,53.64404],[-113.49078,53.64455],[-113.49009,53.64533],[-113.48882,53.64605],[-113.48774,53.64637],[-113.48623,53.64657],[-113.48013,53.64665],[-113.4796,53.6467]],[[-113.50376,53.64668],[-113.5002,53.64653],[-113.49868,53.64629],[-113.49529,53.6452],[-113.49396,53.64464],[-113.49286,53.6439],[-113.49218,53.6431],[-113.49199,53.64241],[-113.49193,53.64099]],[[-113.47463,53.64718],[-113.47968,53.64731],[-113.48471,53.64757],[-113.48565,53.64768],[-113.48674,53.64798],[-113.48731,53.6482],[-113.48998,53.64966],[-113.49066,53.65037],[-113.49212,53.65265]]]}},{"type":"Feature","properties":{"name":"97 Street NW / Castle Downs Road NW ramp","highway":"primary","ref":"","link":1},"geometry":{"type":"MultiLineString","coordinates":[[[-113.49317,53.62879],[-113.49248,53.62871],[-113.49203,53.62856]],[[-113.49203,53.62974],[-113.49226,53.62912],[-113.49253,53.62899],[-113.49291,53.62894]]]}},{"type":"Feature","properties":{"name":"97 Street NW / Yellowhead Trail NW ramp","highway":"motorway","ref":"","link":1},"geometry":{"type":"MultiLineString","coordinates":[[[-113.48915,53.58175],[-113.48976,53.58174],[-113.49004,53.58166],[-113.48982,53.58188],[-113.48985,53.58211]],[[-113.49327,53.58126],[-113.49275,53.58116],[-113.4925,53.58103],[-113.49228,53.58029],[-113.49186,53.58103],[-113.49147,53.58121],[-113.48618,53.58126]],[[-113.49923,53.58138],[-113.49272,53.58126],[-113.49249,53.58134],[-113.49247,53.58149],[-113.49274,53.58163],[-113.49297,53.58163],[-113.49244,53.58173],[-113.49205,53.58204]],[[-113.48446,53.58138],[-113.48585,53.58148],[-113.49145,53.58162],[-113.49214,53.58141],[-113.49171,53.58126],[-113.49158,53.58126],[-113.49183,53.58137],[-113.49177,53.58153]],[[-113.49145,53.58162],[-113.49274,53.58163]],[[-113.49004,53.58166],[-113.4905,53.58159]],[[-113.49297,53.58163],[-113.49737,53.58165],[-113.4993,53.58152]],[[-113.49158,53.58126],[-113.49121,53.58125]],[[-113.4926,53.58127],[-113.49214,53.58141]]]}},{"type":"Feature","properties":{"name":"97 Street NW ramp","highway":"primary","ref":"","link":1},"geometry":{"type":"MultiLineString","coordinates":[[[-113.4903,53.6237],[-113.49135,53.6238],[-113.49157,53.62391],[-113.49177,53.62422]],[[-113.49126,53.6259],[-113.49177,53.62628]],[[-113.49203,53.62201],[-113.49218,53.62155],[-113.49262,53.62133]],[[-113.49253,53.6212],[-113.49217,53.62105],[-113.49202,53.62087]],[[-113.49177,53.62087],[-113.4915,53.62112],[-113.49118,53.62119]],[[-113.49068,53.62134],[-113.49202,53.6212]],[[-113.49202,53.63914],[-113.49228,53.63866],[-113.49273,53.63849]],[[-113.49267,53.63841],[-113.49226,53.6383],[-113.49204,53.63806]],[[-113.49176,53.60624],[-113.49142,53.60662],[-113.49086,53.60676]],[[-113.4908,53.60686],[-113.49155,53.60702],[-113.49176,53.60737]],[[-113.49327,53.62122],[-113.49202,53.62128],[-113.49177,53.62135]],[[-113.49173,53.63738],[-113.49192,53.63841],[-113.49202,53.63849]],[[-113.49212,53.60202],[-113.49186,53.6013]],[[-113.49299,53.58596],[-113.49237,53.58588],[-113.49204,53.58571]],[[-113.49217,53.60069],[-113.49208,53.60047],[-113.4919,53.60036]]]}},{"type":"Feature","properties":{"name":"97 Street NW ramp","highway":"secondary","ref":"","link":1},"geometry":{"type":"MultiLineString","coordinates":[[[-113.49054,53.55455],[-113.49036,53.55469],[-113.48986,53.55471]],[[-113.49145,53.57667],[-113.4923,53.57663]]]}},{"type":"Feature","properties":{"name":"98 Avenue NW","highway":"primary","ref":""},"geometry":{"type":"MultiLineString","coordinates":[[[-113.43322,53.53765],[-113.43472,53.53755],[-113.44315,53.5376]],[[-113.44313,53.5375],[-113.43321,53.53749]]]}},{"type":"Feature","properties":{"name":"98 Avenue NW","highway":"secondary","ref":""},"geometry":{"type":"MultiLineString","coordinates":[[[-113.45571,53.53746],[-113.45445,53.53754],[-113.45521,53.53759],[-113.45578,53.53785]],[[-113.48573,53.53598],[-113.48463,53.53607],[-113.48184,53.53606],[-113.48113,53.53612],[-113.48045,53.53636],[-113.47894,53.53738],[-113.4781,53.53764],[-113.47686,53.53787],[-113.4686,53.53823],[-113.46179,53.53835],[-113.46063,53.53827],[-113.45776,53.53784],[-113.45678,53.53782]],[[-113.42872,53.53893],[-113.42859,53.53878],[-113.42815,53.53857],[-113.427,53.53832],[-113.42314,53.53832],[-113.42172,53.53824],[-113.42079,53.53801],[-113.41922,53.5374],[-113.41886,53.53734],[-113.41846,53.53737],[-113.42061,53.53809],[-113.42166,53.53835],[-113.42256,53.53843],[-113.42724,53.53847],[-113.42798,53.53864],[-113.42865,53.53896]],[[-113.44315,53.5376],[-113.45445,53.53754]],[[-113.47686,53.53787],[-113.47773,53.53782],[-113.479,53.53763],[-113.48345,53.53654],[-113.48572,53.53616]],[[-113.45776,53.53784],[-113.45676,53.53744]],[[-113.4501,53.53754],[-113.44313,53.5375]]]}},{"type":"Feature","properties":{"name":"98 Avenue NW / Connors Road NW ramp","highway":"secondary","ref":"","link":1},"geometry":{"type":"MultiLineString","coordinates":[[[-113.48407,53.53715],[-113.48393,53.5375],[-113.48354,53.53783],[-113.48311,53.53795],[-113.48245,53.53794]],[[-113.48396,53.53626],[-113.48407,53.53715],[-113.48485,53.53743],[-113.48397,53.53797],[-113.48324,53.53808],[-113.48203,53.5379],[-113.48108,53.53802],[-113.47946,53.53795],[-113.47895,53.53784],[-113.47865,53.53769],[-113.47854,53.53752]],[[-113.48379,53.53762],[-113.48339,53.53776],[-113.48291,53.53775],[-113.48259,53.53764],[-113.48235,53.53738],[-113.48237,53.53714],[-113.4826,53.53691],[-113.48345,53.53654]],[[-113.48524,53.53601],[-113.4831,53.53598],[-113.48234,53.53587],[-113.48197,53.53573],[-113.48166,53.53546],[-113.4816,53.53511],[-113.48251,53.53394],[-113.48248,53.53343],[-113.48219,53.53318],[-113.48183,53.53303],[-113.48034,53.53286]],[[-113.48485,53.53743],[-113.48498,53.53739]]]}},{"type":"Feature","properties":{"name":"98 Avenue NW / James MacDonald Bridge ramp","highway":"secondary","ref":"","link":1},"geometry":{"type":"LineString","coordinates":[[-113.48573,53.53598],[-113.48488,53.5358],[-113.48457,53.53561],[-113.48437,53.53535],[-113.48412,53.53438],[-113.48426,53.53405],[-113.48455,53.53375]]}},{"type":"Feature","properties":{"name":"98 Avenue NW / Terrace Road NW ramp","highway":"primary","ref":"","link":1},"geometry":{"type":"MultiLineString","coordinates":[[[-113.42633,53.53843],[-113.42712,53.53856],[-113.42747,53.53877],[-113.42752,53.53909],[-113.42707,53.5395]],[[-113.43321,53.53749],[-113.43131,53.53763],[-113.42852,53.53819],[-113.427,53.53832]]]}},{"type":"Feature","properties":{"name":"99 Street NW","highway":"secondary","ref":""},"geometry":{"type":"MultiLineString","coordinates":[[[-113.48611,53.52705],[-113.48613,53.51611],[-113.48604,53.51564],[-113.48619,53.49705],[-113.48609,53.48865],[-113.48621,53.48776],[-113.4861,53.4873],[-113.48601,53.48772],[-113.48613,53.48808]],[[-113.4862,53.48062],[-113.48612,53.47874],[-113.48599,53.48063],[-113.48603,53.48302],[-113.48613,53.48314],[-113.48621,53.48301],[-113.4862,53.48062]],[[-113.48613,53.48314],[-113.4861,53.4873]],[[-113.48607,53.46888],[-113.48618,53.46875],[-113.48617,53.46764]],[[-113.48598,53.46764],[-113.48598,53.46876],[-113.48607,53.46888],[-113.48612,53.47874]],[[-113.48613,53.51611],[-113.48621,53.516],[-113.48624,53.50913],[-113.48633,53.50785],[-113.48633,53.49946],[-113.48618,53.49836]]]}},{"type":"Feature","properties":{"name":"99 Street NW / Calgary Trail NW ramp","highway":"motorway","ref":"","link":1},"geometry":{"type":"MultiLineString","coordinates":[[[-113.50304,53.48092],[-113.49752,53.47972]],[[-113.4964,53.48112],[-113.49997,53.48085],[-113.50254,53.48096]],[[-113.48602,53.47957],[-113.48581,53.47982],[-113.48528,53.47998],[-113.47955,53.48071],[-113.47826,53.48096]],[[-113.486,53.48002],[-113.48432,53.48011]],[[-113.48511,53.48078],[-113.48599,53.48077]],[[-113.47885,53.48102],[-113.48511,53.48078],[-113.48578,53.48098],[-113.48601,53.48139]]]}},{"type":"Feature","properties":{"name":"99 Street NW / Calgary Trail NW ramp","highway":"secondary","ref":"","link":1},"geometry":{"type":"MultiLineString","coordinates":[[[-113.49198,53.47994],[-113.49012,53.4801],[-113.486,53.48002]],[[-113.49518,53.48187],[-113.49561,53.4813],[-113.4961,53.48112]],[[-113.4862,53.48114],[-113.48642,53.48089],[-113.48683,53.48077],[-113.49012,53.48078],[-113.49123,53.48088],[-113.49174,53.48105],[-113.49198,53.48129]],[[-113.49084,53.48082],[-113.49197,53.48096]],[[-113.48599,53.48077],[-113.48683,53.48077]]]}},{"type":"Feature","properties":{"name":"99 Street NW / Calgary Trail NW ramp","highway":"trunk","ref":"","link":1},"geometry":{"type":"MultiLineString","coordinates":[[[-113.49197,53.48096],[-113.49346,53.48113],[-113.4964,53.48112]],[[-113.49649,53.4797],[-113.4938,53.47972],[-113.49198,53.47994]],[[-113.49752,53.47972],[-113.49649,53.4797],[-113.49606,53.4796],[-113.49577,53.47942],[-113.49559,53.47914]]]}},{"type":"Feature","properties":{"name":"99 Street NW ramp","highway":"secondary","ref":"","link":1},"geometry":{"type":"MultiLineString","coordinates":[[[-113.4856,53.49579],[-113.48599,53.49589],[-113.48616,53.49611]],[[-113.48619,53.47903],[-113.48637,53.47883],[-113.48674,53.47873]]]}},{"type":"Feature","properties":{"name":"Allendale Road NW","highway":"secondary","ref":""},"geometry":{"type":"MultiLineString","coordinates":[[[-113.49765,53.49993],[-113.49821,53.4999],[-113.49882,53.49976],[-113.50153,53.4985],[-113.50234,53.49831],[-113.50319,53.49821]],[[-113.50349,53.4981],[-113.50258,53.49807],[-113.50193,53.49819],[-113.49885,53.49964],[-113.49828,53.49979],[-113.49765,53.49982]]]}},{"type":"Feature","properties":{"name":"Anthony Henday Drive","highway":"motorway","ref":"216"},"geometry":{"type":"MultiLineString","coordinates":[[[-113.34491,53.5773],[-113.34522,53.56947],[-113.34467,53.56363],[-113.34451,53.55208],[-113.34404,53.54808],[-113.34305,53.54306],[-113.34295,53.54055],[-113.34319,53.538],[-113.34506,53.52874],[-113.34523,53.52717],[-113.34512,53.52527],[-113.34455,53.52141],[-113.34436,53.51849],[-113.34435,53.49772],[-113.34415,53.49516],[-113.34328,53.48874],[-113.34298,53.48442],[-113.34313,53.48071],[-113.34432,53.46975],[-113.3443,53.45727],[-113.3444,53.45594],[-113.34503,53.4536],[-113.34599,53.45162],[-113.34722,53.4498],[-113.34882,53.44802],[-113.35065,53.44648],[-113.3526,53.44514],[-113.35492,53.44383],[-113.35749,53.44268]],[[-113.35219,53.4449],[-113.35022,53.44625],[-113.3486,53.44759],[-113.34647,53.44992],[-113.34541,53.4515],[-113.34464,53.45305],[-113.34396,53.4552],[-113.34374,53.45677],[-113.34374,53.46978],[-113.34252,53.48134],[-113.34242,53.48453],[-113.34261,53.48795],[-113.34345,53.49398],[-113.34375,53.49728],[-113.34378,53.51915],[-113.34384,53.52039],[-113.34462,53.52578],[-113.34467,53.52727],[-113.34448,53.52883],[-113.3426,53.53806],[-113.34239,53.54002],[-113.34237,53.54149],[-113.34274,53.54469],[-113.34358,53.54878],[-113.34394,53.55215],[-113.3441,53.56369],[-113.34464,53.56955],[-113.34441,53.57572]],[[-113.65958,53.55901],[-113.6595,53.55826]]]}},{"type":"Feature","properties":{"name":"Anthony Henday Drive / Anthony Henday Drive NW ramp","highway":"motorway","ref":"","link":1},"geometry":{"type":"MultiLineString","coordinates":[[[-113.32593,53.44738],[-113.32919,53.44794],[-113.3418,53.45076],[-113.34372,53.45097],[-113.34569,53.45083],[-113.34675,53.45059],[-113.34751,53.45034],[-113.34902,53.44954],[-113.34991,53.44869],[-113.35103,53.44671],[-113.35208,53.44564],[-113.35455,53.44415],[-113.35749,53.44268]],[[-113.35219,53.4449],[-113.35149,53.44525],[-113.34964,53.44652],[-113.34663,53.44889],[-113.34612,53.44919],[-113.34499,53.44966],[-113.34416,53.4499],[-113.34307,53.45009],[-113.34221,53.45017],[-113.34046,53.45011],[-113.33929,53.44991],[-113.32896,53.44758],[-113.32571,53.44699],[-113.32281,53.44669],[-113.32103,53.44662],[-113.31353,53.44663],[-113.31402,53.44656],[-113.32058,53.44645],[-113.32598,53.44608],[-113.32815,53.44614],[-113.33009,53.44642],[-113.33161,53.44682],[-113.33298,53.44734],[-113.33464,53.44828],[-113.33619,53.44957],[-113.34494,53.45754],[-113.34576,53.45858],[-113.346,53.45924],[-113.34599,53.46022],[-113.3457,53.46094],[-113.34486,53.46245],[-113.34468,53.46302],[-113.34434,53.46718]],[[-113.34404,53.55691],[-113.34387,53.55726],[-113.34363,53.56303],[-113.34298,53.56741],[-113.34305,53.56829],[-113.34372,53.56929],[-113.34454,53.56988],[-113.3453,53.57025],[-113.34637,53.57057],[-113.34719,53.57069],[-113.34831,53.57072],[-113.34935,53.57065],[-113.34738,53.57106],[-113.34682,53.57133],[-113.3464,53.57165],[-113.3461,53.57207],[-113.34577,53.57361],[-113.34544,53.57446],[-113.34564,53.57361],[-113.3457,53.57271],[-113.3456,53.57218],[-113.34531,53.5716],[-113.34445,53.57076],[-113.34392,53.57044],[-113.34276,53.56998],[-113.34158,53.56974],[-113.33658,53.56933],[-113.33278,53.56887],[-113.32766,53.56865],[-113.33247,53.56862],[-113.33444,53.56844],[-113.33536,53.56824],[-113.33637,53.56792],[-113.33838,53.5671],[-113.33907,53.56689],[-113.34039,53.56627],[-113.34131,53.56574],[-113.34205,53.56515],[-113.34304,53.56392],[-113.34346,53.56252],[-113.34369,53.56015]],[[-113.6595,53.55826],[-113.65966,53.55612],[-113.66002,53.55546],[-113.66035,53.55525],[-113.66097,53.55503],[-113.66282,53.55487],[-113.66163,53.55483],[-113.66085,53.55473],[-113.66022,53.55446],[-113.65978,53.55408],[-113.65964,53.55369],[-113.65955,53.55121],[-113.6594,53.5507]],[[-113.33638,53.57036],[-113.34101,53.57054],[-113.34184,53.57066],[-113.34319,53.57124],[-113.34389,53.57191],[-113.34415,53.57265],[-113.34429,53.57517],[-113.34441,53.57572]],[[-113.29523,53.56881],[-113.29492,53.56905],[-113.29404,53.56926],[-113.29522,53.56921]],[[-113.32593,53.44738],[-113.32612,53.44748],[-113.32823,53.44787],[-113.33058,53.44847],[-113.33192,53.4489],[-113.33386,53.44965],[-113.33548,53.45041],[-113.33704,53.45129],[-113.3388,53.45251],[-113.34021,53.45373],[-113.34165,53.45539],[-113.34307,53.45749],[-113.34331,53.45803],[-113.34345,53.45888],[-113.34364,53.4636],[-113.34376,53.46415]],[[-113.31247,53.56972],[-113.31196,53.56978],[-113.29808,53.56993],[-113.29775,53.57002]],[[-113.32766,53.56865],[-113.32411,53.56869],[-113.32765,53.5688],[-113.33538,53.56982],[-113.34109,53.56996]],[[-113.32076,53.56867],[-113.31984,53.56867]],[[-113.34935,53.57065],[-113.35188,53.57028],[-113.35458,53.57012],[-113.3566,53.57011],[-113.36042,53.57022]],[[-113.34491,53.5773],[-113.34511,53.57665],[-113.34544,53.57446]],[[-113.29404,53.56926],[-113.29191,53.56979],[-113.29106,53.56988],[-113.28629,53.56992],[-113.28613,53.57]],[[-113.33658,53.56933],[-113.33308,53.56908],[-113.33151,53.56907],[-113.32985,53.56917],[-113.32318,53.56987],[-113.31946,53.57007]],[[-113.32411,53.56869],[-113.32076,53.56867],[-113.31998,53.56847],[-113.31986,53.56828]],[[-113.33907,53.56689],[-113.33494,53.56875],[-113.33301,53.56942],[-113.33098,53.56981],[-113.32781,53.57],[-113.32755,53.57008]]]}},{"type":"Feature","properties":{"name":"Anthony Henday Drive / Anthony Henday Drive NW ramp","highway":"secondary","ref":"","link":1},"geometry":{"type":"MultiLineString","coordinates":[[[-113.31965,53.56832],[-113.31916,53.56867],[-113.3179,53.56879],[-113.31546,53.56957],[-113.31505,53.56964],[-113.31393,53.56972],[-113.31154,53.56973],[-113.30288,53.56957],[-113.29838,53.56922],[-113.29618,53.5692],[-113.29584,53.56911],[-113.29565,53.56897],[-113.29549,53.56835]],[[-113.31984,53.56867],[-113.31916,53.56867]],[[-113.29618,53.5692],[-113.29522,53.56921]]]}},{"type":"Feature","properties":{"name":"Anthony Henday Drive / Baseline Road ramp","highway":"motorway","ref":"","link":1},"geometry":{"type":"MultiLineString","coordinates":[[[-113.34393,53.53147],[-113.34371,53.53173],[-113.34307,53.53414],[-113.3426,53.53527],[-113.34159,53.53729],[-113.34088,53.5382],[-113.33825,53.53956],[-113.33593,53.54036],[-113.33404,53.54072],[-113.33122,53.54099],[-113.33101,53.54109]],[[-113.34088,53.5382],[-113.3391,53.53955],[-113.339,53.53988],[-113.33906,53.54029],[-113.33916,53.54058],[-113.33934,53.54069]],[[-113.34476,53.54284],[-113.34606,53.54144],[-113.34605,53.5409],[-113.34567,53.54015]],[[-113.34414,53.54871],[-113.34422,53.54809],[-113.34386,53.5454],[-113.34396,53.54424],[-113.34445,53.54323],[-113.34476,53.54284],[-113.34546,53.54226],[-113.34627,53.54175],[-113.34739,53.54135],[-113.35314,53.54035],[-113.35422,53.54022],[-113.35571,53.54016],[-113.35602,53.54008]],[[-113.33563,53.54113],[-113.34441,53.54061],[-113.34502,53.54072],[-113.34546,53.54105],[-113.34551,53.5414],[-113.34513,53.54177],[-113.3447,53.5419],[-113.34407,53.54189],[-113.34365,53.54174],[-113.34328,53.54124],[-113.34321,53.54018],[-113.34333,53.53835],[-113.3436,53.53667],[-113.34349,53.53645]],[[-113.34949,53.53981],[-113.34547,53.53993],[-113.34101,53.54019],[-113.34044,53.54009],[-113.33995,53.53979],[-113.33989,53.53936],[-113.34015,53.53908],[-113.34076,53.53888],[-113.34122,53.53889],[-113.34176,53.53908],[-113.34201,53.53935],[-113.34222,53.5427],[-113.34253,53.54429],[-113.34274,53.54469]],[[-113.35361,53.53998],[-113.35315,53.53989],[-113.34949,53.53981],[-113.34752,53.53965],[-113.3465,53.53943],[-113.34569,53.53913],[-113.34468,53.53852],[-113.34402,53.53786],[-113.34375,53.53718],[-113.34428,53.53358],[-113.34414,53.53328]],[[-113.33112,53.54121],[-113.33147,53.54128],[-113.33563,53.54113],[-113.33804,53.54117],[-113.33973,53.54138],[-113.34081,53.54175],[-113.34146,53.54228],[-113.34188,53.5429],[-113.34315,53.54752],[-113.34347,53.54812]]]}},{"type":"Feature","properties":{"name":"Anthony Henday Drive / Broadmoor Boulevard ramp","highway":"motorway","ref":"","link":1},"geometry":{"type":"MultiLineString","coordinates":[[[-113.32077,53.57214],[-113.32012,53.572],[-113.31983,53.57184]],[[-113.31739,53.57061],[-113.32059,53.57075],[-113.32122,53.57085],[-113.32172,53.57106],[-113.32194,53.57152],[-113.32161,53.57192],[-113.32097,53.57211],[-113.31964,53.57218]],[[-113.30928,53.57033],[-113.31052,53.57043],[-113.32346,53.57069],[-113.3272,53.57116],[-113.32831,53.57124],[-113.32914,53.57121],[-113.33037,53.571],[-113.33171,53.57053],[-113.34456,53.56462],[-113.34538,53.56414],[-113.34594,53.56363],[-113.34645,53.56274],[-113.34651,53.56201],[-113.34639,53.56152],[-113.34503,53.55852],[-113.34485,53.5574],[-113.34477,53.55476],[-113.34459,53.55427]]]}},{"type":"Feature","properties":{"name":"Anthony Henday Drive / Sherwood Park Freeway ramp","highway":"motorway","ref":"","link":1},"geometry":{"type":"MultiLineString","coordinates":[[[-113.34606,53.51339],[-113.34685,53.51376],[-113.34703,53.51393],[-113.34709,53.51421],[-113.3469,53.51454],[-113.34662,53.5147],[-113.34627,53.51479],[-113.34582,53.51481],[-113.34541,53.51471],[-113.3451,53.51453],[-113.34483,53.51401],[-113.34481,53.51794],[-113.34506,53.51642],[-113.34537,53.51585],[-113.34627,53.51513],[-113.34743,53.51464],[-113.34882,53.51435],[-113.35018,53.51429],[-113.35337,53.51471],[-113.354,53.51473]],[[-113.34335,53.50725],[-113.34324,53.51356],[-113.34305,53.51386],[-113.34257,53.51411],[-113.34216,53.51416],[-113.34158,53.51406],[-113.34114,53.51372],[-113.34108,53.51343],[-113.34123,53.51316],[-113.34166,53.51294],[-113.34198,53.51289],[-113.34299,53.51289]],[[-113.34482,53.51246],[-113.34453,53.50261],[-113.34438,53.502]],[[-113.34992,53.51291],[-113.34835,53.51178],[-113.347,53.51128],[-113.34606,53.51111],[-113.3449,53.51104],[-113.34362,53.51115],[-113.34244,53.51144],[-113.34165,53.51177],[-113.34083,53.51231],[-113.34016,53.51305],[-113.33989,53.51378],[-113.33987,53.51431],[-113.34012,53.51508],[-113.34047,53.51553],[-113.34226,53.51697],[-113.34213,53.51695],[-113.34023,53.51564],[-113.3385,53.51355],[-113.33786,53.51303],[-113.33704,53.51266],[-113.33612,53.51244],[-113.33328,53.51228],[-113.33281,53.51219]],[[-113.35473,53.51456],[-113.35445,53.51443],[-113.35162,53.51383],[-113.35079,53.51354],[-113.35031,53.51326],[-113.3487,53.51184],[-113.34586,53.51048],[-113.34544,53.5101],[-113.34511,53.50954],[-113.3447,53.5072]],[[-113.34383,53.50294],[-113.34365,53.50312],[-113.34335,53.50725],[-113.34313,53.50877],[-113.34292,53.5094],[-113.34246,53.51008],[-113.3417,53.51073],[-113.3411,53.51109],[-113.34047,53.51139],[-113.33978,53.51159],[-113.33778,53.51189],[-113.33481,53.51197],[-113.33466,53.51206]],[[-113.34483,53.52358],[-113.34481,53.51794]],[[-113.34226,53.51697],[-113.3429,53.51748],[-113.34333,53.51815],[-113.34376,53.52115],[-113.34398,53.52145]],[[-113.34483,53.51401],[-113.34482,53.51246],[-113.34502,53.51206],[-113.34521,53.51188],[-113.34564,53.51171],[-113.34612,53.51168],[-113.34658,53.51177],[-113.34705,53.51213],[-113.34699,53.5126],[-113.34647,53.51292],[-113.34544,53.513]]]}},{"type":"Feature","properties":{"name":"Anthony Henday Drive / Trans-Canada Highway ramp","highway":"motorway","ref":"","link":1},"geometry":{"type":"MultiLineString","coordinates":[[[-113.35128,53.56919],[-113.34628,53.56963],[-113.34267,53.56962],[-113.34202,53.56945],[-113.34164,53.56916],[-113.34157,53.56898],[-113.34166,53.56844],[-113.34214,53.56811],[-113.34276,53.568],[-113.34344,53.56806],[-113.34389,53.56826],[-113.34426,53.5686],[-113.34443,53.56917],[-113.34446,53.5714],[-113.3446,53.57164]],[[-113.35903,53.56918],[-113.35457,53.56901],[-113.35364,53.56891],[-113.35328,53.56882],[-113.35307,53.56867],[-113.35272,53.56794],[-113.35263,53.56902],[-113.3524,53.56925],[-113.35197,53.56947],[-113.35118,53.56962],[-113.34695,53.56981],[-113.34684,53.56987]],[[-113.36353,53.56914],[-113.35128,53.56919],[-113.34911,53.56917],[-113.34788,53.56904],[-113.34689,53.56875],[-113.34582,53.56807],[-113.34523,53.56721],[-113.34484,53.5658]]]}},{"type":"Feature","properties":{"name":"Anthony Henday Drive / Whitemud Drive ramp","highway":"motorway","ref":"","link":1},"geometry":{"type":"MultiLineString","coordinates":[[[-113.3412,53.48277],[-113.3402,53.48265],[-113.33971,53.4825],[-113.33933,53.48222],[-113.33923,53.48174],[-113.33941,53.48145],[-113.33995,53.48113],[-113.34065,53.48103],[-113.34115,53.4811],[-113.34155,53.48127],[-113.34185,53.48153],[-113.34206,53.48231],[-113.34263,53.4776],[-113.342,53.47924],[-113.34141,53.47986],[-113.33705,53.48236],[-113.3362,53.48265],[-113.33453,53.48284]],[[-113.3332,53.48298],[-113.33503,53.48314],[-113.33615,53.48355],[-113.34105,53.48655],[-113.3417,53.48715],[-113.34199,53.48766],[-113.34252,53.48939],[-113.34215,53.48698],[-113.342,53.4837],[-113.34165,53.48439],[-113.34143,53.48455],[-113.34092,53.48471],[-113.34017,53.4847],[-113.33966,53.48456],[-113.33923,53.48425],[-113.33913,53.48404],[-113.33921,53.48366],[-113.33963,53.48328],[-113.33999,53.48315],[-113.34097,53.48301]],[[-113.35625,53.48281],[-113.35056,53.48264],[-113.34832,53.48241],[-113.3476,53.48227],[-113.34676,53.48201],[-113.34515,53.48112],[-113.34424,53.48038],[-113.34381,53.47948],[-113.34375,53.47732],[-113.34389,53.47555],[-113.34379,53.47505]],[[-113.34373,53.48928],[-113.34375,53.48699],[-113.34407,53.48611],[-113.34442,53.48562],[-113.34491,53.48516],[-113.34652,53.48416],[-113.34803,53.48353],[-113.34979,53.48318],[-113.35511,53.48305]],[[-113.34319,53.4752],[-113.34303,53.47533],[-113.34263,53.4776]],[[-113.34383,53.49269],[-113.34394,53.49211],[-113.34338,53.48576],[-113.34336,53.48346],[-113.34364,53.48423],[-113.34404,53.48446],[-113.34443,53.48455],[-113.34505,53.48455],[-113.34563,53.48433],[-113.34593,53.48385],[-113.34575,53.48344],[-113.34546,53.48323],[-113.34493,53.48308],[-113.34406,53.48301]],[[-113.3434,53.48239],[-113.34375,53.47732]],[[-113.34252,53.48939],[-113.34284,53.49104],[-113.34308,53.49147]],[[-113.34206,53.48231],[-113.342,53.4837]],[[-113.34336,53.48346],[-113.3434,53.48239],[-113.34361,53.4818],[-113.34382,53.4816],[-113.34425,53.48144],[-113.34471,53.4814],[-113.34514,53.48147],[-113.34566,53.48181],[-113.34573,53.4821],[-113.34565,53.48232],[-113.34506,53.48266],[-113.34405,53.48278]]]}},{"type":"Feature","properties":{"name":"Anthony Henday Drive NW","highway":"motorway","ref":"216"},"geometry":{"type":"MultiLineString","coordinates":[[[-113.6595,53.55826],[-113.65937,53.55561],[-113.65953,53.52792],[-113.65946,53.51768],[-113.65971,53.48442],[-113.65961,53.48304],[-113.65929,53.4816],[-113.65877,53.48021],[-113.65814,53.479],[-113.65671,53.47701],[-113.65534,53.47559],[-113.6543,53.4747],[-113.65168,53.47289],[-113.64871,53.47136],[-113.64699,53.47064],[-113.6443,53.46974],[-113.6326,53.4667],[-113.62899,53.4657],[-113.62635,53.46482],[-113.62399,53.46395],[-113.62023,53.46231],[-113.61666,53.46044],[-113.61455,53.45916],[-113.61203,53.45743],[-113.60934,53.45525],[-113.60797,53.45395],[-113.60624,53.4521],[-113.60428,53.44958],[-113.59746,53.43981],[-113.59671,53.43886],[-113.5954,53.43747],[-113.59301,53.43547],[-113.59086,53.43403],[-113.58825,53.43262],[-113.58489,53.43119],[-113.58246,53.43037],[-113.57965,53.42961],[-113.57672,53.42901],[-113.57462,53.42869],[-113.57167,53.42839],[-113.56917,53.42825],[-113.56453,53.42833],[-113.56041,53.42872],[-113.55681,53.42935],[-113.55381,53.43008],[-113.54367,53.43301],[-113.54011,53.43375],[-113.53665,53.43425],[-113.53395,53.43451],[-113.53038,53.43465],[-113.51565,53.43455],[-113.51147,53.43472],[-113.5064,53.43519],[-113.49694,53.43652],[-113.49315,53.43695],[-113.48879,53.43727],[-113.48469,53.43746],[-113.47987,53.43749],[-113.46833,53.43731],[-113.46388,53.43715],[-113.4575,53.43671],[-113.44737,53.43565],[-113.44405,53.43548],[-113.3872,53.43537],[-113.38346,53.43551],[-113.38069,53.43576],[-113.37748,53.43621],[-113.37404,53.4369],[-113.37064,53.43781],[-113.35777,53.44217],[-113.35505,53.44333],[-113.35219,53.4449]],[[-113.34441,53.57572],[-113.34417,53.5814],[-113.34421,53.58278],[-113.3446,53.58583],[-113.34525,53.58829],[-113.35427,53.61061],[-113.35496,53.61216],[-113.35622,53.61422],[-113.35736,53.61566],[-113.35922,53.61755],[-113.36104,53.61905],[-113.36259,53.62015],[-113.38081,53.63069],[-113.38405,53.63227],[-113.38685,53.63337],[-113.39037,53.63449],[-113.43263,53.64542],[-113.43682,53.64632],[-113.44135,53.64693],[-113.44424,53.64713],[-113.44698,53.64719],[-113.50788,53.64715],[-113.5125,53.64698],[-113.51732,53.64655],[-113.52192,53.64588],[-113.52548,53.64518],[-113.52909,53.6443],[-113.57285,53.63075],[-113.57715,53.62929],[-113.58096,53.62779],[-113.58497,53.62599],[-113.58971,53.62351],[-113.6467,53.59147],[-113.64937,53.58979],[-113.65189,53.58799],[-113.65423,53.58608],[-113.65645,53.58398],[-113.65774,53.58255],[-113.65897,53.58099],[-113.66007,53.57918],[-113.66103,53.57718],[-113.66183,53.57423],[-113.66198,53.57285],[-113.66197,53.57145],[-113.66175,53.56964],[-113.65958,53.55901]],[[-113.35749,53.44268],[-113.36925,53.43862],[-113.37253,53.43766],[-113.37459,53.43714],[-113.37916,53.43629],[-113.38259,53.43592],[-113.38541,53.43574],[-113.38922,53.4357],[-113.44407,53.43583],[-113.44732,53.43599],[-113.45752,53.43704],[-113.46387,53.43746],[-113.46772,53.43763],[-113.48083,53.43782],[-113.48425,53.43778],[-113.48957,53.43755],[-113.49522,53.43705],[-113.50648,53.4355],[-113.51126,53.43505],[-113.51582,53.43488],[-113.53036,53.43497],[-113.5338,53.43483],[-113.53649,53.4346],[-113.53955,53.43418],[-113.54337,53.43343],[-113.54564,53.43284],[-113.55409,53.43035],[-113.55715,53.42961],[-113.56072,53.42901],[-113.56509,53.42861],[-113.56848,53.42856],[-113.57149,53.42869],[-113.57454,53.429],[-113.57657,53.42931],[-113.58001,53.43004],[-113.58227,53.43066],[-113.58465,53.43147],[-113.58614,53.43206],[-113.58889,53.43335],[-113.59119,53.43469],[-113.59337,53.43625],[-113.59497,53.43766],[-113.59696,53.43992],[-113.60425,53.45032],[-113.60565,53.45213],[-113.60692,53.45355],[-113.60888,53.45544],[-113.61041,53.45674],[-113.61317,53.45877],[-113.61629,53.46071],[-113.6189,53.4621],[-113.62158,53.46336],[-113.62512,53.46478],[-113.62954,53.46622],[-113.64365,53.46992],[-113.646,53.47066],[-113.64869,53.47174],[-113.65185,53.47344],[-113.65342,53.47453],[-113.65462,53.47552],[-113.65564,53.47649],[-113.65679,53.47784],[-113.65797,53.47969],[-113.65846,53.48075],[-113.65889,53.48209],[-113.65918,53.48442],[-113.65904,53.51904],[-113.65885,53.52784],[-113.6587,53.55497],[-113.65881,53.55686],[-113.65909,53.55902],[-113.66127,53.56967],[-113.66147,53.57175],[-113.66143,53.57328],[-113.661,53.57561],[-113.66041,53.57733],[-113.6592,53.57963],[-113.65799,53.58132],[-113.65586,53.58372],[-113.65384,53.58564],[-113.6518,53.58735],[-113.64877,53.58953],[-113.64601,53.59126],[-113.64334,53.59277],[-113.59062,53.6224],[-113.58712,53.62433],[-113.58408,53.62584],[-113.58017,53.62758],[-113.57458,53.62964],[-113.54195,53.63982],[-113.5288,53.64385],[-113.5264,53.64447],[-113.52313,53.64517],[-113.52025,53.64567],[-113.5169,53.64612],[-113.51394,53.64641],[-113.51095,53.6466],[-113.50751,53.64669],[-113.44676,53.64673],[-113.44413,53.64665],[-113.44169,53.6465],[-113.44015,53.64633],[-113.43751,53.64596],[-113.43342,53.6451],[-113.39066,53.63406],[-113.38716,53.63302],[-113.38435,53.63196],[-113.38278,53.63126],[-113.38012,53.62983],[-113.36306,53.61995],[-113.36152,53.61886],[-113.35972,53.61738],[-113.35778,53.6154],[-113.35657,53.61383],[-113.35524,53.61149],[-113.3458,53.58821],[-113.34518,53.58582],[-113.34483,53.58349],[-113.34474,53.58139],[-113.34491,53.5773]]]}},{"type":"Feature","properties":{"name":"Anthony Henday Drive NW / Aurum Road NE ramp","highway":"motorway","ref":"","link":1},"geometry":{"type":"MultiLineString","coordinates":[[[-113.34417,53.5814],[-113.34401,53.58195],[-113.34403,53.58473],[-113.34379,53.58595],[-113.3436,53.58656],[-113.3434,53.58675],[-113.34308,53.58692],[-113.34259,53.58691]],[[-113.3436,53.58656],[-113.34337,53.58737],[-113.34345,53.58778],[-113.3459,53.59099],[-113.34797,53.59555],[-113.34833,53.59605]]]}},{"type":"Feature","properties":{"name":"Anthony Henday Drive NW / Calgary Trail SW ramp","highway":"motorway","ref":"","link":1},"geometry":{"type":"LineString","coordinates":[[-113.50268,53.43571],[-113.50243,53.43568],[-113.49858,53.4361],[-113.49727,53.43608],[-113.4963,53.43593],[-113.4954,53.43568],[-113.4943,53.43512],[-113.4936,53.43453],[-113.49315,53.43385],[-113.49297,53.43307],[-113.4933,53.42479]]}},{"type":"Feature","properties":{"name":"Anthony Henday Drive NW / Campbell Road NW ramp","highway":"motorway","ref":"","link":1},"geometry":{"type":"MultiLineString","coordinates":[[[-113.57757,53.62771],[-113.57496,53.62866],[-113.57443,53.62891],[-113.57355,53.62952],[-113.57541,53.62798],[-113.57623,53.62604]],[[-113.57355,53.62952],[-113.57242,53.63018],[-113.56769,53.63182]],[[-113.58712,53.62433],[-113.58452,53.62553],[-113.58102,53.627],[-113.57757,53.62771],[-113.57689,53.62778],[-113.57644,53.6277],[-113.57619,53.62739]]]}},{"type":"Feature","properties":{"name":"Anthony Henday Drive NW / Campbell Road ramp","highway":"motorway","ref":"","link":1},"geometry":{"type":"MultiLineString","coordinates":[[[-113.56845,53.63212],[-113.57259,53.63105],[-113.57523,53.63079],[-113.57642,53.63057],[-113.5768,53.63067],[-113.57708,53.631]],[[-113.57779,53.63243],[-113.5777,53.63082],[-113.57807,53.63013],[-113.57891,53.62926],[-113.57807,53.62981],[-113.57585,53.63066]],[[-113.57891,53.62926],[-113.57961,53.62865],[-113.5802,53.62828],[-113.58429,53.6264],[-113.58497,53.62599]]]}},{"type":"Feature","properties":{"name":"Anthony Henday Drive NW / Gateway Boulevard NW ramp","highway":"motorway","ref":"","link":1},"geometry":{"type":"MultiLineString","coordinates":[[[-113.47924,53.4378],[-113.48327,53.43794],[-113.49164,53.43802],[-113.49311,53.43792],[-113.49404,53.43765],[-113.49466,53.4373],[-113.49518,53.43679],[-113.4954,53.43633],[-113.49541,53.43581],[-113.49503,53.43512],[-113.49336,53.43357],[-113.49317,53.43318],[-113.49304,53.43244]],[[-113.4843,53.43795],[-113.488,53.43812],[-113.48887,53.43826],[-113.48953,53.43847],[-113.49041,53.43894],[-113.49068,53.43917],[-113.49218,53.44121]],[[-113.49315,53.43695],[-113.48948,53.43712],[-113.48803,53.43708],[-113.48726,53.43682],[-113.48699,53.43653],[-113.48693,53.43619],[-113.48722,53.43575],[-113.48776,53.43551],[-113.48853,53.43544],[-113.48906,53.43556],[-113.48949,53.43582],[-113.48967,53.43604],[-113.49017,53.43783],[-113.49072,53.43869]]]}},{"type":"Feature","properties":{"name":"Anthony Henday Drive NW / Goodridge Boulevard NW ramp","highway":"motorway","ref":"","link":1},"geometry":{"type":"LineString","coordinates":[[-113.54854,53.64264],[-113.54782,53.64137],[-113.54765,53.64049],[-113.54771,53.64003],[-113.54793,53.63959],[-113.54848,53.6389],[-113.54929,53.63835],[-113.55049,53.63783],[-113.55551,53.63614]]}},{"type":"Feature","properties":{"name":"Anthony Henday Drive NW / Heritage Valley Trail SW ramp","highway":"motorway","ref":"","link":1},"geometry":{"type":"LineString","coordinates":[[-113.55616,53.42949],[-113.55546,53.42956],[-113.55163,53.43041],[-113.55033,53.43047],[-113.54918,53.43034],[-113.54845,53.43007],[-113.54795,53.42955],[-113.54782,53.4277],[-113.54765,53.43034],[-113.54718,53.43116],[-113.54643,53.43183],[-113.54551,53.4323],[-113.54402,53.43277],[-113.54212,53.43325],[-113.53867,53.43399]]}},{"type":"Feature","properties":{"name":"Anthony Henday Drive NW / Highway 28 ramp","highway":"motorway","ref":"","link":1},"geometry":{"type":"MultiLineString","coordinates":[[[-113.49191,53.65125],[-113.49168,53.64995],[-113.49172,53.64572],[-113.49207,53.64531],[-113.49266,53.64511],[-113.49338,53.64513],[-113.49382,53.64529],[-113.49405,53.64548],[-113.49421,53.64577],[-113.49416,53.64604],[-113.49398,53.64624],[-113.49357,53.64646],[-113.49275,53.64659],[-113.49087,53.6466],[-113.48989,53.64669]],[[-113.49266,53.65309],[-113.49191,53.65125],[-113.49188,53.65009],[-113.49221,53.64928],[-113.49261,53.64878],[-113.49361,53.64806],[-113.49493,53.64755],[-113.49609,53.64735],[-113.50288,53.64716]]]}},{"type":"Feature","properties":{"name":"Anthony Henday Drive NW / Lessard Road NW ramp","highway":"motorway","ref":"","link":1},"geometry":{"type":"MultiLineString","coordinates":[[[-113.65693,53.48025],[-113.65567,53.48025],[-113.65516,53.4801],[-113.65496,53.47996],[-113.65474,53.47971],[-113.65467,53.47944],[-113.65481,53.47905],[-113.65507,53.47886],[-113.65553,53.4787],[-113.65603,53.47864],[-113.6567,53.47874],[-113.65728,53.47906],[-113.65819,53.48054],[-113.65894,53.48232]],[[-113.65957,53.47986],[-113.66065,53.47986],[-113.6613,53.48013],[-113.66151,53.48046],[-113.66147,53.48065],[-113.66101,53.48105],[-113.66018,53.48113],[-113.65945,53.48084],[-113.65781,53.47819],[-113.65724,53.47745],[-113.65624,53.47649]],[[-113.65261,53.47395],[-113.65452,53.47579],[-113.65506,53.47677],[-113.65502,53.47783],[-113.65434,53.47907],[-113.65426,53.47943],[-113.65483,53.48066],[-113.65498,53.48075]],[[-113.66346,53.47897],[-113.66197,53.47899],[-113.66071,53.47892],[-113.65948,53.47864],[-113.65869,53.47833],[-113.65777,53.47777],[-113.65596,53.47592],[-113.65478,53.47489],[-113.65334,53.47383],[-113.65285,53.47364]],[[-113.65174,53.48205],[-113.65331,53.48142],[-113.65436,53.48121],[-113.6558,53.48123],[-113.65692,53.4815],[-113.65796,53.48204],[-113.65846,53.48251],[-113.65894,53.48355],[-113.65918,53.48495]],[[-113.6597,53.48526],[-113.65993,53.48453],[-113.65997,53.48325],[-113.66013,53.48262],[-113.66045,53.4821],[-113.66163,53.48098],[-113.66195,53.48056],[-113.66194,53.48005],[-113.66169,53.47956],[-113.66148,53.47937]],[[-113.662,53.48034],[-113.66205,53.47966],[-113.66236,53.47932]],[[-113.65432,53.47969],[-113.65447,53.48047],[-113.65432,53.48069],[-113.65402,53.48083]]]}},{"type":"Feature","properties":{"name":"Anthony Henday Drive NW / Manning Drive NW ramp","highway":"motorway","ref":"","link":1},"geometry":{"type":"MultiLineString","coordinates":[[[-113.39115,53.64308],[-113.39219,53.64104],[-113.39284,53.64027],[-113.39724,53.63751],[-113.39787,53.63691],[-113.39836,53.6359],[-113.39826,53.63488],[-113.39778,53.63415],[-113.39711,53.63357],[-113.3963,53.63314],[-113.39508,53.63274],[-113.39374,53.63256],[-113.38731,53.63223],[-113.38568,53.63199],[-113.38701,53.63213],[-113.38841,53.63216],[-113.39224,53.63196],[-113.39358,53.63168],[-113.39452,53.6312],[-113.39513,53.63063],[-113.39652,53.62793]],[[-113.37416,53.62687],[-113.37483,53.62739],[-113.37948,53.63027],[-113.3812,53.63126],[-113.38322,53.63226]],[[-113.40198,53.63654],[-113.40066,53.63559],[-113.3965,53.63175],[-113.39628,53.63128],[-113.39623,53.6308],[-113.39688,53.62823]],[[-113.40749,53.6384],[-113.40272,53.6369],[-113.40169,53.6364],[-113.39802,53.6343],[-113.3972,53.63392],[-113.3962,53.63365],[-113.39549,53.63354],[-113.39402,53.6335],[-113.39257,53.63373],[-113.39119,53.63423],[-113.39032,53.63483],[-113.38966,53.63567],[-113.38946,53.63647],[-113.3896,53.63725],[-113.39106,53.63953],[-113.38767,53.63511],[-113.38692,53.63427],[-113.38605,53.63364],[-113.38322,53.63226],[-113.38555,53.63321],[-113.38761,53.63393],[-113.38942,53.63447],[-113.39257,53.63527],[-113.39196,53.63518],[-113.39128,53.63519],[-113.39062,53.63542],[-113.39035,53.63569],[-113.39021,53.63606],[-113.39037,53.63743],[-113.3906,53.63776],[-113.39084,53.6379],[-113.39156,53.63804],[-113.39198,53.63798],[-113.39236,53.6378],[-113.39262,53.63754],[-113.39329,53.6363]],[[-113.38568,53.63199],[-113.38416,53.63145],[-113.38081,53.62987],[-113.37073,53.62442]],[[-113.39106,53.63953],[-113.39127,53.64033],[-113.39125,53.64094],[-113.39067,53.64311]],[[-113.39545,53.63601],[-113.4049,53.63841],[-113.4122,53.64014]],[[-113.39257,53.63527],[-113.39545,53.63601],[-113.39622,53.63632],[-113.39658,53.63663],[-113.39668,53.63701],[-113.39645,53.63742],[-113.39558,53.6381],[-113.39499,53.63839],[-113.39455,53.63845],[-113.39394,53.63835],[-113.39347,53.63798],[-113.39343,53.63763],[-113.39369,53.63651]],[[-113.39392,53.63957],[-113.39503,53.63905],[-113.39742,53.63815],[-113.39849,53.63783],[-113.39947,53.63768],[-113.40038,53.63764],[-113.40127,53.6377],[-113.4049,53.63841]]]}},{"type":"Feature","properties":{"name":"Anthony Henday Drive NW / Mark Messier Trail NW ramp","highway":"motorway","ref":"","link":1},"geometry":{"type":"MultiLineString","coordinates":[[[-113.59325,53.62153],[-113.59621,53.62006],[-113.59716,53.61972],[-113.59847,53.61946],[-113.60107,53.61933],[-113.60153,53.61918],[-113.60273,53.61857],[-113.60308,53.61856],[-113.60372,53.61871]],[[-113.6091,53.61202],[-113.60644,53.6133],[-113.60522,53.61379],[-113.60403,53.61405],[-113.60128,53.61427],[-113.60062,53.61441],[-113.59995,53.61469],[-113.59858,53.61543],[-113.59824,53.61546],[-113.59779,53.61533]],[[-113.60085,53.61704],[-113.59961,53.61619],[-113.59932,53.61587],[-113.59931,53.61557],[-113.59949,53.61536],[-113.60001,53.61511],[-113.60074,53.61509],[-113.60123,53.61526],[-113.60143,53.61542],[-113.60147,53.61587],[-113.60075,53.61652],[-113.59785,53.61821],[-113.59718,53.61872]],[[-113.59493,53.61388],[-113.59543,53.61429],[-113.59715,53.6154],[-113.59774,53.61593],[-113.59813,53.61668],[-113.59803,53.61751],[-113.59754,53.61817],[-113.59699,53.61857],[-113.59202,53.62149],[-113.59062,53.6224]],[[-113.60189,53.61898],[-113.60299,53.61815]],[[-113.59886,53.61534],[-113.59825,53.61579]]]}},{"type":"Feature","properties":{"name":"Anthony Henday Drive NW / Rabbit Hill Road NW ramp","highway":"motorway","ref":"","link":1},"geometry":{"type":"MultiLineString","coordinates":[[[-113.57008,53.42861],[-113.57429,53.42913],[-113.57623,53.42957],[-113.57751,53.43022],[-113.57938,53.43178],[-113.57955,53.43206],[-113.57936,53.43244]],[[-113.58091,53.43158],[-113.58039,53.43175],[-113.57996,53.43179],[-113.57941,53.43164],[-113.579,53.43109],[-113.57906,53.43079],[-113.57933,53.43054],[-113.58009,53.43035],[-113.58086,53.43044],[-113.58556,53.43182]],[[-113.58016,53.43215],[-113.57941,53.43164]],[[-113.57938,53.43178],[-113.58007,53.43221]],[[-113.58437,53.42899],[-113.58494,53.42933]],[[-113.58825,53.43262],[-113.58796,53.43241],[-113.58562,53.43131],[-113.58265,53.43007],[-113.58227,53.42984],[-113.58205,53.42954],[-113.58205,53.42927],[-113.58226,53.42898],[-113.58265,53.42877],[-113.58318,53.42867],[-113.58357,53.42869],[-113.58442,53.42891],[-113.58505,53.42927],[-113.58526,53.42931]],[[-113.58409,53.42882],[-113.58437,53.42899],[-113.58456,53.42927],[-113.58433,53.42967]]]}},{"type":"Feature","properties":{"name":"Anthony Henday Drive NW / Rabbit Hill Road NW ramp","highway":"secondary","ref":"","link":1},"geometry":{"type":"LineString","coordinates":[[-113.58657,53.43028],[-113.58628,53.43019],[-113.58522,53.42942],[-113.58494,53.42933]]}},{"type":"Feature","properties":{"name":"Anthony Henday Drive NW / Rabbit Hill Road SW ramp","highway":"motorway","ref":"","link":1},"geometry":{"type":"MultiLineString","coordinates":[[[-113.58577,53.42886],[-113.58524,53.42898],[-113.58473,53.42895],[-113.58397,53.42857],[-113.58314,53.42849],[-113.58061,53.42914],[-113.57939,53.42921],[-113.57527,53.42868],[-113.57462,53.42869]],[[-113.58515,53.42921],[-113.58473,53.42895]]]}},{"type":"Feature","properties":{"name":"Anthony Henday Drive NW / Ray Gibbon Drive NW ramp","highway":"motorway","ref":"","link":1},"geometry":{"type":"MultiLineString","coordinates":[[[-113.64653,53.59173],[-113.64718,53.5925],[-113.64735,53.59293],[-113.64728,53.5931],[-113.64693,53.5934],[-113.6462,53.59355],[-113.64565,53.59345],[-113.64527,53.59322],[-113.64512,53.5929],[-113.64532,53.59247],[-113.64866,53.59035],[-113.64937,53.58979]],[[-113.65065,53.59579],[-113.65018,53.59478],[-113.64905,53.59309],[-113.64884,53.59198],[-113.64903,53.59103],[-113.64922,53.59056],[-113.64984,53.58978],[-113.65358,53.58674],[-113.65423,53.58608]],[[-113.6456,53.59076],[-113.64516,53.59003],[-113.64516,53.5897],[-113.6453,53.58935],[-113.64562,53.58911],[-113.64611,53.58896],[-113.64693,53.589],[-113.6472,53.5891],[-113.64756,53.58938],[-113.64767,53.58973],[-113.64754,53.59003],[-113.64694,53.59051],[-113.64412,53.59221],[-113.64334,53.59277]],[[-113.63847,53.59611],[-113.6417,53.59449],[-113.64286,53.59406],[-113.64361,53.59388],[-113.64463,53.59378],[-113.64578,53.59378],[-113.64647,53.59385],[-113.64752,53.59409],[-113.64884,53.59457],[-113.64994,53.59539],[-113.65048,53.59615],[-113.65082,53.59808]],[[-113.64724,53.59358],[-113.64773,53.5934],[-113.64826,53.59305]],[[-113.64361,53.59388],[-113.64484,53.59371],[-113.64668,53.59368],[-113.64806,53.59342],[-113.64847,53.59354],[-113.64913,53.59398]]]}},{"type":"Feature","properties":{"name":"Anthony Henday Drive NW / St. Albert Trail NW ramp","highway":"motorway","ref":"","link":1},"geometry":{"type":"LineString","coordinates":[[-113.60037,53.61695],[-113.60173,53.61792],[-113.60197,53.61823],[-113.60176,53.61874],[-113.60138,53.61895],[-113.60109,53.61902],[-113.60054,53.619],[-113.5999,53.61862],[-113.59981,53.61842],[-113.59999,53.61799],[-113.60051,53.6176],[-113.60346,53.61588],[-113.60356,53.61574]]}},{"type":"Feature","properties":{"name":"Anthony Henday Drive NW / St. Albert Trail ramp","highway":"motorway","ref":"","link":1},"geometry":{"type":"LineString","coordinates":[[-113.60491,53.61916],[-113.60403,53.61856],[-113.60341,53.61787],[-113.60325,53.61754],[-113.60319,53.61693],[-113.60344,53.61632],[-113.60385,53.61585],[-113.60442,53.61544],[-113.60986,53.61219]]}},{"type":"Feature","properties":{"name":"Anthony Henday Drive NW / Stony Plain Road NW ramp","highway":"motorway","ref":"","link":1},"geometry":{"type":"MultiLineString","coordinates":[[[-113.65122,53.54125],[-113.65168,53.54134],[-113.65452,53.5414],[-113.65551,53.5415],[-113.65639,53.54174],[-113.65708,53.54214],[-113.65791,53.54312],[-113.6584,53.54407],[-113.65853,53.54508],[-113.65858,53.5472],[-113.65873,53.54746]],[[-113.65751,53.54126],[-113.65794,53.54135],[-113.66115,53.54143],[-113.66179,53.54153],[-113.66219,53.54169],[-113.66258,53.54204],[-113.66266,53.54243],[-113.66245,53.54278],[-113.66189,53.5431],[-113.66115,53.5432],[-113.66042,53.54306],[-113.65989,53.5427],[-113.65968,53.5421],[-113.65961,53.53957],[-113.65948,53.53932]]]}},{"type":"Feature","properties":{"name":"Anthony Henday Drive NW / Terwillegar Drive NW ramp","highway":"motorway","ref":"","link":1},"geometry":{"type":"MultiLineString","coordinates":[[[-113.59337,53.43625],[-113.59552,53.43857],[-113.59629,53.43985],[-113.59721,53.44309],[-113.59773,53.44441],[-113.59751,53.44483],[-113.59675,53.44522]],[[-113.60284,53.44338],[-113.60186,53.44339],[-113.60125,53.44312],[-113.60075,53.44262],[-113.59902,53.44029],[-113.59685,53.43864],[-113.59521,53.43704],[-113.59405,53.43609],[-113.59301,53.43547]],[[-113.59681,53.44531],[-113.5978,53.44524],[-113.59832,53.44536],[-113.60182,53.44777],[-113.60287,53.44875],[-113.60505,53.45161],[-113.60565,53.45213]],[[-113.59736,53.44344],[-113.59912,53.44587]],[[-113.6026,53.4453],[-113.60075,53.44262]],[[-113.6056,53.45132],[-113.60373,53.44815],[-113.60283,53.4457],[-113.60213,53.44442],[-113.60221,53.44396],[-113.60247,53.44372],[-113.60316,53.44337]]]}},{"type":"Feature","properties":{"name":"Anthony Henday Drive NW / Whitemud Drive NW ramp","highway":"motorway","ref":"","link":1},"geometry":{"type":"MultiLineString","coordinates":[[[-113.65908,53.50332],[-113.65889,53.50403],[-113.6585,53.50859],[-113.65852,53.51331],[-113.65823,53.51378],[-113.65791,53.51395],[-113.65748,53.51404],[-113.65678,53.51396],[-113.65622,53.5136],[-113.65612,53.51317],[-113.65629,53.51283],[-113.65659,53.51262],[-113.65714,53.51246],[-113.66251,53.5123]],[[-113.66691,53.51215],[-113.66504,53.512],[-113.66415,53.5118],[-113.66373,53.51162],[-113.66331,53.51135],[-113.66229,53.51035],[-113.66079,53.50916],[-113.66018,53.50831],[-113.65985,53.5074],[-113.6596,53.504]],[[-113.65946,53.51768],[-113.65961,53.51716],[-113.65977,53.51525],[-113.66031,53.51437],[-113.66222,53.51295],[-113.66285,53.51266],[-113.66357,53.51247],[-113.66534,53.51233]],[[-113.65562,53.51215],[-113.65523,53.51251],[-113.65524,53.51315],[-113.65559,53.51369],[-113.65621,53.51435],[-113.65658,53.51497],[-113.65565,53.51391],[-113.65468,53.51326],[-113.65364,53.51275],[-113.6523,53.51244],[-113.64829,53.51225]],[[-113.65658,53.51497],[-113.65685,53.51587],[-113.65674,53.51755],[-113.65684,53.51816],[-113.65733,53.51898],[-113.65838,53.52016],[-113.65869,53.52083],[-113.65884,53.52393],[-113.65898,53.52448]],[[-113.65862,53.50689],[-113.65834,53.5083],[-113.65815,53.50889],[-113.65776,53.50952],[-113.65687,53.51028],[-113.65509,53.51121],[-113.65396,53.51161],[-113.65222,53.51195],[-113.64732,53.51206],[-113.64658,53.51214]],[[-113.65949,53.51307],[-113.65984,53.5109],[-113.66017,53.5106],[-113.66048,53.5105],[-113.66106,53.51044],[-113.66154,53.5105],[-113.66216,53.51082],[-113.66234,53.51124],[-113.66205,53.51172],[-113.66149,53.51196],[-113.66094,53.51203],[-113.65363,53.51215]]]}},{"type":"Feature","properties":{"name":"Anthony Henday Drive NW / Yellowhead Trail NW ramp","highway":"motorway","ref":"","link":1},"geometry":{"type":"MultiLineString","coordinates":[[[-113.67796,53.57187],[-113.67077,53.57297],[-113.66951,53.57293],[-113.6688,53.57283],[-113.6645,53.57174],[-113.66343,53.57155],[-113.66163,53.57154],[-113.6605,53.57176],[-113.6595,53.57209],[-113.65886,53.57242],[-113.65811,53.573],[-113.65772,53.5735],[-113.65746,53.57421],[-113.65752,53.57515],[-113.65895,53.57818],[-113.65907,53.57876],[-113.6588,53.57984],[-113.65799,53.58103],[-113.65884,53.5794],[-113.65885,53.57849],[-113.65859,53.57791],[-113.65714,53.57595],[-113.65661,53.57545],[-113.65537,53.57463],[-113.65364,53.57412],[-113.65177,53.57383],[-113.65381,53.57397],[-113.6552,53.57425],[-113.65603,53.57457],[-113.65807,53.57564],[-113.65953,53.57609],[-113.66073,53.57623],[-113.66163,53.57623],[-113.66264,53.57609],[-113.6637,53.57581],[-113.66498,53.57516],[-113.66575,53.57446],[-113.66618,53.57351],[-113.66616,53.57286],[-113.66593,53.57224],[-113.66545,53.57161],[-113.66269,53.56957],[-113.66548,53.57138],[-113.66711,53.57204],[-113.67044,53.57272],[-113.67207,53.57275],[-113.67314,53.57264]],[[-113.66061,53.56781],[-113.66099,53.57138],[-113.66094,53.57325],[-113.6607,53.57473],[-113.6604,53.57516],[-113.65978,53.57542],[-113.65917,53.57543],[-113.65883,53.57536],[-113.65827,53.57499],[-113.65818,53.57467],[-113.65832,53.57436],[-113.65867,53.57411],[-113.65916,53.57398],[-113.66431,53.57397],[-113.66466,53.57392]],[[-113.65897,53.58099],[-113.66097,53.57856],[-113.66129,53.57798],[-113.66164,53.57679],[-113.66203,53.57598],[-113.66239,53.57553],[-113.6633,53.57487],[-113.66458,53.57436],[-113.66542,53.57416],[-113.6706,53.57366],[-113.67363,53.57309],[-113.6746,53.57285]],[[-113.66164,53.57679],[-113.66257,53.57247],[-113.66296,53.57219],[-113.66354,53.57203],[-113.66407,53.57206],[-113.66457,53.57226],[-113.66488,53.5726],[-113.66489,53.57293],[-113.66456,53.57329],[-113.66397,53.5735],[-113.65634,53.5735]],[[-113.66054,53.56607],[-113.66043,53.56629],[-113.66061,53.56781],[-113.66059,53.56976],[-113.66022,53.57054],[-113.65941,53.57135],[-113.65852,53.57184],[-113.65665,53.57266],[-113.65608,53.5729],[-113.65519,53.57311],[-113.6532,53.57331],[-113.64967,53.57335]],[[-113.64761,53.57349],[-113.64855,53.57363],[-113.65177,53.57383]],[[-113.66269,53.56957],[-113.66205,53.5689],[-113.66177,53.56838],[-113.66052,53.56397]],[[-113.65799,53.58103],[-113.65636,53.58318]]]}},{"type":"Feature","properties":{"name":"Argyll Road NW","highway":"primary","ref":""},"geometry":{"type":"MultiLineString","coordinates":[[[-113.44291,53.50811],[-113.43916,53.5101],[-113.43804,53.51082],[-113.43456,53.5145]],[[-113.43479,53.51458],[-113.43742,53.51161],[-113.43826,53.51084],[-113.43929,53.51016],[-113.44292,53.50838]]]}},{"type":"Feature","properties":{"name":"Argyll Road NW","highway":"secondary","ref":""},"geometry":{"type":"MultiLineString","coordinates":[[[-113.44292,53.50838],[-113.44664,53.50635],[-113.45858,53.50043],[-113.45964,53.50004]],[[-113.4596,53.49993],[-113.45892,53.50012],[-113.44291,53.50811]]]}},{"type":"Feature","properties":{"name":"Argyll Road NW / Sherwood Park Freeway NW ramp","highway":"motorway","ref":"","link":1},"geometry":{"type":"MultiLineString","coordinates":[[[-113.4282,53.51569],[-113.43009,53.51599],[-113.43102,53.51602],[-113.43165,53.51597],[-113.43326,53.51557],[-113.43425,53.51504],[-113.43479,53.51458]],[[-113.43456,53.5145],[-113.43378,53.51503],[-113.43331,53.51524],[-113.4324,53.51551],[-113.43138,53.51563],[-113.42993,53.51554],[-113.42636,53.51491],[-113.42617,53.51493]]]}},{"type":"Feature","properties":{"name":"Argyll Road NW ramp","highway":"primary","ref":"","link":1},"geometry":{"type":"MultiLineString","coordinates":[[[-113.43593,53.5133],[-113.43626,53.51316],[-113.43657,53.51319],[-113.43635,53.51297],[-113.43634,53.51282]],[[-113.43568,53.51234],[-113.43616,53.51247],[-113.43629,53.51266]],[[-113.43809,53.51222],[-113.43738,53.51207],[-113.4372,53.51186]]]}},{"type":"Feature","properties":{"name":"Argyll Road NW ramp","highway":"secondary","ref":"","link":1},"geometry":{"type":"LineString","coordinates":[[-113.45892,53.50012],[-113.45844,53.5002],[-113.45789,53.50008]]}},{"type":"Feature","properties":{"name":"Aurum Road NE","highway":"secondary","ref":""},"geometry":{"type":"MultiLineString","coordinates":[[[-113.29533,53.59946],[-113.29681,53.59945],[-113.2975,53.59936],[-113.29847,53.59913],[-113.2998,53.59866],[-113.302,53.59751],[-113.30716,53.59446]],[[-113.29771,53.59929],[-113.29663,53.59944]],[[-113.31753,53.58863],[-113.32034,53.58771],[-113.32273,53.58705],[-113.32559,53.58654],[-113.32874,53.58624],[-113.33392,53.58623],[-113.33609,53.58633],[-113.33863,53.58655],[-113.34455,53.58729]],[[-113.34454,53.58716],[-113.33766,53.5863],[-113.33369,53.58607],[-113.3287,53.58617],[-113.32616,53.58639],[-113.32418,53.5867],[-113.32032,53.5876],[-113.31838,53.58825],[-113.31662,53.589],[-113.3155,53.58956],[-113.31109,53.59211],[-113.30716,53.59446],[-113.30764,53.59418]]]}},{"type":"Feature","properties":{"name":"Aurum Road NE ramp","highway":"motorway","ref":"","link":1},"geometry":{"type":"LineString","coordinates":[[-113.34143,53.5869],[-113.34266,53.58718],[-113.34308,53.58741],[-113.34345,53.58778]]}},{"type":"Feature","properties":{"name":"Baseline Road","highway":"primary","ref":""},"geometry":{"type":"MultiLineString","coordinates":[[[-113.37274,53.54127],[-113.39388,53.54124]],[[-113.33934,53.54069],[-113.34689,53.54021],[-113.35738,53.54007],[-113.36139,53.5403],[-113.36621,53.54089]],[[-113.36626,53.54077],[-113.36126,53.54016],[-113.35752,53.53996],[-113.34747,53.54007],[-113.33916,53.54058]],[[-113.39388,53.54112],[-113.37178,53.54114]]]}},{"type":"Feature","properties":{"name":"Baseline Road","highway":"secondary","ref":""},"geometry":{"type":"MultiLineString","coordinates":[[[-113.26871,53.54126],[-113.31273,53.54124],[-113.3239,53.5413],[-113.33112,53.54121],[-113.33934,53.54069]],[[-113.33916,53.54058],[-113.33232,53.54103],[-113.32812,53.54115],[-113.26883,53.54114]]]}},{"type":"Feature","properties":{"name":"Baseline Road / Broadmoor Boulevard ramp","highway":"secondary","ref":"","link":1},"geometry":{"type":"MultiLineString","coordinates":[[[-113.31996,53.54053],[-113.31979,53.54084],[-113.31948,53.54098],[-113.31844,53.54113]],[[-113.3212,53.54115],[-113.32056,53.541],[-113.32021,53.54067]],[[-113.31883,53.54129],[-113.31973,53.54146],[-113.31996,53.54177]],[[-113.32019,53.54185],[-113.32045,53.54148],[-113.32113,53.5413]],[[-113.32018,53.54214],[-113.31997,53.54114]]]}},{"type":"Feature","properties":{"name":"Baseline Road / Sherwood Drive ramp","highway":"secondary","ref":"","link":1},"geometry":{"type":"MultiLineString","coordinates":[[[-113.29552,53.54054],[-113.29514,53.54094],[-113.29447,53.54112]],[[-113.29576,53.54196],[-113.29603,53.54144],[-113.29666,53.54128]],[[-113.29454,53.54127],[-113.29527,53.54145],[-113.29552,53.54195]],[[-113.29743,53.54112],[-113.29623,53.54092],[-113.29593,53.54072],[-113.29575,53.54041]],[[-113.29576,53.54238],[-113.29553,53.54113]]]}},{"type":"Feature","properties":{"name":"Baseline Road NW","highway":"primary","ref":""},"geometry":{"type":"MultiLineString","coordinates":[[[-113.37178,53.54114],[-113.36925,53.54103],[-113.36626,53.54077]],[[-113.36621,53.54089],[-113.36925,53.54116],[-113.37274,53.54127]]]}},{"type":"Feature","properties":{"name":"Baseline Road ramp","highway":"primary","ref":"","link":1},"geometry":{"type":"MultiLineString","coordinates":[[[-113.38736,53.54124],[-113.38784,53.54152],[-113.38809,53.54134],[-113.38846,53.54124]],[[-113.38783,53.5409],[-113.38737,53.54113]]]}},{"type":"Feature","properties":{"name":"Baseline Road ramp","highway":"secondary","ref":"","link":1},"geometry":{"type":"MultiLineString","coordinates":[[[-113.30726,53.54124],[-113.30793,53.54138],[-113.30809,53.54153],[-113.30826,53.54138],[-113.30873,53.54124]],[[-113.28706,53.54113],[-113.28648,53.54101],[-113.28627,53.54083],[-113.28571,53.54112]],[[-113.31273,53.54124],[-113.31347,53.54142],[-113.31379,53.54172],[-113.31399,53.54148],[-113.31463,53.54125]],[[-113.27598,53.54125],[-113.27673,53.54141],[-113.2769,53.54169]],[[-113.30269,53.54165],[-113.30285,53.54144],[-113.30338,53.54124]],[[-113.29068,53.54154],[-113.29085,53.54137],[-113.29129,53.54124]],[[-113.28574,53.54125],[-113.28631,53.54156],[-113.28654,53.5414],[-113.2872,53.54124]],[[-113.27706,53.54165],[-113.27725,53.5414],[-113.27781,53.54124]],[[-113.30179,53.54124],[-113.30236,53.5414],[-113.30257,53.54166]],[[-113.32392,53.54085],[-113.3238,53.54098],[-113.32334,53.54115]],[[-113.32321,53.5413],[-113.32375,53.54149],[-113.32387,53.54167]],[[-113.32405,53.54166],[-113.32425,53.54145],[-113.32476,53.54129]],[[-113.31649,53.54129],[-113.31692,53.54142],[-113.31705,53.54155]],[[-113.31836,53.54113],[-113.31719,53.54123],[-113.31705,53.5413]]]}},{"type":"Feature","properties":{"name":"Belgravia Road NW","highway":"secondary","ref":""},"geometry":{"type":"MultiLineString","coordinates":[[[-113.53881,53.50382],[-113.53731,53.50442],[-113.5347,53.50506],[-113.5341,53.50528],[-113.53334,53.5057],[-113.53173,53.50692],[-113.5311,53.50718],[-113.5303,53.5073],[-113.52842,53.50736],[-113.52659,53.50757],[-113.52443,53.50812]],[[-113.52451,53.50821],[-113.52651,53.50766],[-113.52876,53.50742],[-113.53078,53.50735],[-113.53144,53.5072],[-113.53205,53.50691],[-113.53345,53.50577],[-113.53426,53.50533],[-113.53503,53.50507],[-113.53724,53.50454],[-113.53891,53.50392]]]}},{"type":"Feature","properties":{"name":"Belgravia Road NW / Fox Drive NW ramp","highway":"secondary","ref":"","link":1},"geometry":{"type":"LineString","coordinates":[[-113.53724,53.50454],[-113.53848,53.50429],[-113.53899,53.50427],[-113.54098,53.50478]]}},{"type":"Feature","properties":{"name":"Belgravia Road NW ramp","highway":"secondary","ref":"","link":1},"geometry":{"type":"LineString","coordinates":[[-113.53145,53.50659],[-113.53162,53.50681],[-113.53135,53.5071]]}},{"type":"Feature","properties":{"name":"Bellamy Hill NW","highway":"secondary","ref":""},"geometry":{"type":"MultiLineString","coordinates":[[[-113.49734,53.53473],[-113.49725,53.53511],[-113.49695,53.53552],[-113.49892,53.5339]],[[-113.49375,53.53958],[-113.49398,53.53941],[-113.49477,53.53922],[-113.49552,53.5386],[-113.49562,53.53836],[-113.49568,53.53649],[-113.49588,53.53622],[-113.49695,53.53552]]]}},{"type":"Feature","properties":{"name":"Bellerose Drive","highway":"secondary","ref":""},"geometry":{"type":"MultiLineString","coordinates":[[[-113.60414,53.67222],[-113.60682,53.66904],[-113.60808,53.6664],[-113.60899,53.66541],[-113.60967,53.66489],[-113.61092,53.66418],[-113.61487,53.66258],[-113.61565,53.66207],[-113.61616,53.66155],[-113.61667,53.6604],[-113.61663,53.65913],[-113.61642,53.65844],[-113.61602,53.65769],[-113.61523,53.65682],[-113.61411,53.65508],[-113.61393,53.65425],[-113.61415,53.65333],[-113.61453,53.65276],[-113.61509,53.65223],[-113.61955,53.64911],[-113.62002,53.64863],[-113.62223,53.64572],[-113.62442,53.64357],[-113.62503,53.6432],[-113.62583,53.643]],[[-113.59028,53.68315],[-113.58916,53.68359],[-113.5878,53.68397],[-113.58259,53.68481],[-113.57513,53.6866],[-113.57399,53.68694],[-113.57162,53.68788],[-113.56911,53.68855],[-113.5682,53.68866]],[[-113.60414,53.67222],[-113.59348,53.68102],[-113.59081,53.6829]],[[-113.61602,53.65769],[-113.61455,53.6555],[-113.61425,53.65486],[-113.61421,53.65388],[-113.6145,53.65319],[-113.61515,53.65247],[-113.6197,53.64916],[-113.62245,53.64571],[-113.62459,53.64363],[-113.62507,53.64333],[-113.62587,53.64311]]]}},{"type":"Feature","properties":{"name":"Bellerose Drive / Boudreau Road ramp","highway":"secondary","ref":"","link":1},"geometry":{"type":"MultiLineString","coordinates":[[[-113.61857,53.65048],[-113.61845,53.65026],[-113.61854,53.65007]],[[-113.61747,53.65],[-113.61774,53.6503],[-113.61763,53.65051]],[[-113.6188,53.64971],[-113.61817,53.64997],[-113.61775,53.65]],[[-113.61757,53.65074],[-113.61809,53.65053],[-113.61842,53.65055]]]}},{"type":"Feature","properties":{"name":"Bellerose Drive / St. Albert Trail ramp","highway":"primary","ref":"","link":1},"geometry":{"type":"MultiLineString","coordinates":[[[-113.62507,53.64333],[-113.62564,53.64332],[-113.62607,53.6437]],[[-113.62568,53.64256],[-113.62539,53.64296],[-113.62491,53.64325]]]}},{"type":"Feature","properties":{"name":"Bellerose Drive ramp","highway":"secondary","ref":"","link":1},"geometry":{"type":"MultiLineString","coordinates":[[[-113.61693,53.65099],[-113.61617,53.65163],[-113.61611,53.65178]],[[-113.62223,53.64572],[-113.62192,53.64589],[-113.6216,53.64587]],[[-113.61515,53.65247],[-113.61588,53.65181],[-113.61592,53.65167]]]}},{"type":"Feature","properties":{"name":"Boudreau Road","highway":"secondary","ref":""},"geometry":{"type":"MultiLineString","coordinates":[[[-113.62922,53.65392],[-113.62756,53.65403],[-113.62601,53.65383],[-113.62517,53.65354],[-113.62216,53.65224],[-113.62013,53.65131],[-113.61673,53.64939],[-113.61523,53.64843],[-113.61211,53.64614],[-113.61007,53.64484],[-113.60001,53.64053],[-113.59639,53.63947],[-113.59399,53.6385],[-113.592,53.63763],[-113.58968,53.63639],[-113.58895,53.63614],[-113.5876,53.63598],[-113.56584,53.63603]],[[-113.56584,53.63614],[-113.5874,53.63609],[-113.58831,53.63614],[-113.58909,53.6363],[-113.5897,53.63654],[-113.59236,53.63795],[-113.5963,53.63958],[-113.59883,53.64029],[-113.60039,53.64082],[-113.60897,53.64453],[-113.61031,53.64517],[-113.61215,53.64636],[-113.61506,53.6485],[-113.61657,53.64945],[-113.61842,53.65055],[-113.62204,53.65233],[-113.62506,53.65366],[-113.62579,53.6539],[-113.62649,53.65405],[-113.62742,53.65413],[-113.62926,53.65403]]]}},{"type":"Feature","properties":{"name":"Boudreau Road / Campbell Road ramp","highway":"secondary","ref":"","link":1},"geometry":{"type":"MultiLineString","coordinates":[[[-113.57796,53.63649],[-113.57815,53.63623],[-113.57845,53.63611]],[[-113.57685,53.63611],[-113.57753,53.63618],[-113.57781,53.63638]],[[-113.57781,53.63559],[-113.57762,53.63589],[-113.5773,53.63599]],[[-113.57885,53.63598],[-113.57825,53.63586],[-113.57799,53.63546]]]}},{"type":"Feature","properties":{"name":"Boudreau Road / Hebert Road ramp","highway":"secondary","ref":"","link":1},"geometry":{"type":"MultiLineString","coordinates":[[[-113.59008,53.63613],[-113.5897,53.63623],[-113.58928,53.63624]],[[-113.59031,53.63672],[-113.59016,53.63653],[-113.5903,53.63617]]]}},{"type":"Feature","properties":{"name":"Boudreau Road / St. Albert Trail ramp","highway":"primary","ref":"","link":1},"geometry":{"type":"MultiLineString","coordinates":[[[-113.62845,53.6541],[-113.62914,53.6542],[-113.62935,53.65436]],[[-113.62905,53.65332],[-113.62891,53.65385],[-113.6287,53.65397]]]}},{"type":"Feature","properties":{"name":"Boudreau Road / Vaness Road ramp","highway":"secondary","ref":"","link":1},"geometry":{"type":"LineString","coordinates":[[-113.56679,53.63602],[-113.56628,53.63592],[-113.5661,53.63581],[-113.56593,53.63533]]}},{"type":"Feature","properties":{"name":"Boudreau Road ramp","highway":"secondary","ref":"","link":1},"geometry":{"type":"LineString","coordinates":[[-113.60001,53.64053],[-113.59845,53.63986],[-113.5974,53.63907]]}},{"type":"Feature","properties":{"name":"Brentwood Boulevard","highway":"secondary","ref":""},"geometry":{"type":"MultiLineString","coordinates":[[[-113.29736,53.5247],[-113.29617,53.52356],[-113.29582,53.52299],[-113.29566,53.52241],[-113.29564,53.51203]],[[-113.29545,53.51203],[-113.29547,53.52236],[-113.29587,53.52342],[-113.2972,53.52476]]]}},{"type":"Feature","properties":{"name":"Brentwood Boulevard / Sherwood Drive ramp","highway":"secondary","ref":"","link":1},"geometry":{"type":"MultiLineString","coordinates":[[[-113.29781,53.52436],[-113.29731,53.52441],[-113.29686,53.52426]],[[-113.29655,53.52418],[-113.29672,53.52458],[-113.29631,53.52503]],[[-113.29827,53.52424],[-113.29731,53.52465],[-113.2972,53.52476]]]}},{"type":"Feature","properties":{"name":"Brentwood Boulevard / Wye Road ramp","highway":"secondary","ref":"","link":1},"geometry":{"type":"MultiLineString","coordinates":[[[-113.29475,53.51216],[-113.29531,53.51234],[-113.29544,53.51261]],[[-113.29567,53.5136],[-113.29584,53.51239],[-113.29603,53.51225],[-113.29647,53.51218]],[[-113.29544,53.51126],[-113.29565,53.51217]]]}},{"type":"Feature","properties":{"name":"Brentwood Boulevard ramp","highway":"secondary","ref":"","link":1},"geometry":{"type":"MultiLineString","coordinates":[[[-113.29548,53.51564],[-113.29508,53.51589],[-113.29533,53.51598],[-113.29548,53.51628]],[[-113.29567,53.51627],[-113.29575,53.516],[-113.29603,53.51588],[-113.29567,53.51566]]]}},{"type":"Feature","properties":{"name":"Broadmoor Boulevard","highway":"secondary","ref":""},"geometry":{"type":"MultiLineString","coordinates":[[[-113.31983,53.57226],[-113.31984,53.56867],[-113.32008,53.56579],[-113.32011,53.54486],[-113.32021,53.54103],[-113.32004,53.51898]],[[-113.31937,53.51934],[-113.31975,53.51952],[-113.31987,53.51978],[-113.32,53.53792],[-113.31985,53.55464],[-113.3199,53.56578],[-113.31963,53.56867],[-113.31965,53.57227]]]}},{"type":"Feature","properties":{"name":"Broadmoor Boulevard / Lakeland Drive ramp","highway":"secondary","ref":"","link":1},"geometry":{"type":"MultiLineString","coordinates":[[[-113.31985,53.55508],[-113.31969,53.55544],[-113.31942,53.55556],[-113.31787,53.55569]],[[-113.31835,53.55582],[-113.3194,53.55588],[-113.31962,53.55597],[-113.31986,53.55625]],[[-113.31985,53.55464],[-113.3201,53.55577]]]}},{"type":"Feature","properties":{"name":"Broadmoor Boulevard ramp","highway":"secondary","ref":"","link":1},"geometry":{"type":"MultiLineString","coordinates":[[[-113.31989,53.52084],[-113.31974,53.52108],[-113.31948,53.52119],[-113.31974,53.52125],[-113.31989,53.5216]],[[-113.31935,53.56293],[-113.31971,53.56301],[-113.3199,53.56322]],[[-113.31999,53.53722],[-113.31987,53.53747],[-113.31956,53.53761],[-113.31982,53.53772],[-113.32,53.53792]],[[-113.31932,53.55978],[-113.31969,53.55988],[-113.3199,53.56016]],[[-113.32019,53.5398],[-113.32033,53.53951],[-113.32076,53.5394],[-113.32036,53.53933],[-113.32019,53.53907]],[[-113.32007,53.52182],[-113.32016,53.52129],[-113.32046,53.52114],[-113.32015,53.52105],[-113.32007,53.52075]],[[-113.3199,53.55938],[-113.3197,53.55964],[-113.31935,53.55971]],[[-113.3201,53.55627],[-113.32031,53.55588],[-113.32062,53.55575]],[[-113.3199,53.56258],[-113.31974,53.56275],[-113.31942,53.56285]],[[-113.32015,53.53497],[-113.32029,53.53463],[-113.32076,53.53452],[-113.32028,53.53442],[-113.32012,53.53413]],[[-113.32074,53.55562],[-113.32027,53.55547],[-113.32011,53.55516]],[[-113.32016,53.53676],[-113.32025,53.53657],[-113.32053,53.53642],[-113.32024,53.53625],[-113.32015,53.53606]],[[-113.32058,53.54488],[-113.32013,53.54459]],[[-113.32012,53.5452],[-113.32054,53.54496]],[[-113.31907,53.55019],[-113.31972,53.55036],[-113.31992,53.55056]],[[-113.31992,53.54975],[-113.31964,53.55002],[-113.31931,53.55009]],[[-113.32018,53.53819],[-113.32028,53.53774],[-113.32066,53.5376],[-113.32031,53.53746],[-113.32016,53.5371]],[[-113.31993,53.53103],[-113.3198,53.53133],[-113.31951,53.53148],[-113.31976,53.53157],[-113.31995,53.53179]],[[-113.31873,53.56579],[-113.31952,53.56586],[-113.31971,53.56601],[-113.31986,53.56652]]]}},{"type":"Feature","properties":{"name":"Bulyea Road NW","highway":"secondary","ref":""},"geometry":{"type":"LineString","coordinates":[[-113.57575,53.47653],[-113.57461,53.47619]]}},{"type":"Feature","properties":{"name":"Calgary Trail NW","highway":"secondary","ref":""},"geometry":{"type":"LineString","coordinates":[[-113.49756,53.49339],[-113.49723,53.49294],[-113.49541,53.49173],[-113.4951,53.49137],[-113.49491,53.49095],[-113.49487,53.48401],[-113.49533,53.48111]]}},{"type":"Feature","properties":{"name":"Calgary Trail NW","highway":"trunk","ref":""},"geometry":{"type":"MultiLineString","coordinates":[[[-113.4955,53.48018],[-113.49555,53.47971]],[[-113.49533,53.48111],[-113.49541,53.48074]]]}},{"type":"Feature","properties":{"name":"Calgary Trail NW","highway":"motorway","ref":"2"},"geometry":{"type":"LineString","coordinates":[[-113.49236,53.45942],[-113.49236,53.45775],[-113.49266,53.45415],[-113.4929,53.44265],[-113.49278,53.4418],[-113.49255,53.44115],[-113.49081,53.43809]]}},{"type":"Feature","properties":{"name":"Calgary Trail NW","highway":"trunk","ref":"2"},"geometry":{"type":"MultiLineString","coordinates":[[[-113.49541,53.48074],[-113.4955,53.48018]],[[-113.49555,53.47971],[-113.49561,53.46603],[-113.49546,53.46526],[-113.49503,53.46415],[-113.49299,53.46123],[-113.49256,53.46023],[-113.49236,53.45942]]]}},{"type":"Feature","properties":{"name":"Calgary Trail NW / Whitemud Drive NW ramp","highway":"motorway","ref":"","link":1},"geometry":{"type":"MultiLineString","coordinates":[[[-113.48786,53.48048],[-113.49159,53.48067],[-113.49463,53.48099],[-113.49521,53.48095],[-113.49541,53.48074]],[[-113.4955,53.48018],[-113.49526,53.47987],[-113.49494,53.47981],[-113.49222,53.48019],[-113.48877,53.48028],[-113.48785,53.48037]]]}},{"type":"Feature","properties":{"name":"Calgary Trail NW ramp","highway":"motorway","ref":"","link":1},"geometry":{"type":"LineString","coordinates":[[-113.49266,53.45415],[-113.49284,53.45378],[-113.49299,53.45279],[-113.49306,53.45017]]}},{"type":"Feature","properties":{"name":"Calgary Trail NW ramp","highway":"trunk","ref":"","link":1},"geometry":{"type":"MultiLineString","coordinates":[[[-113.49291,53.46108],[-113.49288,53.46028],[-113.4932,53.46016]],[[-113.49623,53.47796],[-113.49588,53.47789],[-113.49561,53.47761]],[[-113.49469,53.46359],[-113.49498,53.46307]]]}},{"type":"Feature","properties":{"name":"Calgary Trail SW","highway":"motorway","ref":"2"},"geometry":{"type":"LineString","coordinates":[[-113.49081,53.43809],[-113.49046,53.4367],[-113.49051,53.43572],[-113.49069,53.43507],[-113.49124,53.43403],[-113.49273,53.43205],[-113.49324,53.43119],[-113.49362,53.42997],[-113.49364,53.42877],[-113.4933,53.42479],[-113.49344,53.42029],[-113.49358,53.41944],[-113.494,53.41835],[-113.49468,53.41726],[-113.49559,53.41627],[-113.50303,53.40982],[-113.50509,53.40795],[-113.50574,53.40724],[-113.50651,53.40606],[-113.50957,53.40045],[-113.51248,53.3961]]}},{"type":"Feature","properties":{"name":"Calgary Trail SW / Ellerslie Road SW ramp","highway":"motorway","ref":"","link":1},"geometry":{"type":"MultiLineString","coordinates":[[[-113.49509,53.42475],[-113.49461,53.42464],[-113.4944,53.42442],[-113.49438,53.42581],[-113.49461,53.42517],[-113.49521,53.42487]],[[-113.49362,53.42997],[-113.49382,53.4295],[-113.4939,53.42815],[-113.49438,53.42581]],[[-113.49428,53.42365],[-113.49451,53.4229],[-113.49429,53.42216]],[[-113.4944,53.42442],[-113.49393,53.42221],[-113.49376,53.42058],[-113.49387,53.41954],[-113.49445,53.41759]]]}},{"type":"Feature","properties":{"name":"Calgary Trail SW / Gateway Boulevard SW ramp","highway":"motorway","ref":"","link":1},"geometry":{"type":"LineString","coordinates":[[-113.49348,53.41993],[-113.49366,53.41887],[-113.49438,53.41738],[-113.49505,53.4165],[-113.49722,53.41416],[-113.49748,53.41348],[-113.49792,53.41318],[-113.49613,53.41382],[-113.49558,53.41415],[-113.49508,53.41461],[-113.49407,53.41637],[-113.49312,53.41918]]}},{"type":"Feature","properties":{"name":"Calgary Trail SW ramp","highway":"motorway","ref":"","link":1},"geometry":{"type":"LineString","coordinates":[[-113.49943,53.41187],[-113.50181,53.41049],[-113.50252,53.40995],[-113.5048,53.40799],[-113.50607,53.40649],[-113.50641,53.40624]]}},{"type":"Feature","properties":{"name":"Callingwood Road NW","highway":"secondary","ref":""},"geometry":{"type":"MultiLineString","coordinates":[[[-113.66078,53.49407],[-113.64844,53.4954],[-113.64666,53.49548],[-113.63859,53.4955],[-113.63407,53.49587],[-113.62373,53.49709],[-113.62322,53.49707],[-113.61909,53.49746],[-113.61535,53.49754]],[[-113.61534,53.49761],[-113.61926,53.49756],[-113.62118,53.49741],[-113.62373,53.49709]],[[-113.63758,53.49561],[-113.6478,53.49555],[-113.64952,53.49542],[-113.65613,53.49468]]]}},{"type":"Feature","properties":{"name":"Campbell Road","highway":"secondary","ref":""},"geometry":{"type":"MultiLineString","coordinates":[[[-113.57797,53.64234],[-113.57799,53.63359],[-113.57785,53.63263],[-113.57714,53.63019]],[[-113.5768,53.63032],[-113.57752,53.63212],[-113.57779,53.63363],[-113.57779,53.64234]]]}},{"type":"Feature","properties":{"name":"Campbell Road / Poirier Avenue ramp","highway":"secondary","ref":"","link":1},"geometry":{"type":"LineString","coordinates":[[-113.57904,53.64232],[-113.57823,53.64217],[-113.57797,53.64181]]}},{"type":"Feature","properties":{"name":"Campbell Road NW","highway":"secondary","ref":""},"geometry":{"type":"MultiLineString","coordinates":[[[-113.57714,53.63019],[-113.57637,53.6281],[-113.57617,53.6272],[-113.57636,53.62619],[-113.57685,53.62537],[-113.5779,53.62439],[-113.57904,53.62374],[-113.58673,53.62086],[-113.58802,53.62022],[-113.58926,53.61932],[-113.59013,53.61832],[-113.59072,53.61707],[-113.59082,53.61652],[-113.59085,53.61254],[-113.59126,53.61176]],[[-113.59106,53.61165],[-113.59063,53.61239],[-113.59059,53.61674],[-113.59031,53.61764],[-113.58977,53.61855],[-113.58852,53.61973],[-113.58718,53.62052],[-113.57951,53.6234],[-113.57827,53.62399],[-113.57728,53.62469],[-113.57639,53.62573],[-113.57597,53.62695],[-113.576,53.6281],[-113.5768,53.63032]]]}},{"type":"Feature","properties":{"name":"Campbell Road NW ramp","highway":"secondary","ref":"","link":1},"geometry":{"type":"LineString","coordinates":[[-113.59143,53.61526],[-113.59104,53.61516],[-113.59084,53.61484]]}},{"type":"Feature","properties":{"name":"Castle Downs Road NW","highway":"secondary","ref":""},"geometry":{"type":"MultiLineString","coordinates":[[[-113.49203,53.62893],[-113.50513,53.6289],[-113.50663,53.6288],[-113.50792,53.6286],[-113.50924,53.62827],[-113.51031,53.6279],[-113.51604,53.6252],[-113.5175,53.6243],[-113.51838,53.62345],[-113.51884,53.62283],[-113.51925,53.6219],[-113.51937,53.62056],[-113.51914,53.61972],[-113.51883,53.61908],[-113.51773,53.61766],[-113.51722,53.61683],[-113.51686,53.61565],[-113.51681,53.59946]],[[-113.51663,53.59946],[-113.51666,53.61566],[-113.51703,53.61686],[-113.51745,53.61755],[-113.51865,53.61911],[-113.51896,53.61974],[-113.51917,53.62057],[-113.51905,53.62189],[-113.51865,53.62281],[-113.5182,53.62341],[-113.51708,53.62443],[-113.51594,53.6251],[-113.51021,53.6278],[-113.50912,53.62818],[-113.50788,53.62849],[-113.5066,53.62869],[-113.50507,53.62879],[-113.49177,53.62879]]]}},{"type":"Feature","properties":{"name":"Clover Bar Road","highway":"secondary","ref":""},"geometry":{"type":"MultiLineString","coordinates":[[[-113.26681,53.51986],[-113.26885,53.51899],[-113.26973,53.51834],[-113.27037,53.51749],[-113.27064,53.51641],[-113.27064,53.51205]],[[-113.26896,53.55113],[-113.27509,53.55466],[-113.27591,53.55546],[-113.27619,53.55619],[-113.27617,53.55687],[-113.27591,53.55747],[-113.27173,53.56319],[-113.27108,53.56431],[-113.27095,53.56484],[-113.27078,53.57053],[-113.2705,53.5715]],[[-113.27089,53.57107],[-113.27126,53.56445],[-113.27196,53.56326],[-113.27606,53.55767],[-113.27638,53.55708],[-113.27648,53.55636],[-113.2761,53.5554],[-113.2753,53.55462],[-113.2691,53.55106]]]}},{"type":"Feature","properties":{"name":"Clover Bar Road / Cloverbar Road ramp","highway":"motorway","ref":"","link":1},"geometry":{"type":"MultiLineString","coordinates":[[[-113.26876,53.57029],[-113.27205,53.57044],[-113.2726,53.57068],[-113.27279,53.57103],[-113.27254,53.57144],[-113.27215,53.57162],[-113.27183,53.57166],[-113.2712,53.57152],[-113.27096,53.5713],[-113.27089,53.57107]],[[-113.2717,53.57166],[-113.2705,53.5715]]]}},{"type":"Feature","properties":{"name":"Clover Bar Road / Lakeland Drive ramp","highway":"secondary","ref":"","link":1},"geometry":{"type":"MultiLineString","coordinates":[[[-113.2774,53.5567],[-113.27678,53.55653],[-113.27644,53.55607]],[[-113.27507,53.55657],[-113.27586,53.55685],[-113.276,53.55709],[-113.27591,53.55747]],[[-113.27626,53.55735],[-113.27655,53.55703],[-113.27724,53.55684]],[[-113.27432,53.55648],[-113.27637,53.55661],[-113.27634,53.55619],[-113.27604,53.55569],[-113.27607,53.55611],[-113.27592,53.55628],[-113.27544,53.55642],[-113.27495,53.5564]],[[-113.27637,53.55661],[-113.27632,53.55667],[-113.27621,53.55656]],[[-113.27637,53.55661],[-113.27647,53.55659]],[[-113.27591,53.55787],[-113.27631,53.55682],[-113.27632,53.55667],[-113.27619,53.5567]],[[-113.27867,53.55686],[-113.27639,53.55667],[-113.27646,53.55673]]]}},{"type":"Feature","properties":{"name":"Clover Bar Road / Wye Road ramp","highway":"secondary","ref":"","link":1},"geometry":{"type":"LineString","coordinates":[[-113.27065,53.51263],[-113.27092,53.51225],[-113.27123,53.51217]]}},{"type":"Feature","properties":{"name":"Clover Bar Road / Yellowhead Highway ramp","highway":"motorway","ref":"","link":1},"geometry":{"type":"MultiLineString","coordinates":[[[-113.27011,53.56866],[-113.27059,53.56887],[-113.27082,53.56916]],[[-113.2717,53.57001],[-113.26959,53.56986],[-113.26914,53.56968],[-113.26898,53.5695],[-113.26899,53.56903],[-113.26937,53.56877],[-113.26991,53.56867],[-113.27102,53.56867]]]}},{"type":"Feature","properties":{"name":"Clover Bar Road ramp","highway":"motorway","ref":"","link":1},"geometry":{"type":"LineString","coordinates":[[-113.27103,53.56859],[-113.26983,53.56858],[-113.27048,53.56846],[-113.27082,53.56813]]}},{"type":"Feature","properties":{"name":"Clover Bar Road ramp","highway":"secondary","ref":"","link":1},"geometry":{"type":"MultiLineString","coordinates":[[[-113.27099,53.51605],[-113.27077,53.51595],[-113.27062,53.51568]],[[-113.27367,53.56094],[-113.27399,53.56079],[-113.27438,53.56078]],[[-113.27061,53.51667],[-113.27071,53.51632],[-113.27107,53.51616]],[[-113.27388,53.55337],[-113.27363,53.55344],[-113.27339,53.55342],[-113.27273,53.55311]],[[-113.2746,53.56068],[-113.2742,53.56042],[-113.27436,53.56001]],[[-113.274,53.55386],[-113.27385,53.55363],[-113.27397,53.55345]],[[-113.27067,53.51389],[-113.27081,53.51369],[-113.27107,53.51357]],[[-113.27113,53.56766],[-113.27127,53.56719],[-113.27165,53.56699]],[[-113.27189,53.56688],[-113.27139,53.56672],[-113.27119,53.56634]],[[-113.27061,53.56693],[-113.27093,53.56722]],[[-113.27121,53.56491],[-113.27159,53.56468]],[[-113.27164,53.56457],[-113.27137,53.56423]],[[-113.27492,53.55923],[-113.27514,53.55906],[-113.27566,53.55894],[-113.27545,53.55871],[-113.27545,53.55852]],[[-113.27528,53.55837],[-113.27483,53.5586],[-113.27443,53.55862],[-113.27472,53.55884],[-113.27468,53.55919]],[[-113.27301,53.56042],[-113.27335,53.56057],[-113.27341,53.56092]],[[-113.27415,53.5599],[-113.27375,53.56028],[-113.27354,53.56035],[-113.27325,53.56032]],[[-113.27556,53.56097],[-113.27378,53.56058],[-113.27324,53.56151]],[[-113.27216,53.56013],[-113.2738,53.56054],[-113.27376,53.56047]],[[-113.27113,53.56766],[-113.27102,53.56696],[-113.27093,53.56699]],[[-113.27378,53.56058],[-113.27385,53.56054],[-113.27389,53.56064]],[[-113.27148,53.56357],[-113.27117,53.56445],[-113.27122,53.5646]],[[-113.27458,53.55969],[-113.27505,53.55885],[-113.27499,53.55876]],[[-113.2744,53.55956],[-113.27385,53.56054],[-113.27398,53.56052]],[[-113.27571,53.55778],[-113.27521,53.55882]],[[-113.27378,53.56058],[-113.27367,53.56058]],[[-113.27094,53.56573],[-113.27107,53.56693],[-113.27116,53.567]],[[-113.2712,53.5659],[-113.27109,53.5647],[-113.27098,53.56458]],[[-113.27288,53.56688],[-113.27102,53.56696],[-113.27093,53.56689]]]}},{"type":"Feature","properties":{"name":"Cloverbar Road","highway":"secondary","ref":""},"geometry":{"type":"LineString","coordinates":[[-113.27073,53.57153],[-113.27089,53.57107]]}},{"type":"Feature","properties":{"name":"Connors Road NW","highway":"secondary","ref":""},"geometry":{"type":"MultiLineString","coordinates":[[[-113.4783,53.53301],[-113.47676,53.53301],[-113.47536,53.53288],[-113.47421,53.53266],[-113.47294,53.53228],[-113.47063,53.53131],[-113.46799,53.52985],[-113.46388,53.52803],[-113.45898,53.52528],[-113.45833,53.5251],[-113.45722,53.52509]],[[-113.48817,53.53835],[-113.48514,53.53734],[-113.48472,53.53713],[-113.48436,53.53652],[-113.48368,53.53408],[-113.48331,53.53358],[-113.4829,53.53329],[-113.48215,53.533],[-113.48133,53.53287],[-113.47943,53.53288],[-113.4783,53.53301],[-113.48035,53.533],[-113.48116,53.53318],[-113.48171,53.53341],[-113.48261,53.53417],[-113.48339,53.53504],[-113.48414,53.53666],[-113.4846,53.53718],[-113.48515,53.53745],[-113.48823,53.53848]],[[-113.45728,53.52521],[-113.45841,53.52523],[-113.45925,53.52547]],[[-113.47063,53.53131],[-113.47123,53.53167],[-113.47294,53.53228]]]}},{"type":"Feature","properties":{"name":"Connors Road NW / McDougall Hill Road NW ramp","highway":"secondary","ref":"","link":1},"geometry":{"type":"LineString","coordinates":[[-113.48823,53.53848],[-113.48819,53.53878],[-113.48701,53.53988]]}},{"type":"Feature","properties":{"name":"Connors Road NW ramp","highway":"secondary","ref":"","link":1},"geometry":{"type":"MultiLineString","coordinates":[[[-113.46837,53.52973],[-113.46799,53.52985]],[[-113.46539,53.52889],[-113.46569,53.52886]],[[-113.46838,53.53033],[-113.46872,53.53023]]]}},{"type":"Feature","properties":{"name":"Cunningham Road","highway":"secondary","ref":""},"geometry":{"type":"MultiLineString","coordinates":[[[-113.60069,53.6286],[-113.60135,53.62883],[-113.60444,53.62884],[-113.60505,53.62895],[-113.61644,53.6339]],[[-113.61661,53.63384],[-113.60507,53.62882],[-113.6046,53.62874],[-113.60149,53.62874],[-113.6008,53.62852]]]}},{"type":"Feature","properties":{"name":"Cunningham Road / Sir Winston Churchill Avenue ramp","highway":"secondary","ref":"","link":1},"geometry":{"type":"LineString","coordinates":[[-113.61552,53.6335],[-113.61567,53.63377],[-113.61545,53.63414]]}},{"type":"Feature","properties":{"name":"Dawson Road","highway":"secondary","ref":""},"geometry":{"type":"LineString","coordinates":[[-113.63405,53.64101],[-113.63881,53.65276]]}},{"type":"Feature","properties":{"name":"Ellerslie Road SW","highway":"secondary","ref":""},"geometry":{"type":"MultiLineString","coordinates":[[[-113.49413,53.42475],[-113.4854,53.42477],[-113.47837,53.425],[-113.47227,53.42484],[-113.45087,53.42485],[-113.4434,53.42474],[-113.42803,53.42486],[-113.4183,53.42469],[-113.41641,53.42471],[-113.41469,53.4249],[-113.42113,53.42491],[-113.42657,53.42504],[-113.43025,53.42505],[-113.43899,53.42494],[-113.46953,53.425],[-113.47858,53.42518],[-113.47992,53.42518],[-113.48301,53.42498],[-113.49047,53.42485],[-113.49616,53.42487],[-113.49842,53.42497],[-113.50916,53.4249],[-113.555,53.4249],[-113.5521,53.42474],[-113.53844,53.42472],[-113.53469,53.42479],[-113.51086,53.42472],[-113.49413,53.42475]],[[-113.39357,53.42488],[-113.37972,53.42484],[-113.36747,53.42491]],[[-113.61572,53.42105],[-113.6132,53.42108],[-113.6105,53.42138],[-113.60909,53.42164],[-113.6082,53.42189],[-113.60735,53.42225],[-113.60396,53.42406],[-113.60276,53.42446],[-113.60123,53.42473],[-113.59936,53.42491],[-113.58936,53.42494],[-113.58771,53.42511]],[[-113.57258,53.42511],[-113.5738,53.42519],[-113.57695,53.42519],[-113.58049,53.42509],[-113.58737,53.42517],[-113.58771,53.42511],[-113.58085,53.42503],[-113.57336,53.42513],[-113.57258,53.42511],[-113.57144,53.42492],[-113.57028,53.42486],[-113.5683,53.42492],[-113.555,53.4249]],[[-113.39357,53.42488],[-113.39743,53.42496],[-113.40335,53.42488],[-113.41469,53.4249]],[[-113.60276,53.42446],[-113.60355,53.42429],[-113.60396,53.42406]],[[-113.61094,53.42133],[-113.61572,53.42126]]]}},{"type":"Feature","properties":{"name":"Ellerslie Road SW / Gateway Boulevard SW ramp","highway":"motorway","ref":"","link":1},"geometry":{"type":"MultiLineString","coordinates":[[[-113.49402,53.4161],[-113.49368,53.41628],[-113.49307,53.41773],[-113.49272,53.41898],[-113.49236,53.42172],[-113.49182,53.42378],[-113.49178,53.42568],[-113.49166,53.42527],[-113.49149,53.42511],[-113.4911,53.42496],[-113.49047,53.42485]],[[-113.49178,53.42568],[-113.49208,53.4273],[-113.49213,53.42819],[-113.49128,53.43127]]]}},{"type":"Feature","properties":{"name":"Ellerslie Road SW / Heritage Valley Trail SW ramp","highway":"secondary","ref":"","link":1},"geometry":{"type":"LineString","coordinates":[[-113.54686,53.42491],[-113.54758,53.42503],[-113.54779,53.42518]]}},{"type":"Feature","properties":{"name":"Ellerslie Road SW / Parsons Road SW ramp","highway":"secondary","ref":"","link":1},"geometry":{"type":"MultiLineString","coordinates":[[[-113.48099,53.4249],[-113.48023,53.4248],[-113.47994,53.42436]],[[-113.4776,53.42518],[-113.47793,53.4251],[-113.47974,53.42504],[-113.47993,53.42497]],[[-113.48177,53.42486],[-113.48011,53.42506],[-113.47992,53.42518]]]}},{"type":"Feature","properties":{"name":"Ellerslie Road SW / Rabbit Hill Road SW ramp","highway":"secondary","ref":"","link":1},"geometry":{"type":"LineString","coordinates":[[-113.5864,53.42516],[-113.58893,53.42523],[-113.58935,53.42545],[-113.58935,53.42581]]}},{"type":"Feature","properties":{"name":"Ellerslie Road SW ramp","highway":"secondary","ref":"","link":1},"geometry":{"type":"MultiLineString","coordinates":[[[-113.5037,53.42477],[-113.50374,53.42487],[-113.50395,53.42494]],[[-113.4279,53.42486],[-113.42616,53.42495],[-113.42594,53.42502]],[[-113.42391,53.42497],[-113.42567,53.42491],[-113.42594,53.42484]],[[-113.43794,53.42477],[-113.43646,53.42486],[-113.43629,53.42496]],[[-113.43402,53.42501],[-113.43615,53.42487],[-113.43631,53.42477]],[[-113.46496,53.42485],[-113.46311,53.42493],[-113.46283,53.42499]],[[-113.46089,53.425],[-113.46272,53.42491],[-113.46299,53.42484]],[[-113.47837,53.425],[-113.47704,53.42509],[-113.47691,53.42516]],[[-113.47522,53.42512],[-113.47691,53.42498]],[[-113.50008,53.42495],[-113.50124,53.42485],[-113.50148,53.42476]],[[-113.51086,53.42472],[-113.51049,53.4248],[-113.50892,53.42491]],[[-113.50748,53.42491],[-113.50893,53.42482],[-113.50915,53.42473]],[[-113.51197,53.42491],[-113.51345,53.42481],[-113.51364,53.42475]],[[-113.51822,53.42492],[-113.52025,53.42483],[-113.52039,53.42476]],[[-113.44065,53.42475],[-113.44014,53.42485],[-113.43909,53.42488],[-113.43899,53.42494]],[[-113.41987,53.42491],[-113.42178,53.42481],[-113.42197,53.42474]],[[-113.42394,53.42479],[-113.42196,53.42485],[-113.42177,53.42492]],[[-113.45753,53.42483],[-113.45541,53.42492],[-113.45519,53.425]],[[-113.45322,53.42499],[-113.4552,53.4249],[-113.45541,53.42484]],[[-113.53878,53.4249],[-113.54066,53.4248],[-113.54099,53.42473]],[[-113.5431,53.42473],[-113.54115,53.42481],[-113.541,53.42489]],[[-113.52234,53.42476],[-113.52054,53.42484],[-113.52026,53.42491]],[[-113.51483,53.42476],[-113.51389,53.42483],[-113.51365,53.42491]]]}},{"type":"Feature","properties":{"name":"Ewing Trail SW","highway":"secondary","ref":""},"geometry":{"type":"MultiLineString","coordinates":[[[-113.4917,53.3957],[-113.4916,53.39879],[-113.49176,53.39857],[-113.49204,53.39744],[-113.49206,53.3957]],[[-113.4916,53.39879],[-113.49119,53.39983],[-113.49074,53.40053],[-113.48971,53.40161],[-113.48836,53.40256],[-113.48554,53.40408],[-113.48475,53.40473],[-113.48424,53.4053],[-113.48383,53.40597],[-113.48354,53.40692],[-113.4834,53.41004]],[[-113.48339,53.40882],[-113.48322,53.41005]]]}},{"type":"Feature","properties":{"name":"Fort Road NW","highway":"primary","ref":""},"geometry":{"type":"MultiLineString","coordinates":[[[-113.42184,53.59907],[-113.42426,53.59694],[-113.43628,53.58827],[-113.43754,53.58762],[-113.44291,53.58519],[-113.44672,53.58373],[-113.45145,53.58151],[-113.45376,53.58024],[-113.45427,53.5798],[-113.45458,53.57931]],[[-113.45434,53.57923],[-113.45405,53.57967],[-113.45349,53.58019],[-113.45071,53.58165],[-113.44632,53.58369],[-113.44358,53.58466],[-113.43656,53.58792],[-113.42549,53.59591],[-113.42399,53.59675],[-113.42112,53.59802],[-113.42047,53.59847]]]}},{"type":"Feature","properties":{"name":"Fort Road NW / Yellowhead Trail NW ramp","highway":"motorway","ref":"","link":1},"geometry":{"type":"MultiLineString","coordinates":[[[-113.44981,53.5787],[-113.45221,53.58026],[-113.45238,53.58058],[-113.45212,53.58093]],[[-113.45803,53.58237],[-113.45603,53.58215],[-113.45477,53.58165],[-113.45386,53.58094],[-113.45363,53.58065],[-113.45363,53.58038],[-113.45376,53.58024]],[[-113.45224,53.5811],[-113.45233,53.58095],[-113.453,53.5805],[-113.45246,53.58041],[-113.45277,53.58033],[-113.45284,53.58018],[-113.453,53.5805],[-113.45339,53.58047]],[[-113.4539,53.57984],[-113.45331,53.58006],[-113.45287,53.58005],[-113.45255,53.57994],[-113.45161,53.57931],[-113.45071,53.57883],[-113.44986,53.57855]],[[-113.45367,53.5808],[-113.45316,53.5806],[-113.45264,53.58065]],[[-113.45224,53.5811],[-113.45314,53.58097],[-113.45424,53.58183],[-113.45546,53.58236],[-113.45681,53.58258],[-113.45804,53.58251]],[[-113.45221,53.58026],[-113.45246,53.58041]],[[-113.45284,53.58018],[-113.45255,53.57994]],[[-113.45386,53.58094],[-113.45346,53.58073],[-113.45317,53.58082],[-113.45314,53.58097],[-113.45301,53.58071],[-113.45326,53.58033]]]}},{"type":"Feature","properties":{"name":"Fort Road NW ramp","highway":"primary","ref":"","link":1},"geometry":{"type":"MultiLineString","coordinates":[[[-113.45427,53.5798],[-113.45477,53.5795],[-113.45534,53.57935]],[[-113.43823,53.58763],[-113.43818,53.58732]],[[-113.43619,53.58763],[-113.43648,53.58779],[-113.43643,53.588]],[[-113.44325,53.58505],[-113.44391,53.58503],[-113.44381,53.58482]],[[-113.42564,53.59599],[-113.42549,53.59591]],[[-113.43628,53.58827],[-113.43659,53.58824],[-113.43672,53.58839],[-113.43675,53.588]]]}},{"type":"Feature","properties":{"name":"Fox Drive NW","highway":"secondary","ref":""},"geometry":{"type":"LineString","coordinates":[[-113.56254,53.5032],[-113.55939,53.50304],[-113.55737,53.50304],[-113.55518,53.50317],[-113.55298,53.50342],[-113.55045,53.50394],[-113.54848,53.50454],[-113.54604,53.50549],[-113.54478,53.5057],[-113.54409,53.50566],[-113.54329,53.50549],[-113.53881,53.50382],[-113.53936,53.50416],[-113.54315,53.50555],[-113.54414,53.50578],[-113.54489,53.50581],[-113.54611,53.50558],[-113.54855,53.50461],[-113.54971,53.50424],[-113.55135,53.50381],[-113.55303,53.5035],[-113.55481,53.5033],[-113.55767,53.50314],[-113.5602,53.50315],[-113.56254,53.50329]]}},{"type":"Feature","properties":{"name":"Fox Drive NW / Whitemud Drive NW ramp","highway":"motorway","ref":"","link":1},"geometry":{"type":"MultiLineString","coordinates":[[[-113.57131,53.49893],[-113.57011,53.49991],[-113.56777,53.50134],[-113.5665,53.50253],[-113.56602,53.5028],[-113.56543,53.50299],[-113.56489,53.50306],[-113.56241,53.50295]],[[-113.56939,53.50297],[-113.56938,53.50252],[-113.56896,53.5017],[-113.56903,53.50129],[-113.56929,53.50101],[-113.57101,53.49975],[-113.57134,53.49925]],[[-113.56254,53.50329],[-113.56679,53.50375],[-113.56762,53.50378],[-113.56831,53.50369],[-113.56881,53.50353],[-113.56916,53.50329],[-113.56939,53.50297],[-113.56902,53.50352],[-113.56789,53.50404],[-113.56761,53.50425],[-113.56748,53.50456],[-113.56754,53.50504]],[[-113.56254,53.50329],[-113.5645,53.50367],[-113.56536,53.50392],[-113.56574,53.50412],[-113.56615,53.50452],[-113.5665,53.50576]],[[-113.56676,53.50381],[-113.56696,53.50362],[-113.56732,53.50286],[-113.56769,53.50253],[-113.56818,53.50239],[-113.56856,53.50239],[-113.56891,53.5025],[-113.56917,53.50281],[-113.56906,53.50316],[-113.56859,53.50346],[-113.56799,53.5036],[-113.56673,53.50365],[-113.56254,53.5032],[-113.56426,53.5033],[-113.56539,53.50322],[-113.56621,53.50287],[-113.56689,53.50218]]]}},{"type":"Feature","properties":{"name":"Fox Drive NW ramp","highway":"secondary","ref":"","link":1},"geometry":{"type":"MultiLineString","coordinates":[[[-113.5313,53.50498],[-113.5358,53.50497],[-113.53645,53.5049],[-113.53805,53.50453],[-113.53918,53.50447],[-113.5399,53.50457],[-113.54269,53.50546],[-113.54289,53.50547]],[[-113.55608,53.50343],[-113.55645,53.50319]]]}},{"type":"Feature","properties":{"name":"Garden Valley Road","highway":"secondary","ref":"627"},"geometry":{"type":"LineString","coordinates":[[-113.7163,53.45428],[-113.71461,53.45414],[-113.71186,53.45405],[-113.68891,53.45405]]}},{"type":"Feature","properties":{"name":"Gateway Boulevard NW","highway":"secondary","ref":""},"geometry":{"type":"LineString","coordinates":[[-113.49197,53.48096],[-113.49194,53.49748],[-113.49224,53.49829],[-113.49373,53.49964],[-113.49403,53.50003],[-113.49457,53.50159],[-113.49477,53.50672],[-113.49414,53.50871],[-113.49458,53.51235],[-113.49436,53.51437],[-113.49577,53.52364]]}},{"type":"Feature","properties":{"name":"Gateway Boulevard NW","highway":"motorway","ref":"2"},"geometry":{"type":"LineString","coordinates":[[-113.4904,53.43807],[-113.49233,53.4415],[-113.49264,53.44286],[-113.49244,53.45344],[-113.49203,53.45938]]}},{"type":"Feature","properties":{"name":"Gateway Boulevard NW","highway":"trunk","ref":"2"},"geometry":{"type":"MultiLineString","coordinates":[[[-113.49205,53.47357],[-113.49197,53.48096]],[[-113.49203,53.45938],[-113.49207,53.46817]]]}},{"type":"Feature","properties":{"name":"Gateway Boulevard NW / Saskatchewan Drive NW ramp","highway":"secondary","ref":"","link":1},"geometry":{"type":"LineString","coordinates":[[-113.49577,53.52364],[-113.4963,53.52364]]}},{"type":"Feature","properties":{"name":"Gateway Boulevard NW ramp","highway":"motorway","ref":"","link":1},"geometry":{"type":"MultiLineString","coordinates":[[[-113.49098,53.44657],[-113.49055,53.44659]],[[-113.49258,53.44493],[-113.49235,53.44613],[-113.49214,53.4464],[-113.49184,53.44654],[-113.49098,53.44657],[-113.49071,53.44649],[-113.49054,53.44631]]]}},{"type":"Feature","properties":{"name":"Gateway Boulevard NW ramp","highway":"trunk","ref":"","link":1},"geometry":{"type":"LineString","coordinates":[[-113.49198,53.47948],[-113.49173,53.47984],[-113.49122,53.48002]]}},{"type":"Feature","properties":{"name":"Gateway Boulevard Northwest","highway":"trunk","ref":"2"},"geometry":{"type":"LineString","coordinates":[[-113.49207,53.46817],[-113.49205,53.47357]]}},{"type":"Feature","properties":{"name":"Gateway Boulevard SW","highway":"motorway","ref":"2"},"geometry":{"type":"LineString","coordinates":[[-113.51152,53.39555],[-113.51004,53.39709],[-113.50625,53.40017],[-113.50453,53.40171],[-113.50247,53.40385],[-113.50057,53.40617],[-113.49573,53.41282],[-113.49494,53.41414],[-113.49376,53.41672],[-113.49318,53.41879],[-113.49302,53.42023],[-113.49286,53.426],[-113.49263,53.42638],[-113.49237,53.42823],[-113.48995,53.43514],[-113.48996,53.43666],[-113.4904,53.43807]]}},{"type":"Feature","properties":{"name":"Gateway Boulevard SW ramp","highway":"motorway","ref":"","link":1},"geometry":{"type":"LineString","coordinates":[[-113.49924,53.40799],[-113.49779,53.41045],[-113.49777,53.41105],[-113.4981,53.41156]]}},{"type":"Feature","properties":{"name":"Gervais Road","highway":"secondary","ref":""},"geometry":{"type":"MultiLineString","coordinates":[[[-113.61503,53.61416],[-113.61505,53.61644],[-113.6148,53.61705],[-113.6095,53.62136]],[[-113.60969,53.62145],[-113.61503,53.61702],[-113.61524,53.61647],[-113.61521,53.61416]]]}},{"type":"Feature","properties":{"name":"Gervais Road / St. Albert Trail ramp","highway":"primary","ref":"","link":1},"geometry":{"type":"MultiLineString","coordinates":[[[-113.60992,53.62101],[-113.60944,53.62115],[-113.60879,53.62104]],[[-113.61035,53.62177],[-113.61006,53.62143],[-113.61014,53.62107]]]}},{"type":"Feature","properties":{"name":"Giroux Road","highway":"secondary","ref":""},"geometry":{"type":"MultiLineString","coordinates":[[[-113.67999,53.63951],[-113.6763,53.63953]],[[-113.62945,53.65401],[-113.6335,53.65357],[-113.63589,53.65324],[-113.64056,53.65244],[-113.64296,53.65152],[-113.64689,53.65087],[-113.64819,53.65053],[-113.64925,53.65011],[-113.65197,53.64864],[-113.65358,53.64807],[-113.6644,53.64588],[-113.66525,53.64566],[-113.66643,53.64518],[-113.66757,53.64442],[-113.67025,53.64129],[-113.67116,53.6406],[-113.67199,53.6402],[-113.67282,53.63992],[-113.6739,53.63975],[-113.67516,53.63968],[-113.6763,53.63953],[-113.67421,53.63961],[-113.67331,53.63972],[-113.67223,53.63999],[-113.67134,53.64035],[-113.6707,53.64072],[-113.67009,53.64122],[-113.66745,53.64434],[-113.66623,53.64513],[-113.66501,53.64561],[-113.65322,53.64805],[-113.65182,53.64857],[-113.64912,53.65002],[-113.64813,53.65042],[-113.64654,53.65082],[-113.6431,53.65137],[-113.64037,53.65237],[-113.63433,53.65335],[-113.62941,53.6539]]]}},{"type":"Feature","properties":{"name":"Giroux Road / Ray Gibbon Drive ramp","highway":"secondary","ref":"","link":1},"geometry":{"type":"LineString","coordinates":[[-113.67988,53.63912],[-113.67962,53.63942],[-113.67909,53.6395],[-113.67965,53.63971],[-113.67983,53.64025]]}},{"type":"Feature","properties":{"name":"Giroux Road / St. Albert Trail ramp","highway":"primary","ref":"","link":1},"geometry":{"type":"MultiLineString","coordinates":[[[-113.62963,53.65463],[-113.62974,53.65413],[-113.62994,53.65396]],[[-113.6303,53.6538],[-113.62962,53.65373],[-113.62933,53.6536]]]}},{"type":"Feature","properties":{"name":"Giroux Road ramp","highway":"secondary","ref":"","link":1},"geometry":{"type":"LineString","coordinates":[[-113.65721,53.64733],[-113.65715,53.64722]]}},{"type":"Feature","properties":{"name":"Goodridge Boulevard NW","highway":"secondary","ref":""},"geometry":{"type":"MultiLineString","coordinates":[[[-113.54808,53.64231],[-113.54982,53.64441],[-113.55102,53.64555]],[[-113.55126,53.64547],[-113.5481,53.64213]]]}},{"type":"Feature","properties":{"name":"Goodridge Boulevard NW","highway":"secondary","ref":"","link":1},"geometry":{"type":"LineString","coordinates":[[-113.54982,53.64441],[-113.55026,53.64488]]}},{"type":"Feature","properties":{"name":"Granada Boulevard","highway":"secondary","ref":""},"geometry":{"type":"MultiLineString","coordinates":[[[-113.27009,53.52313],[-113.27209,53.52364],[-113.27346,53.52423],[-113.27451,53.52487],[-113.2761,53.52631],[-113.27673,53.52675],[-113.27922,53.52798],[-113.28094,53.52849],[-113.28264,53.52872],[-113.2838,53.52875],[-113.28866,53.52856],[-113.29303,53.52811],[-113.29577,53.52809]],[[-113.29577,53.52792],[-113.29299,53.52795],[-113.2885,53.52844],[-113.28379,53.52865],[-113.28228,53.52858],[-113.28064,53.52833],[-113.27909,53.52782],[-113.27686,53.52672],[-113.27612,53.52618],[-113.27473,53.52488],[-113.27358,53.52414],[-113.27236,53.52361],[-113.26971,53.52289],[-113.2689,53.52252],[-113.26814,53.52198],[-113.26659,53.52063]]]}},{"type":"Feature","properties":{"name":"Granada Boulevard / Sherwood Drive ramp","highway":"secondary","ref":"","link":1},"geometry":{"type":"LineString","coordinates":[[-113.29676,53.52791],[-113.29558,53.52809]]}},{"type":"Feature","properties":{"name":"Granada Boulevard ramp","highway":"secondary","ref":"","link":1},"geometry":{"type":"MultiLineString","coordinates":[[[-113.27009,53.52313],[-113.27071,53.5234],[-113.27073,53.52367]],[[-113.28692,53.52863],[-113.28738,53.5288],[-113.28753,53.52867],[-113.28782,53.52859]]]}},{"type":"Feature","properties":{"name":"Groat Road NW","highway":"secondary","ref":""},"geometry":{"type":"MultiLineString","coordinates":[[[-113.54978,53.57048],[-113.54979,53.57018],[-113.54953,53.56963],[-113.54956,53.56639],[-113.54977,53.56588],[-113.55141,53.56399],[-113.55155,53.56352],[-113.55153,53.55905],[-113.55141,53.5584],[-113.55093,53.55709],[-113.55089,53.55356],[-113.55058,53.5523],[-113.54962,53.55059],[-113.54866,53.54943],[-113.54827,53.54913],[-113.54631,53.54816],[-113.54506,53.54715],[-113.54447,53.54633],[-113.54409,53.54613],[-113.54301,53.54578],[-113.54234,53.54489],[-113.54108,53.54433],[-113.54065,53.544],[-113.54044,53.54356],[-113.54044,53.54292],[-113.54126,53.54206],[-113.54141,53.54163],[-113.54135,53.5413],[-113.54112,53.54096],[-113.54039,53.54052],[-113.53879,53.54017],[-113.53831,53.54],[-113.53778,53.53965],[-113.5375,53.53914],[-113.53764,53.53851],[-113.53979,53.53565],[-113.54008,53.53511],[-113.54006,53.53455],[-113.5399,53.53418],[-113.53953,53.53379],[-113.53853,53.53304],[-113.53828,53.5327],[-113.53815,53.5322],[-113.53838,53.53148],[-113.54167,53.52572],[-113.54213,53.52455],[-113.54213,53.52403],[-113.54193,53.52365],[-113.54085,53.52279]],[[-113.54061,53.52303],[-113.54127,53.52324],[-113.54172,53.52358],[-113.542,53.52406],[-113.54201,53.5245],[-113.54137,53.52599],[-113.53813,53.53167],[-113.538,53.53222],[-113.53814,53.5327],[-113.53839,53.53308],[-113.53973,53.53416],[-113.53992,53.53455],[-113.53994,53.53506],[-113.53977,53.53547],[-113.53774,53.53819],[-113.53745,53.53875],[-113.53742,53.53912],[-113.53755,53.5395],[-113.53808,53.53997],[-113.5386,53.54018],[-113.54053,53.54067],[-113.541,53.54098],[-113.54119,53.54123],[-113.54129,53.54154],[-113.54119,53.54197],[-113.54047,53.54267],[-113.54029,53.54304],[-113.54034,53.54366],[-113.54056,53.54405],[-113.54096,53.54437],[-113.54221,53.54492],[-113.54265,53.5456],[-113.54294,53.54585],[-113.54401,53.54619],[-113.54438,53.54639],[-113.54489,53.54712],[-113.54619,53.5482],[-113.54852,53.54945],[-113.54955,53.55069],[-113.55039,53.55219],[-113.55075,53.55361],[-113.55078,53.55708],[-113.55135,53.55906],[-113.55137,53.56359],[-113.5512,53.56405],[-113.54965,53.56586],[-113.54948,53.56622],[-113.54939,53.56929],[-113.54894,53.57012],[-113.54897,53.5705]]]}},{"type":"Feature","properties":{"name":"Groat Road NW / River Valley Road NW ramp","highway":"secondary","ref":"","link":1},"geometry":{"type":"MultiLineString","coordinates":[[[-113.54027,53.54048],[-113.53933,53.54021],[-113.53886,53.53988],[-113.53879,53.53956],[-113.53901,53.5388],[-113.53813,53.5399],[-113.5383,53.5394],[-113.53779,53.53881],[-113.53774,53.53853],[-113.53784,53.53872],[-113.53813,53.53886],[-113.53845,53.53887],[-113.5388,53.53872],[-113.53901,53.5388]],[[-113.53774,53.53819],[-113.53735,53.53828],[-113.53662,53.53806],[-113.53656,53.53786],[-113.53666,53.53778],[-113.53691,53.5377],[-113.53719,53.53773]],[[-113.53589,53.53754],[-113.53705,53.53863],[-113.53755,53.5395]],[[-113.53656,53.53786],[-113.53656,53.53743],[-113.53644,53.5373],[-113.53604,53.53731],[-113.53589,53.53754],[-113.5352,53.53694]],[[-113.53774,53.53853],[-113.53788,53.53821]]]}},{"type":"Feature","properties":{"name":"Groat Road NW / Victoria Park Road NW ramp","highway":"secondary","ref":"","link":1},"geometry":{"type":"LineString","coordinates":[[-113.5369,53.54023],[-113.53997,53.54048]]}},{"type":"Feature","properties":{"name":"Groat Road NW ramp","highway":"secondary","ref":"","link":1},"geometry":{"type":"MultiLineString","coordinates":[[[-113.54069,53.52327],[-113.54081,53.52317],[-113.54104,53.52313]],[[-113.53609,53.53237],[-113.53685,53.53253],[-113.53776,53.53298],[-113.53714,53.53251],[-113.53711,53.5318],[-113.53671,53.53222]],[[-113.53978,53.52993],[-113.54061,53.52761]],[[-113.53941,53.52941],[-113.53844,53.53057],[-113.53711,53.5318]],[[-113.54002,53.5353],[-113.54023,53.53489],[-113.54026,53.53447],[-113.54011,53.53397],[-113.53978,53.53344]],[[-113.53776,53.53298],[-113.53922,53.53382],[-113.53987,53.53442]]]}},{"type":"Feature","properties":{"name":"Guardian Road NW","highway":"secondary","ref":""},"geometry":{"type":"MultiLineString","coordinates":[[[-113.66457,53.50502],[-113.66487,53.50575],[-113.66552,53.50643],[-113.66626,53.5069],[-113.66773,53.50746],[-113.66934,53.50778],[-113.67436,53.50844],[-113.67519,53.50865],[-113.67605,53.50902],[-113.67682,53.50959],[-113.67731,53.51023],[-113.67761,53.51217]],[[-113.67791,53.51217],[-113.67775,53.51093],[-113.67752,53.51026],[-113.67711,53.50966],[-113.67643,53.50908],[-113.67569,53.5087],[-113.67475,53.5084],[-113.67125,53.50791]],[[-113.67104,53.50789],[-113.66744,53.50733]]]}},{"type":"Feature","properties":{"name":"Guardian Road NW / Lewis Estates Boulevard NW ramp","highway":"secondary","ref":"","link":1},"geometry":{"type":"MultiLineString","coordinates":[[[-113.67807,53.51363],[-113.67791,53.51337],[-113.67776,53.51238],[-113.67761,53.51217]],[[-113.67747,53.51088],[-113.67761,53.51112],[-113.67777,53.51211],[-113.67792,53.51233]],[[-113.67968,53.51218],[-113.67763,53.51233]]]}},{"type":"Feature","properties":{"name":"Guardian Road NW / Whitemud Drive NW ramp","highway":"secondary","ref":"","link":1},"geometry":{"type":"MultiLineString","coordinates":[[[-113.67754,53.51155],[-113.67723,53.51205],[-113.67635,53.51216]],[[-113.67866,53.51217],[-113.67788,53.51194]]]}},{"type":"Feature","properties":{"name":"Guardian Road NW ramp","highway":"secondary","ref":"","link":1},"geometry":{"type":"LineString","coordinates":[[-113.67099,53.50862],[-113.67104,53.50789]]}},{"type":"Feature","properties":{"name":"Hayter Road NW","highway":"secondary","ref":""},"geometry":{"type":"LineString","coordinates":[[-113.35863,53.57152],[-113.36017,53.57113]]}},{"type":"Feature","properties":{"name":"Hayter Road NW / Yellowhead Highway ramp","highway":"motorway","ref":"","link":1},"geometry":{"type":"LineString","coordinates":[[-113.34357,53.57023],[-113.34461,53.57031],[-113.34822,53.57037],[-113.3506,53.57063],[-113.35535,53.57032],[-113.35613,53.57032],[-113.35687,53.57044],[-113.3578,53.57079],[-113.35818,53.57104],[-113.35863,53.57152]]}},{"type":"Feature","properties":{"name":"Hayter Road NW / Yellowhead Trail NW ramp","highway":"motorway","ref":"","link":1},"geometry":{"type":"LineString","coordinates":[[-113.3588,53.57147],[-113.35856,53.57117],[-113.35857,53.57079],[-113.35883,53.57054],[-113.35918,53.57045],[-113.36485,53.5707],[-113.36856,53.57115]]}},{"type":"Feature","properties":{"name":"Hayter Road NW ramp","highway":"secondary","ref":"","link":1},"geometry":{"type":"LineString","coordinates":[[-113.35889,53.57145],[-113.35964,53.57137],[-113.35982,53.57145]]}},{"type":"Feature","properties":{"name":"Hebert Road","highway":"secondary","ref":""},"geometry":{"type":"MultiLineString","coordinates":[[[-113.5897,53.63654],[-113.59098,53.63587],[-113.59258,53.63527],[-113.59345,53.63473],[-113.60957,53.62154]],[[-113.60938,53.62145],[-113.59339,53.6346],[-113.59234,53.63524],[-113.59059,53.63588],[-113.58956,53.63648]]]}},{"type":"Feature","properties":{"name":"Hebert Road / St. Albert Trail ramp","highway":"primary","ref":"","link":1},"geometry":{"type":"MultiLineString","coordinates":[[[-113.60924,53.62182],[-113.60968,53.62172],[-113.61012,53.6218]],[[-113.60817,53.62089],[-113.60895,53.6215],[-113.60883,53.6219]]]}},{"type":"Feature","properties":{"name":"Hebert Road ramp","highway":"secondary","ref":"","link":1},"geometry":{"type":"MultiLineString","coordinates":[[[-113.60513,53.62494],[-113.60483,53.62507],[-113.60453,53.62505]],[[-113.60864,53.62205],[-113.6085,53.6224]],[[-113.59204,53.63584],[-113.59195,53.63562],[-113.59222,53.63544]],[[-113.60841,53.62248],[-113.60821,53.62239]]]}},{"type":"Feature","properties":{"name":"Heritage Valley Trail","highway":"secondary","ref":""},"geometry":{"type":"LineString","coordinates":[[-113.56086,53.40126],[-113.56062,53.4014]]}},{"type":"Feature","properties":{"name":"Heritage Valley Trail SW","highway":"secondary","ref":""},"geometry":{"type":"MultiLineString","coordinates":[[[-113.56542,53.39588],[-113.56556,53.39732],[-113.56537,53.39793],[-113.56499,53.3985],[-113.56419,53.3992],[-113.56086,53.40126]],[[-113.54779,53.42474],[-113.54782,53.4277]],[[-113.55337,53.41024],[-113.55321,53.40958],[-113.55304,53.41004],[-113.55287,53.41021]],[[-113.55321,53.40958],[-113.55325,53.40683],[-113.55345,53.40622],[-113.55374,53.40576],[-113.55474,53.40494],[-113.56062,53.4014]],[[-113.55284,53.41053],[-113.55305,53.41099],[-113.55331,53.41055]],[[-113.55305,53.41123],[-113.55305,53.41099]]]}},{"type":"Feature","properties":{"name":"Highway 15","highway":"primary","ref":""},"geometry":{"type":"LineString","coordinates":[[-113.29416,53.69923],[-113.28946,53.70138],[-113.27155,53.70873],[-113.26674,53.71088]]}},{"type":"Feature","properties":{"name":"Highway 15","highway":"primary","ref":"15"},"geometry":{"type":"LineString","coordinates":[[-113.26696,53.71102],[-113.28875,53.70214],[-113.29451,53.69949]]}},{"type":"Feature","properties":{"name":"Highway 16A","highway":"primary","ref":"16A"},"geometry":{"type":"MultiLineString","coordinates":[[[-113.71355,53.54143],[-113.73452,53.54143]],[[-113.71602,53.54126],[-113.71355,53.54126]]]}},{"type":"Feature","properties":{"name":"Highway 16A / Stony Plain Road NW ramp","highway":"primary","ref":"","link":1},"geometry":{"type":"MultiLineString","coordinates":[[[-113.71602,53.54126],[-113.71381,53.54135],[-113.71355,53.54143]],[[-113.71404,53.54126],[-113.71375,53.54109],[-113.7136,53.54068],[-113.71357,53.54119],[-113.71344,53.54131],[-113.71034,53.54142]]]}},{"type":"Feature","properties":{"name":"Highway 19","highway":"primary","ref":"19"},"geometry":{"type":"MultiLineString","coordinates":[[[-113.54551,53.33795],[-113.55358,53.33796]],[[-113.55359,53.33785],[-113.54528,53.33785]],[[-113.73268,53.33265],[-113.73222,53.33259],[-113.73162,53.33266],[-113.7287,53.33385],[-113.72753,53.33416],[-113.7266,53.3343],[-113.71457,53.33545],[-113.69727,53.33694],[-113.68781,53.33809],[-113.68373,53.33832],[-113.68674,53.33834],[-113.68923,53.3382],[-113.69843,53.33719],[-113.71705,53.33561],[-113.72302,53.3352]]]}},{"type":"Feature","properties":{"name":"Highway 19 / Queen Elizabeth II Highway ramp","highway":"motorway","ref":"","link":1},"geometry":{"type":"MultiLineString","coordinates":[[[-113.54672,53.33785],[-113.5459,53.33763],[-113.54563,53.3374],[-113.54557,53.33718],[-113.54567,53.33692],[-113.54591,53.33671],[-113.54655,53.33656],[-113.54722,53.33667],[-113.54753,53.33689],[-113.54767,53.33714],[-113.54766,53.33982]],[[-113.551,53.33794],[-113.55179,53.3381],[-113.55221,53.33849],[-113.55215,53.33889],[-113.55193,53.33907],[-113.55148,53.33922],[-113.55065,53.33916],[-113.55034,53.33899],[-113.55014,53.33869],[-113.54984,53.33571]]]}},{"type":"Feature","properties":{"name":"Highway 19 ramp","highway":"primary","ref":"","link":1},"geometry":{"type":"MultiLineString","coordinates":[[[-113.69777,53.33689],[-113.6954,53.33732],[-113.69519,53.3374],[-113.69514,53.33755]],[[-113.69275,53.33785],[-113.69489,53.33741],[-113.69502,53.3372]],[[-113.69411,53.33768],[-113.69497,53.3377],[-113.69524,53.33784],[-113.69546,53.33761],[-113.6958,53.33747]]]}},{"type":"Feature","properties":{"name":"Highway 2","highway":"primary","ref":"2"},"geometry":{"type":"MultiLineString","coordinates":[[[-113.64549,53.7715],[-113.64541,53.72546],[-113.64517,53.72413],[-113.64469,53.72292],[-113.64395,53.7217],[-113.64095,53.71753],[-113.64039,53.71637],[-113.64001,53.71486],[-113.64002,53.68272]],[[-113.63957,53.68273],[-113.63955,53.71487],[-113.63993,53.71642],[-113.64031,53.71726],[-113.64352,53.7218],[-113.64405,53.7227],[-113.64464,53.72422],[-113.64482,53.72552],[-113.6449,53.77143]]]}},{"type":"Feature","properties":{"name":"Highway 2 / Highway 37 ramp","highway":"primary","ref":"","link":1},"geometry":{"type":"MultiLineString","coordinates":[[[-113.63951,53.71066],[-113.63917,53.71409],[-113.63831,53.7157],[-113.63814,53.71592],[-113.6377,53.71609],[-113.63553,53.71617]],[[-113.64395,53.7217],[-113.64217,53.71885],[-113.64158,53.71724],[-113.64159,53.71656],[-113.64181,53.71637],[-113.64389,53.71627]],[[-113.64158,53.71724],[-113.6412,53.71593],[-113.64052,53.71457],[-113.6402,53.7135],[-113.63996,53.70986]],[[-113.63904,53.71448],[-113.63881,53.71559],[-113.63897,53.71647],[-113.63922,53.71695],[-113.63991,53.71775],[-113.64131,53.71909],[-113.64405,53.7227]]]}},{"type":"Feature","properties":{"name":"Highway 28","highway":"primary","ref":"28"},"geometry":{"type":"MultiLineString","coordinates":[[[-113.50381,53.68046],[-113.50368,53.68569],[-113.50374,53.69316],[-113.50391,53.68658],[-113.50381,53.68046],[-113.50388,53.66539],[-113.50382,53.66341],[-113.50361,53.66244],[-113.50312,53.66149],[-113.50192,53.65993],[-113.50024,53.6587],[-113.49646,53.65646],[-113.49546,53.65579],[-113.49442,53.65499],[-113.49354,53.65413],[-113.49266,53.65309],[-113.49175,53.6514],[-113.4914,53.6502],[-113.4913,53.64875]],[[-113.49115,53.6488],[-113.49125,53.65022],[-113.49173,53.65193],[-113.49236,53.65303],[-113.4934,53.65439],[-113.49457,53.65551],[-113.49547,53.65618],[-113.50078,53.6594],[-113.50217,53.66033]],[[-113.50374,53.69316],[-113.50368,53.71029],[-113.50344,53.71189],[-113.50296,53.71293],[-113.5023,53.71388],[-113.49715,53.7193],[-113.49657,53.72024],[-113.49619,53.72123]]]}},{"type":"Feature","properties":{"name":"Highway 28 / Sturgeon Road East ramp","highway":"primary","ref":"","link":1},"geometry":{"type":"MultiLineString","coordinates":[[[-113.50645,53.68703],[-113.50406,53.68712],[-113.50368,53.68719]],[[-113.5048,53.68704],[-113.50413,53.68689],[-113.50391,53.68658]]]}},{"type":"Feature","properties":{"name":"Highway 28 ramp","highway":"primary","ref":"","link":1},"geometry":{"type":"MultiLineString","coordinates":[[[-113.50306,53.68719],[-113.50351,53.68737],[-113.50369,53.68758]],[[-113.50369,53.68636],[-113.50333,53.68686],[-113.50266,53.68704]]]}},{"type":"Feature","properties":{"name":"Highway 28A","highway":"trunk","ref":"28A"},"geometry":{"type":"LineString","coordinates":[[-113.32095,53.71596],[-113.32158,53.718]]}},{"type":"Feature","properties":{"name":"Highway 37","highway":"primary","ref":"37"},"geometry":{"type":"MultiLineString","coordinates":[[[-113.80641,53.71627],[-113.57862,53.71618],[-113.57463,53.71595],[-113.56055,53.71485],[-113.55899,53.71483],[-113.55671,53.71506],[-113.55293,53.71594],[-113.55154,53.71615],[-113.54937,53.71625],[-113.50366,53.71615],[-113.50253,53.71619],[-113.50096,53.71637],[-113.49838,53.71614],[-113.44646,53.71613],[-113.43017,53.71606]],[[-113.62882,53.71621],[-113.64389,53.71627],[-113.6483,53.71623]],[[-113.29508,53.71583],[-113.27345,53.71579],[-113.26954,53.71586]]]}},{"type":"Feature","properties":{"name":"Highway 37 ramp","highway":"primary","ref":"","link":1},"geometry":{"type":"MultiLineString","coordinates":[[[-113.636,53.71626],[-113.63821,53.71639],[-113.63865,53.71661],[-113.63949,53.71731]],[[-113.64388,53.71618],[-113.6418,53.71608],[-113.64152,53.71601],[-113.64106,53.71563]]]}},{"type":"Feature","properties":{"name":"Highway 625","highway":"secondary","ref":"625"},"geometry":{"type":"LineString","coordinates":[[-113.50401,53.33786],[-113.34252,53.33785],[-113.24956,53.33774]]}},{"type":"Feature","properties":{"name":"Highway 814","highway":"secondary","ref":"814"},"geometry":{"type":"LineString","coordinates":[[-113.41535,53.33515],[-113.41534,53.33785]]}},{"type":"Feature","properties":{"name":"Hiller Road SW","highway":"secondary","ref":""},"geometry":{"type":"MultiLineString","coordinates":[[[-113.61572,53.42126],[-113.63099,53.4212],[-113.63299,53.42108],[-113.61572,53.42105]],[[-113.63648,53.42109],[-113.63299,53.42108]]]}},{"type":"Feature","properties":{"name":"James MacDonald Bridge","highway":"secondary","ref":""},"geometry":{"type":"MultiLineString","coordinates":[[[-113.48572,53.53616],[-113.48903,53.5357],[-113.49126,53.53523]],[[-113.4912,53.53511],[-113.4886,53.53566],[-113.48573,53.53598]]]}},{"type":"Feature","properties":{"name":"James Mowatt Trail SW","highway":"secondary","ref":""},"geometry":{"type":"MultiLineString","coordinates":[[[-113.54084,53.39595],[-113.54067,53.39675],[-113.54083,53.40132],[-113.54068,53.4019],[-113.54028,53.40253],[-113.53923,53.40344],[-113.53707,53.40475],[-113.51903,53.41633],[-113.51788,53.41721],[-113.51687,53.41843],[-113.51655,53.41907],[-113.51634,53.41979],[-113.51628,53.42352],[-113.51641,53.42476]],[[-113.51671,53.42475],[-113.51663,53.42098],[-113.51671,53.41965],[-113.51685,53.41907],[-113.51727,53.41816],[-113.51818,53.41714],[-113.519,53.41651],[-113.52593,53.41206],[-113.5385,53.40407],[-113.53986,53.40315],[-113.54036,53.40269],[-113.54073,53.40216],[-113.54099,53.40133],[-113.54097,53.39595]]]}},{"type":"Feature","properties":{"name":"James Mowatt Trail SW ramp","highway":"secondary","ref":"","link":1},"geometry":{"type":"MultiLineString","coordinates":[[[-113.51666,53.42409],[-113.51642,53.42328],[-113.51628,53.42315],[-113.51663,53.423]],[[-113.51636,53.4197],[-113.5165,53.4209],[-113.51664,53.42109]],[[-113.51664,53.42227],[-113.51639,53.42104],[-113.51628,53.42099]],[[-113.53644,53.40515],[-113.53542,53.40594],[-113.5354,53.40603]],[[-113.53427,53.40676],[-113.53523,53.40593]],[[-113.53261,53.40784],[-113.53319,53.40726]],[[-113.51628,53.42352],[-113.51599,53.42374],[-113.51634,53.42392]]]}},{"type":"Feature","properties":{"name":"Jasper Avenue NW","highway":"secondary","ref":""},"geometry":{"type":"MultiLineString","coordinates":[[[-113.53567,53.54144],[-113.53382,53.54142],[-113.53103,53.54095],[-113.52134,53.541],[-113.51979,53.541],[-113.51964,53.54095],[-113.51977,53.54089],[-113.52288,53.54089],[-113.52302,53.54095]],[[-113.51964,53.54095],[-113.49374,53.54094],[-113.48826,53.5413],[-113.4876,53.54144],[-113.48387,53.54271],[-113.47895,53.54519],[-113.47844,53.54554],[-113.47587,53.54795],[-113.47521,53.54872],[-113.47328,53.55141],[-113.47236,53.55386],[-113.47205,53.55428],[-113.47064,53.5554],[-113.46737,53.55686]]]}},{"type":"Feature","properties":{"name":"Jasper Avenue NW ramp","highway":"secondary","ref":"","link":1},"geometry":{"type":"LineString","coordinates":[[-113.48162,53.54383],[-113.48078,53.54398]]}},{"type":"Feature","properties":{"name":"Keswick Gate SW","highway":"secondary","ref":""},"geometry":{"type":"LineString","coordinates":[[-113.61573,53.41575],[-113.61397,53.41575],[-113.61376,53.41566]]}},{"type":"Feature","properties":{"name":"Kingsway NW","highway":"secondary","ref":""},"geometry":{"type":"MultiLineString","coordinates":[[[-113.53087,53.57024],[-113.50284,53.55838],[-113.50011,53.55692],[-113.49745,53.5561],[-113.49373,53.55453]],[[-113.49373,53.55463],[-113.49742,53.55621],[-113.49992,53.55698],[-113.50275,53.55848],[-113.52893,53.5696]]]}},{"type":"Feature","properties":{"name":"Kingsway NW / Princess Elizabeth Avenue NW ramp","highway":"secondary","ref":"","link":1},"geometry":{"type":"LineString","coordinates":[[-113.51108,53.56202],[-113.51137,53.56234],[-113.51131,53.56292]]}},{"type":"Feature","properties":{"name":"Kingsway NW ramp","highway":"secondary","ref":"","link":1},"geometry":{"type":"MultiLineString","coordinates":[[[-113.51736,53.56468],[-113.5176,53.56465]],[[-113.5068,53.56007],[-113.50667,53.55993],[-113.50659,53.55955]],[[-113.49917,53.55673],[-113.49924,53.55665]],[[-113.49554,53.55568],[-113.49596,53.5556]]]}},{"type":"Feature","properties":{"name":"Lakeland Drive","highway":"secondary","ref":""},"geometry":{"type":"MultiLineString","coordinates":[[[-113.26478,53.55584],[-113.27083,53.55603],[-113.2788,53.55701],[-113.28,53.55708],[-113.28156,53.55705],[-113.28316,53.55681],[-113.29853,53.55348],[-113.29963,53.55331],[-113.30081,53.55325],[-113.30243,53.55338],[-113.30359,53.5536],[-113.308,53.55515],[-113.30923,53.55549],[-113.31033,53.55568],[-113.31233,53.55582],[-113.31747,53.55583],[-113.3201,53.55577]],[[-113.32011,53.55563],[-113.31581,53.55573],[-113.31181,53.5557],[-113.31069,53.55561],[-113.30954,53.55543],[-113.30816,53.55507],[-113.30432,53.55369],[-113.30357,53.55348],[-113.30243,53.55327],[-113.3008,53.55314],[-113.29966,53.55318],[-113.29804,53.55343],[-113.28277,53.55679],[-113.28163,53.55693],[-113.2801,53.55698],[-113.27902,53.5569],[-113.27065,53.55589],[-113.26493,53.55573]]]}},{"type":"Feature","properties":{"name":"Lakeland Drive / Sherwood Drive ramp","highway":"secondary","ref":"","link":1},"geometry":{"type":"MultiLineString","coordinates":[[[-113.29568,53.55343],[-113.29551,53.55377],[-113.2951,53.55408]],[[-113.29722,53.55361],[-113.29668,53.55366],[-113.29631,53.5536],[-113.29605,53.55338],[-113.29594,53.55306]],[[-113.29594,53.55451],[-113.29617,53.55414],[-113.29655,53.55392]],[[-113.29439,53.55441],[-113.29491,53.55434],[-113.29533,53.55441],[-113.29566,53.55494]],[[-113.29567,53.55271],[-113.29583,53.55394],[-113.29594,53.55406]],[[-113.29774,53.5535],[-113.2958,53.55404],[-113.29569,53.55395]],[[-113.29591,53.5548],[-113.29581,53.55468],[-113.2958,53.55404],[-113.29569,53.55411]]]}},{"type":"Feature","properties":{"name":"Lakeland Drive ramp","highway":"secondary","ref":"","link":1},"geometry":{"type":"MultiLineString","coordinates":[[[-113.2818,53.55703],[-113.28235,53.55708],[-113.28258,53.55721]],[[-113.28274,53.55718],[-113.28316,53.55681]],[[-113.28345,53.55663],[-113.28293,53.55666],[-113.28248,53.55646]],[[-113.28235,53.55653],[-113.28224,53.55674],[-113.28191,53.55691]],[[-113.28998,53.55535],[-113.29037,53.55537],[-113.29061,53.55546]],[[-113.29076,53.55544],[-113.29095,53.55514]],[[-113.30039,53.55326],[-113.30072,53.55338],[-113.30084,53.55351]],[[-113.30098,53.55352],[-113.30121,53.55337],[-113.30155,53.55329]],[[-113.31234,53.5557],[-113.31196,53.55552],[-113.31186,53.55539]],[[-113.31159,53.55545],[-113.31112,53.55565]],[[-113.31109,53.55576],[-113.3114,53.55591],[-113.31157,53.55611]],[[-113.31178,53.55611],[-113.31233,53.55582]],[[-113.31533,53.55583],[-113.31579,53.55607]],[[-113.31596,53.55608],[-113.31646,53.55584]],[[-113.30102,53.5528],[-113.3007,53.55304],[-113.30037,53.55315]],[[-113.30186,53.5532],[-113.30119,53.553],[-113.30116,53.55292]]]}},{"type":"Feature","properties":{"name":"LeClair Way","highway":"secondary","ref":""},"geometry":{"type":"MultiLineString","coordinates":[[[-113.63893,53.6057],[-113.64163,53.60615],[-113.64302,53.60654],[-113.64357,53.60681],[-113.64502,53.60783],[-113.64597,53.60827],[-113.64702,53.6084],[-113.65018,53.60832]],[[-113.65019,53.60822],[-113.64682,53.60825],[-113.64612,53.60814],[-113.6453,53.60777],[-113.64391,53.60683],[-113.64294,53.60636],[-113.64163,53.60601],[-113.639,53.60558]]]}},{"type":"Feature","properties":{"name":"LeClair Way / Ray Gibbon Drive ramp","highway":"secondary","ref":"","link":1},"geometry":{"type":"MultiLineString","coordinates":[[[-113.64998,53.60748],[-113.6497,53.60807],[-113.64932,53.60822]],[[-113.64788,53.60836],[-113.64886,53.60839],[-113.64934,53.60851],[-113.64966,53.60883],[-113.64976,53.60951]],[[-113.65003,53.60706],[-113.65005,53.60822],[-113.65018,53.60832]],[[-113.65006,53.60958],[-113.65002,53.60843],[-113.64989,53.60821]]]}},{"type":"Feature","properties":{"name":"LeClair Way / Sir Winston Churchill Avenue ramp","highway":"secondary","ref":"","link":1},"geometry":{"type":"LineString","coordinates":[[-113.63904,53.6064],[-113.63926,53.60595],[-113.63963,53.60582]]}},{"type":"Feature","properties":{"name":"Lessard Road NW","highway":"secondary","ref":""},"geometry":{"type":"MultiLineString","coordinates":[[[-113.64138,53.4856],[-113.63977,53.48629],[-113.64277,53.48529],[-113.64707,53.48427],[-113.64807,53.48395],[-113.64943,53.48338],[-113.65293,53.48137],[-113.65377,53.48102],[-113.66741,53.47834],[-113.66482,53.4787],[-113.65379,53.48088],[-113.65294,53.48121],[-113.64962,53.48312],[-113.64825,53.48375],[-113.64685,53.4842],[-113.6431,53.48508],[-113.64138,53.4856]],[[-113.62951,53.49641],[-113.62909,53.49466],[-113.6292,53.49351],[-113.62963,53.49231],[-113.63011,53.49151],[-113.63081,53.49066],[-113.6319,53.48963],[-113.63335,53.48873],[-113.63977,53.48629]],[[-113.67611,53.47679],[-113.67448,53.47722],[-113.6728,53.47755],[-113.67355,53.4775],[-113.67471,53.47726],[-113.67603,53.47687],[-113.67723,53.47633],[-113.67846,53.47593],[-113.68055,53.47568]],[[-113.62909,53.49466],[-113.62907,53.49541],[-113.62933,53.49643]],[[-113.6728,53.47755],[-113.66741,53.47834]]]}},{"type":"Feature","properties":{"name":"Lessard Road NW ramp","highway":"secondary","ref":"","link":1},"geometry":{"type":"LineString","coordinates":[[-113.64514,53.48473],[-113.64553,53.48473],[-113.64565,53.48497]]}},{"type":"Feature","properties":{"name":"Levasseur Road","highway":"secondary","ref":""},"geometry":{"type":"LineString","coordinates":[[-113.61503,53.61416],[-113.62497,53.61429],[-113.63903,53.61429]]}},{"type":"Feature","properties":{"name":"Levasseur Road / Sir Winston Churchill Avenue ramp","highway":"secondary","ref":"","link":1},"geometry":{"type":"LineString","coordinates":[[-113.63887,53.61383],[-113.63863,53.61414],[-113.63802,53.61429],[-113.6386,53.61441],[-113.63885,53.61469]]}},{"type":"Feature","properties":{"name":"Lewis Estates Boulevard NW","highway":"secondary","ref":""},"geometry":{"type":"MultiLineString","coordinates":[[[-113.67763,53.51233],[-113.67777,53.51358],[-113.67795,53.51402],[-113.67815,53.51441],[-113.6802,53.51713],[-113.68143,53.52079]],[[-113.67965,53.5163],[-113.67816,53.51397],[-113.67792,53.51233]]]}},{"type":"Feature","properties":{"name":"Lewis Estates Boulevard NW / Suder Greens Drive NW ramp","highway":"secondary","ref":"","link":1},"geometry":{"type":"MultiLineString","coordinates":[[[-113.68251,53.52063],[-113.68184,53.52057],[-113.68119,53.52004]],[[-113.68131,53.52043],[-113.68119,53.52071],[-113.68076,53.52091]]]}},{"type":"Feature","properties":{"name":"Lewis Estates Boulevard NW / Whitemud Drive NW ramp","highway":"secondary","ref":"","link":1},"geometry":{"type":"MultiLineString","coordinates":[[[-113.67799,53.51302],[-113.67819,53.51246],[-113.67842,53.51233]],[[-113.6767,53.51232],[-113.67763,53.51251]]]}},{"type":"Feature","properties":{"name":"Manning Drive NE","highway":"primary","ref":""},"geometry":{"type":"LineString","coordinates":[[-113.3074,53.69258],[-113.30469,53.69418],[-113.29416,53.69923]]}},{"type":"Feature","properties":{"name":"Manning Drive NE","highway":"primary","ref":"15"},"geometry":{"type":"MultiLineString","coordinates":[[[-113.31813,53.68559],[-113.3074,53.69258]],[[-113.29451,53.69949],[-113.30289,53.69552],[-113.30511,53.69438],[-113.30783,53.69272],[-113.31836,53.68585]]]}},{"type":"Feature","properties":{"name":"Manning Drive NE","highway":"trunk","ref":"15"},"geometry":{"type":"MultiLineString","coordinates":[[[-113.34246,53.66975],[-113.31813,53.68559]],[[-113.31836,53.68585],[-113.34279,53.66993]]]}},{"type":"Feature","properties":{"name":"Manning Drive NE ramp","highway":"primary","ref":"","link":1},"geometry":{"type":"LineString","coordinates":[[-113.3179,53.68516],[-113.31775,53.6857],[-113.31707,53.68629]]}},{"type":"Feature","properties":{"name":"Manning Drive NW","highway":"primary","ref":""},"geometry":{"type":"MultiLineString","coordinates":[[[-113.42047,53.59847],[-113.41503,53.6031]],[[-113.39781,53.6258],[-113.3981,53.62508]],[[-113.40033,53.61866],[-113.39978,53.61972]],[[-113.41342,53.60446],[-113.40994,53.60745]],[[-113.41603,53.60406],[-113.42184,53.59907]],[[-113.39926,53.62203],[-113.40062,53.61899]],[[-113.41146,53.60798],[-113.41477,53.60515]],[[-113.40517,53.61219],[-113.4027,53.61512]],[[-113.40264,53.6158],[-113.40379,53.61434],[-113.40539,53.61267]]]}},{"type":"Feature","properties":{"name":"Manning Drive NW","highway":"primary","ref":"15"},"geometry":{"type":"MultiLineString","coordinates":[[[-113.3981,53.62508],[-113.39926,53.62203]],[[-113.40994,53.60745],[-113.40713,53.61001],[-113.40517,53.61219]],[[-113.41503,53.6031],[-113.41342,53.60446]],[[-113.4027,53.61512],[-113.40151,53.61675],[-113.40033,53.61866]],[[-113.40539,53.61267],[-113.40683,53.61146],[-113.40951,53.60953],[-113.41146,53.60798]],[[-113.41477,53.60515],[-113.41603,53.60406]],[[-113.40062,53.61899],[-113.40145,53.61755],[-113.40264,53.6158]],[[-113.39688,53.62823],[-113.39781,53.6258]],[[-113.39978,53.61972],[-113.39652,53.62793]]]}},{"type":"Feature","properties":{"name":"Manning Drive NW","highway":"trunk","ref":"15"},"geometry":{"type":"MultiLineString","coordinates":[[[-113.34279,53.66993],[-113.35082,53.66472],[-113.35317,53.66343],[-113.35496,53.66259],[-113.35665,53.6619],[-113.38378,53.65197],[-113.38588,53.65098],[-113.38709,53.65019],[-113.38862,53.64872],[-113.38953,53.64726],[-113.39688,53.62823]],[[-113.39652,53.62793],[-113.38909,53.64717],[-113.38822,53.6486],[-113.38673,53.65001],[-113.38553,53.6508],[-113.38353,53.65174],[-113.35638,53.66168],[-113.35413,53.66262],[-113.35198,53.66368],[-113.3505,53.66453],[-113.34246,53.66975]]]}},{"type":"Feature","properties":{"name":"Manning Drive NW ramp","highway":"primary","ref":"","link":1},"geometry":{"type":"MultiLineString","coordinates":[[[-113.39931,53.62075],[-113.39915,53.62197],[-113.39868,53.62233]],[[-113.41949,53.60111],[-113.41982,53.60102],[-113.42007,53.60107],[-113.42006,53.60062]],[[-113.40033,53.61866],[-113.3998,53.61911],[-113.39928,53.61915]],[[-113.40003,53.62018],[-113.40018,53.61949],[-113.4001,53.61935],[-113.39909,53.61912],[-113.39866,53.61911],[-113.39962,53.61939],[-113.39978,53.61972]],[[-113.41342,53.60682],[-113.41319,53.6067],[-113.4133,53.6064]],[[-113.39931,53.62193],[-113.39915,53.62197],[-113.39926,53.62203]]]}},{"type":"Feature","properties":{"name":"Manning Drive NW ramp","highway":"trunk","ref":"","link":1},"geometry":{"type":"MultiLineString","coordinates":[[[-113.36894,53.6568],[-113.36862,53.65711],[-113.36773,53.65752]],[[-113.37033,53.65657],[-113.36936,53.65682],[-113.36915,53.65683],[-113.36894,53.65673]]]}},{"type":"Feature","properties":{"name":"Maple Road NW","highway":"secondary","ref":""},"geometry":{"type":"MultiLineString","coordinates":[[[-113.36852,53.47702],[-113.36675,53.47696],[-113.3656,53.47684],[-113.3629,53.4763],[-113.36093,53.47605],[-113.36005,53.47603],[-113.35663,53.47624],[-113.35452,53.47622],[-113.35339,53.47609],[-113.3525,53.47586],[-113.35165,53.47555],[-113.3507,53.47506],[-113.34981,53.47439],[-113.34919,53.47351],[-113.34897,53.47295],[-113.34895,53.47177],[-113.3497,53.46926],[-113.3498,53.46838],[-113.3496,53.46761],[-113.34867,53.46587],[-113.34857,53.46517]],[[-113.35339,53.47609],[-113.35512,53.4763],[-113.35706,53.47621]],[[-113.36247,53.47623],[-113.36446,53.47672],[-113.36651,53.47709],[-113.36853,53.4772]],[[-113.34919,53.47351],[-113.34937,53.4739],[-113.34981,53.47439]]]}},{"type":"Feature","properties":{"name":"Mark Messier Trail NW","highway":"primary","ref":"2"},"geometry":{"type":"MultiLineString","coordinates":[[[-113.57502,53.59954],[-113.57962,53.60472],[-113.58085,53.60578],[-113.58176,53.60637],[-113.60005,53.61678]],[[-113.60299,53.61815],[-113.5984,53.61568],[-113.58124,53.60587],[-113.57991,53.60477],[-113.57531,53.59955]]]}},{"type":"Feature","properties":{"name":"Maskêkosihk Trail NW","highway":"secondary","ref":""},"geometry":{"type":"LineString","coordinates":[[-113.68891,53.45405],[-113.68488,53.45394],[-113.67976,53.45413],[-113.66649,53.45414],[-113.66194,53.45437],[-113.66121,53.45451],[-113.65947,53.45502],[-113.64802,53.45878],[-113.64617,53.45908],[-113.64329,53.45912],[-113.64196,53.45925],[-113.64029,53.45967],[-113.6392,53.46015]]}},{"type":"Feature","properties":{"name":"Maskêkosihk Trail NW / Richard Rice Boulevard NW ramp","highway":"secondary","ref":"","link":1},"geometry":{"type":"LineString","coordinates":[[-113.66598,53.45416],[-113.66477,53.45408],[-113.66462,53.454],[-113.66453,53.45376]]}},{"type":"Feature","properties":{"name":"Mayfield Road NW","highway":"secondary","ref":""},"geometry":{"type":"MultiLineString","coordinates":[[[-113.60246,53.55859],[-113.60339,53.55812],[-113.60409,53.55749],[-113.6147,53.54422],[-113.61624,53.54278]],[[-113.6151,53.54266],[-113.615,53.54339],[-113.61485,53.54365],[-113.61286,53.5463],[-113.60526,53.55578],[-113.60371,53.55767],[-113.60304,53.55817],[-113.60235,53.5585]]]}},{"type":"Feature","properties":{"name":"Mayfield Road NW ramp","highway":"secondary","ref":"","link":1},"geometry":{"type":"LineString","coordinates":[[-113.60568,53.55479],[-113.60557,53.55511],[-113.60564,53.55531]]}},{"type":"Feature","properties":{"name":"McDougall Hill Road NW","highway":"secondary","ref":""},"geometry":{"type":"MultiLineString","coordinates":[[[-113.49004,53.53997],[-113.49,53.53962],[-113.49029,53.53941],[-113.49147,53.53891],[-113.49302,53.53886],[-113.4934,53.53879],[-113.49367,53.53862],[-113.49379,53.53842],[-113.49371,53.53821],[-113.49306,53.53768],[-113.4927,53.53754],[-113.49234,53.53749],[-113.49192,53.53755],[-113.49114,53.53782],[-113.49015,53.5384],[-113.48983,53.5385],[-113.48892,53.53855],[-113.48817,53.53835]],[[-113.48823,53.53848],[-113.48907,53.53864],[-113.48986,53.53862],[-113.49291,53.53803],[-113.49348,53.53817],[-113.49372,53.5385]]]}},{"type":"Feature","properties":{"name":"McDougall Hill Road NW ramp","highway":"secondary","ref":"","link":1},"geometry":{"type":"MultiLineString","coordinates":[[[-113.49379,53.53833],[-113.49382,53.53796],[-113.49351,53.53804]],[[-113.48935,53.53815],[-113.48971,53.53802],[-113.4901,53.53803],[-113.49029,53.5382],[-113.49015,53.5384]]]}},{"type":"Feature","properties":{"name":"McKenney Avenue","highway":"secondary","ref":""},"geometry":{"type":"MultiLineString","coordinates":[[[-113.62605,53.64309],[-113.62843,53.64283],[-113.62945,53.64261],[-113.63171,53.64163],[-113.63277,53.64132],[-113.63797,53.64052],[-113.63888,53.64017],[-113.6404,53.63916],[-113.6412,53.63886],[-113.64796,53.63788],[-113.65236,53.63644],[-113.65341,53.63584],[-113.65405,53.63523],[-113.65482,53.63352],[-113.65564,53.63256],[-113.65681,53.63178],[-113.65812,53.63126],[-113.65958,53.63094],[-113.6714,53.62925],[-113.67197,53.62911],[-113.67275,53.62877]],[[-113.67259,53.62868],[-113.67152,53.62908],[-113.65933,53.63086],[-113.65795,53.63119],[-113.65669,53.6317],[-113.65555,53.63244],[-113.65471,53.63338],[-113.65404,53.63493],[-113.65374,53.63538],[-113.65274,53.63611],[-113.65191,53.63647],[-113.64792,53.63777],[-113.64114,53.63875],[-113.64024,53.6391],[-113.63874,53.64009],[-113.63791,53.64041],[-113.63272,53.64122],[-113.63161,53.64153],[-113.63002,53.64227],[-113.62891,53.64264],[-113.62583,53.643]]]}},{"type":"Feature","properties":{"name":"McKenney Avenue / Ray Gibbon Drive ramp","highway":"secondary","ref":"","link":1},"geometry":{"type":"MultiLineString","coordinates":[[[-113.67173,53.62842],[-113.67188,53.62867],[-113.67181,53.62885],[-113.67112,53.62914]],[[-113.67179,53.62917],[-113.6725,53.62913],[-113.67307,53.62923]],[[-113.6708,53.62787],[-113.67129,53.62805],[-113.67248,53.62872],[-113.67275,53.62877]],[[-113.67451,53.6299],[-113.67261,53.62884],[-113.67234,53.6288]]]}},{"type":"Feature","properties":{"name":"McKenney Avenue / St. Albert Trail ramp","highway":"primary","ref":"","link":1},"geometry":{"type":"MultiLineString","coordinates":[[[-113.62622,53.64358],[-113.62634,53.64317],[-113.62663,53.64303]],[[-113.62678,53.64289],[-113.62618,53.64283],[-113.62589,53.64261]]]}},{"type":"Feature","properties":{"name":"Meadowlark Road NW","highway":"secondary","ref":""},"geometry":{"type":"MultiLineString","coordinates":[[[-113.59095,53.52435],[-113.59622,53.52119],[-113.59668,53.52051],[-113.5968,53.5194]],[[-113.59649,53.5194],[-113.59639,53.52048],[-113.59597,53.52108],[-113.59069,53.52424]]]}},{"type":"Feature","properties":{"name":"Mission Avenue","highway":"primary","ref":"","link":1},"geometry":{"type":"LineString","coordinates":[[-113.62425,53.63765],[-113.62462,53.63747]]}},{"type":"Feature","properties":{"name":"Neil Ross Road","highway":"secondary","ref":""},"geometry":{"type":"MultiLineString","coordinates":[[[-113.6341,53.6727],[-113.63534,53.67264],[-113.6398,53.67263]],[[-113.63979,53.67249],[-113.63581,53.6725],[-113.63406,53.67258]]]}},{"type":"Feature","properties":{"name":"Neil Ross Road / St. Albert Trail ramp","highway":"primary","ref":"","link":1},"geometry":{"type":"MultiLineString","coordinates":[[[-113.63866,53.67263],[-113.63915,53.67274],[-113.63957,53.67328]],[[-113.63923,53.67141],[-113.63923,53.67217],[-113.63901,53.67249]]]}},{"type":"Feature","properties":{"name":"Nisku Spine Road","highway":"secondary","ref":""},"geometry":{"type":"MultiLineString","coordinates":[[[-113.51272,53.35657],[-113.51273,53.35459],[-113.51309,53.352],[-113.51306,53.3383]],[[-113.51272,53.35657],[-113.51267,53.3599],[-113.51256,53.36032],[-113.51198,53.36145],[-113.51119,53.36224],[-113.51043,53.36274],[-113.50947,53.36323],[-113.50456,53.365],[-113.50095,53.36663],[-113.49983,53.36736],[-113.4993,53.36782],[-113.49867,53.36881],[-113.4984,53.37001],[-113.49875,53.37213],[-113.49873,53.37976],[-113.49861,53.38117],[-113.49834,53.38177],[-113.49767,53.38269],[-113.49488,53.385],[-113.49358,53.38622],[-113.49285,53.38705],[-113.49233,53.38797],[-113.49199,53.38934],[-113.49206,53.3957]],[[-113.50456,53.365],[-113.50119,53.36622],[-113.50033,53.36665],[-113.49903,53.36766],[-113.49862,53.36809],[-113.49821,53.36881],[-113.49799,53.36993],[-113.4984,53.3726],[-113.4984,53.37975],[-113.4983,53.38113],[-113.498,53.3818],[-113.49756,53.3824],[-113.49464,53.38487]],[[-113.49367,53.38576],[-113.49245,53.38711],[-113.49193,53.38807],[-113.49176,53.38866],[-113.49166,53.38953],[-113.4917,53.3957]]]}},{"type":"Feature","properties":{"name":"Nisku Spine Road / Township Road 510 ramp","highway":"secondary","ref":"","link":1},"geometry":{"type":"MultiLineString","coordinates":[[[-113.49718,53.36683],[-113.49818,53.36707],[-113.49881,53.36742],[-113.49885,53.36769],[-113.49862,53.36809]],[[-113.49843,53.36959],[-113.49857,53.36874],[-113.49947,53.36727]],[[-113.50192,53.36595],[-113.50024,53.36682],[-113.49978,53.36719],[-113.49983,53.36736]],[[-113.50033,53.36665],[-113.49925,53.36707],[-113.49867,53.36708]]]}},{"type":"Feature","properties":{"name":"Nisku Spine Road ramp","highway":"secondary","ref":"","link":1},"geometry":{"type":"MultiLineString","coordinates":[[[-113.49912,53.36811],[-113.49964,53.36772],[-113.50006,53.36758],[-113.50188,53.36753]],[[-113.49425,53.38638],[-113.49393,53.38613],[-113.49393,53.38589]],[[-113.49327,53.38655],[-113.49356,53.38639],[-113.49403,53.38632]],[[-113.492,53.39231],[-113.49224,53.39199],[-113.49266,53.39182]],[[-113.49367,53.38576],[-113.49319,53.38593],[-113.49282,53.38594],[-113.49302,53.38611],[-113.49308,53.38634]],[[-113.49255,53.39182],[-113.49215,53.39169],[-113.49199,53.39146]],[[-113.50095,53.36753],[-113.50038,53.3673],[-113.50053,53.36688]],[[-113.49166,53.3914],[-113.49134,53.39179],[-113.49165,53.39201]],[[-113.49851,53.38147],[-113.49888,53.38128],[-113.49924,53.38124],[-113.49888,53.38108],[-113.49868,53.38083]],[[-113.49838,53.38057],[-113.49817,53.38093],[-113.49728,53.38101],[-113.49808,53.38118],[-113.49808,53.38162]]]}},{"type":"Feature","properties":{"name":"Parsons Road NW","highway":"secondary","ref":""},"geometry":{"type":"MultiLineString","coordinates":[[[-113.47925,53.45226],[-113.47935,53.45013],[-113.48024,53.44895],[-113.48055,53.44829],[-113.48057,53.44517],[-113.48034,53.44836],[-113.47911,53.45028],[-113.47899,53.45296],[-113.47918,53.45454],[-113.47925,53.45226]],[[-113.48617,53.46764],[-113.48608,53.46588],[-113.48598,53.46764]],[[-113.48394,53.43853],[-113.48439,53.43984],[-113.48435,53.44042],[-113.48416,53.44091],[-113.48373,53.44145],[-113.48095,53.44353],[-113.4806,53.44417],[-113.48057,53.44517]],[[-113.48432,53.43954],[-113.48434,53.43936],[-113.48319,53.43695]],[[-113.47918,53.45454],[-113.47927,53.45577],[-113.47984,53.45666],[-113.48049,53.45717],[-113.4845,53.45957],[-113.48564,53.46058],[-113.48596,53.46124],[-113.48605,53.46171],[-113.48608,53.46588]]]}},{"type":"Feature","properties":{"name":"Parsons Road NW ramp","highway":"secondary","ref":"","link":1},"geometry":{"type":"LineString","coordinates":[[-113.48049,53.45717],[-113.48074,53.45756],[-113.4806,53.45782]]}},{"type":"Feature","properties":{"name":"Parsons Road SW","highway":"secondary","ref":""},"geometry":{"type":"MultiLineString","coordinates":[[[-113.48319,53.43695],[-113.48238,53.43432],[-113.48181,53.43346],[-113.4803,53.43173],[-113.47995,53.43078],[-113.47995,53.42379],[-113.47965,53.42199],[-113.47925,53.42127],[-113.47832,53.42033],[-113.47754,53.41992]],[[-113.47744,53.42001],[-113.47847,53.42053]]]}},{"type":"Feature","properties":{"name":"Poirier Avenue","highway":"secondary","ref":""},"geometry":{"type":"LineString","coordinates":[[-113.59343,53.6442],[-113.5917,53.64315],[-113.58986,53.64219],[-113.58884,53.64186],[-113.58775,53.64167],[-113.58608,53.64163],[-113.58067,53.64222],[-113.57797,53.64234]]}},{"type":"Feature","properties":{"name":"Poundmaker Trail","highway":"primary","ref":"14"},"geometry":{"type":"MultiLineString","coordinates":[[[-113.24685,53.44691],[-113.31884,53.4469],[-113.32226,53.44701],[-113.32593,53.44738]],[[-113.31353,53.44663],[-113.25669,53.44665]]]}},{"type":"Feature","properties":{"name":"Princess Elizabeth Avenue NW","highway":"secondary","ref":""},"geometry":{"type":"MultiLineString","coordinates":[[[-113.4954,53.57],[-113.49544,53.56975],[-113.49574,53.56954],[-113.49489,53.56974]],[[-113.51131,53.56292],[-113.51164,53.56282],[-113.51317,53.56291]],[[-113.50939,53.56374],[-113.50926,53.56374],[-113.50853,53.56403],[-113.50094,53.56733],[-113.50489,53.56574],[-113.51239,53.56244]],[[-113.50094,53.56733],[-113.49574,53.56954]]]}},{"type":"Feature","properties":{"name":"Princess Elizabeth Avenue NW ramp","highway":"secondary","ref":"","link":1},"geometry":{"type":"LineString","coordinates":[[-113.50386,53.56605],[-113.50346,53.56606],[-113.50329,53.56583]]}},{"type":"Feature","properties":{"name":"Queen Elizabeth II Highway","highway":"motorway","ref":"2"},"geometry":{"type":"MultiLineString","coordinates":[[[-113.51248,53.3961],[-113.51348,53.39428],[-113.51461,53.39016],[-113.51507,53.38902],[-113.5159,53.3875],[-113.54841,53.34265],[-113.54919,53.34103],[-113.54974,53.33889],[-113.54984,53.33229]],[[-113.54796,53.33162],[-113.54789,53.33854],[-113.54733,53.34094],[-113.54648,53.34273],[-113.5163,53.38439],[-113.51547,53.38579],[-113.51486,53.38716],[-113.5137,53.39149],[-113.51323,53.39283],[-113.5124,53.39436],[-113.51152,53.39555]]]}},{"type":"Feature","properties":{"name":"Queen Elizabeth II Highway ramp","highway":"motorway","ref":"","link":1},"geometry":{"type":"LineString","coordinates":[[-113.5358,53.35419],[-113.53355,53.35861],[-113.5329,53.36085],[-113.53261,53.36146],[-113.53043,53.36471],[-113.53035,53.36505]]}},{"type":"Feature","properties":{"name":"Queen Elizabeth Park Road NW","highway":"secondary","ref":""},"geometry":{"type":"LineString","coordinates":[[-113.49353,53.52421],[-113.49367,53.52429],[-113.49539,53.5241],[-113.49749,53.52411],[-113.4979,53.5242],[-113.49902,53.52482],[-113.50058,53.52498],[-113.50116,53.52511],[-113.5019,53.52546],[-113.50234,53.52586],[-113.50255,53.52642],[-113.50251,53.52683]]}},{"type":"Feature","properties":{"name":"Queen Elizabeth Park Road NW / Saskatchewan Drive NW ramp","highway":"secondary","ref":"","link":1},"geometry":{"type":"LineString","coordinates":[[-113.49308,53.52435],[-113.49367,53.52429]]}},{"type":"Feature","properties":{"name":"Rabbit Hill Road NW","highway":"secondary","ref":""},"geometry":{"type":"MultiLineString","coordinates":[[[-113.58494,53.42933],[-113.57474,53.435],[-113.57238,53.43593],[-113.56899,53.43689],[-113.56801,53.43726],[-113.56675,53.43799],[-113.566,53.43877],[-113.56562,53.43946],[-113.56543,53.44036],[-113.56541,53.45556],[-113.56552,53.45723],[-113.56595,53.45866],[-113.56649,53.45962],[-113.56943,53.46346],[-113.57058,53.46459],[-113.57245,53.46585],[-113.57395,53.46654],[-113.57611,53.46723],[-113.59043,53.4707],[-113.59211,53.47125],[-113.59409,53.47218]],[[-113.59421,53.47211],[-113.59225,53.47115],[-113.59081,53.47069],[-113.58544,53.46933],[-113.57562,53.46698],[-113.57429,53.46653],[-113.5727,53.46583],[-113.57088,53.46464],[-113.56997,53.46381],[-113.56927,53.46299],[-113.56667,53.45959],[-113.56613,53.45864],[-113.56578,53.45747],[-113.56565,53.45556],[-113.56564,53.44037],[-113.56572,53.43976],[-113.56608,53.43895],[-113.56678,53.43817],[-113.56783,53.43748],[-113.56886,53.43706],[-113.57287,53.4359],[-113.57501,53.43502],[-113.58507,53.42942]]]}},{"type":"Feature","properties":{"name":"Rabbit Hill Road NW / Riverbend Road NW ramp","highway":"secondary","ref":"","link":1},"geometry":{"type":"MultiLineString","coordinates":[[[-113.59344,53.47186],[-113.59359,53.47205],[-113.59352,53.4724]],[[-113.59466,53.4716],[-113.594,53.47182],[-113.59354,53.47176]]]}},{"type":"Feature","properties":{"name":"Rabbit Hill Road NW / Terwillegar Drive NW ramp","highway":"primary","ref":"","link":1},"geometry":{"type":"LineString","coordinates":[[-113.57998,53.46819],[-113.58041,53.46845],[-113.58053,53.46878]]}},{"type":"Feature","properties":{"name":"Rabbit Hill Road NW / Windermere Boulevard SW ramp","highway":"secondary","ref":"","link":1},"geometry":{"type":"LineString","coordinates":[[-113.58426,53.4299],[-113.5851,53.42969],[-113.58566,53.42987]]}},{"type":"Feature","properties":{"name":"Rabbit Hill Road SW","highway":"secondary","ref":""},"geometry":{"type":"MultiLineString","coordinates":[[[-113.58507,53.42942],[-113.58692,53.42834],[-113.58815,53.42741],[-113.58917,53.42636],[-113.58986,53.42516],[-113.5887,53.4266],[-113.58764,53.4276],[-113.58657,53.42837],[-113.58494,53.42933]],[[-113.6138,53.41034],[-113.61209,53.41037],[-113.60962,53.41031],[-113.60778,53.41044],[-113.6138,53.41043]],[[-113.60778,53.41044],[-113.60662,53.41062],[-113.60539,53.41096],[-113.60432,53.41139],[-113.6032,53.4121],[-113.6024,53.41287],[-113.59879,53.41751],[-113.59807,53.41821],[-113.59696,53.4191],[-113.59604,53.41968],[-113.59249,53.42137],[-113.59154,53.42203],[-113.59106,53.42261],[-113.58986,53.42516]]]}},{"type":"Feature","properties":{"name":"Rabbit Hill Road SW / Windermere Boulevard SW ramp","highway":"secondary","ref":"","link":1},"geometry":{"type":"LineString","coordinates":[[-113.58594,53.42977],[-113.58565,53.42933],[-113.5858,53.42901]]}},{"type":"Feature","properties":{"name":"Rabbit Hill Road SW ramp","highway":"secondary","ref":"","link":1},"geometry":{"type":"MultiLineString","coordinates":[[[-113.58789,53.42762],[-113.58854,53.42691],[-113.58851,53.42681]],[[-113.60915,53.41044],[-113.61048,53.41037],[-113.61054,53.4103]]]}},{"type":"Feature","properties":{"name":"Range Road 231","highway":"secondary","ref":""},"geometry":{"type":"MultiLineString","coordinates":[[[-113.27041,53.57884],[-113.27063,53.57942],[-113.2707,53.58001],[-113.27066,53.58574],[-113.27041,53.58747]],[[-113.27047,53.57158],[-113.2696,53.57319],[-113.27068,53.57162]]]}},{"type":"Feature","properties":{"name":"Range Road 231 / Yellowhead Highway ramp","highway":"motorway","ref":"","link":1},"geometry":{"type":"LineString","coordinates":[[-113.27047,53.57158],[-113.27163,53.57172],[-113.27236,53.57162],[-113.27268,53.57143],[-113.27325,53.57078],[-113.27369,53.57056],[-113.27415,53.57045],[-113.2801,53.5703]]}},{"type":"Feature","properties":{"name":"Range Road 231 ramp","highway":"motorway","ref":"","link":1},"geometry":{"type":"LineString","coordinates":[[-113.27029,53.57229],[-113.27057,53.57199],[-113.27127,53.57171]]}},{"type":"Feature","properties":{"name":"Range Road 231 ramp","highway":"secondary","ref":"","link":1},"geometry":{"type":"MultiLineString","coordinates":[[[-113.27069,53.58109],[-113.27038,53.58153],[-113.26982,53.58159]],[[-113.26974,53.5817],[-113.27055,53.58187],[-113.27068,53.58227]]]}},{"type":"Feature","properties":{"name":"Range Road 241","highway":"secondary","ref":""},"geometry":{"type":"LineString","coordinates":[[-113.39113,53.36682],[-113.39081,53.3524],[-113.39102,53.33784]]}},{"type":"Feature","properties":{"name":"Range Road 243","highway":"secondary","ref":""},"geometry":{"type":"LineString","coordinates":[[-113.43978,53.33786],[-113.43979,53.36688]]}},{"type":"Feature","properties":{"name":"Range Road 250","highway":"secondary","ref":""},"geometry":{"type":"LineString","coordinates":[[-113.54119,53.64979],[-113.54114,53.67409],[-113.54122,53.67493]]}},{"type":"Feature","properties":{"name":"Range Road 251","highway":"secondary","ref":""},"geometry":{"type":"MultiLineString","coordinates":[[[-113.56483,53.67836],[-113.56474,53.67807]],[[-113.5645,53.67812],[-113.56483,53.67836],[-113.5683,53.68212],[-113.56862,53.6826],[-113.56884,53.68327],[-113.56887,53.68397],[-113.56822,53.68747],[-113.56804,53.69679],[-113.56823,53.69954],[-113.56778,53.70025],[-113.56626,53.70115],[-113.56576,53.70161],[-113.56561,53.70226],[-113.56579,53.70376],[-113.56567,53.71377],[-113.56573,53.71411],[-113.56592,53.71434],[-113.56644,53.71471],[-113.56712,53.71492],[-113.5703,53.71523],[-113.57044,53.71532],[-113.57048,53.71562]]]}},{"type":"Feature","properties":{"name":"Range Road 252A","highway":"secondary","ref":""},"geometry":{"type":"LineString","coordinates":[[-113.59081,53.6829],[-113.59028,53.68315]]}},{"type":"Feature","properties":{"name":"Ray Gibbon Drive","highway":"secondary","ref":""},"geometry":{"type":"MultiLineString","coordinates":[[[-113.67989,53.63848],[-113.67973,53.64099]],[[-113.65069,53.5997],[-113.65054,53.60231],[-113.64976,53.60951],[-113.64975,53.61074],[-113.64998,53.61216],[-113.65023,53.61288],[-113.65078,53.6141],[-113.65156,53.61528],[-113.65297,53.61686],[-113.65448,53.61811],[-113.65552,53.61881],[-113.67307,53.62923],[-113.67509,53.63063],[-113.67639,53.63177],[-113.67722,53.63269],[-113.67956,53.6374],[-113.67996,53.63867],[-113.67991,53.64043],[-113.67935,53.6423],[-113.67824,53.64512],[-113.67779,53.64737],[-113.67779,53.64943],[-113.67874,53.65528],[-113.67855,53.65616],[-113.67784,53.65727],[-113.67782,53.65797]],[[-113.677,53.63242],[-113.67684,53.63205],[-113.67611,53.63118],[-113.6741,53.62962],[-113.66494,53.62409],[-113.65568,53.61865],[-113.6536,53.61708],[-113.65203,53.61544],[-113.65102,53.61394],[-113.65048,53.61275],[-113.65021,53.61179],[-113.65004,53.61037],[-113.65103,53.5997]]]}},{"type":"Feature","properties":{"name":"Ray Gibbon Drive / Villeneuve Road ramp","highway":"secondary","ref":"","link":1},"geometry":{"type":"MultiLineString","coordinates":[[[-113.67785,53.65723],[-113.67759,53.65775],[-113.67704,53.65797]],[[-113.67874,53.65797],[-113.67812,53.6578],[-113.67782,53.65741]]]}},{"type":"Feature","properties":{"name":"Ray Gibbon Drive NW","highway":"secondary","ref":""},"geometry":{"type":"MultiLineString","coordinates":[[[-113.64334,53.589],[-113.64913,53.59398],[-113.64985,53.59474],[-113.65046,53.59572],[-113.65077,53.59659],[-113.65086,53.5976],[-113.65069,53.5997]],[[-113.65103,53.5997],[-113.65106,53.59716],[-113.65065,53.59579],[-113.65036,53.59523],[-113.64951,53.59416],[-113.64348,53.58892]]]}},{"type":"Feature","properties":{"name":"Ray Gibbon Drive NW ramp","highway":"secondary","ref":"","link":1},"geometry":{"type":"LineString","coordinates":[[-113.65072,53.59915],[-113.65048,53.59946],[-113.65008,53.59957]]}},{"type":"Feature","properties":{"name":"Ray Gibbon Drive ramp","highway":"secondary","ref":"","link":1},"geometry":{"type":"MultiLineString","coordinates":[[[-113.67363,53.62843],[-113.6726,53.62846],[-113.67196,53.6283]],[[-113.67355,53.62926],[-113.67315,53.62885],[-113.67308,53.62865]],[[-113.67994,53.64015],[-113.68014,53.63966],[-113.6809,53.6395],[-113.6803,53.63941],[-113.67999,53.63901]],[[-113.65169,53.60829],[-113.65082,53.60807],[-113.65054,53.60791],[-113.65035,53.60761],[-113.65032,53.6071]],[[-113.65011,53.60916],[-113.65037,53.60848],[-113.65051,53.60836],[-113.65073,53.60832]]]}},{"type":"Feature","properties":{"name":"Richard Rice Boulevard NW","highway":"secondary","ref":""},"geometry":{"type":"LineString","coordinates":[[-113.66866,53.4465],[-113.66859,53.44734],[-113.66801,53.44825],[-113.66748,53.44864],[-113.66542,53.44975],[-113.665,53.45011],[-113.66466,53.45058],[-113.66447,53.45127],[-113.66453,53.45421]]}},{"type":"Feature","properties":{"name":"Richard Rice Boulevard NW ramp","highway":"secondary","ref":"","link":1},"geometry":{"type":"LineString","coordinates":[[-113.67005,53.44652],[-113.66866,53.4466]]}},{"type":"Feature","properties":{"name":"River Valley Road NW","highway":"secondary","ref":""},"geometry":{"type":"MultiLineString","coordinates":[[[-113.53901,53.5388],[-113.53905,53.53843],[-113.53858,53.53812],[-113.53292,53.53582],[-113.52677,53.53369],[-113.52529,53.53334],[-113.52247,53.53275],[-113.51744,53.53211],[-113.51473,53.53193],[-113.51137,53.53196],[-113.51047,53.5319],[-113.50976,53.53175],[-113.50727,53.53101],[-113.50431,53.53044],[-113.50277,53.53034],[-113.5011,53.53051]],[[-113.53079,53.53508],[-113.5337,53.53624],[-113.53604,53.53731],[-113.53854,53.53821],[-113.53887,53.53847],[-113.5388,53.53872]],[[-113.50109,53.53065],[-113.5037,53.53039]],[[-113.51047,53.5319],[-113.51175,53.53201],[-113.51467,53.53199],[-113.51673,53.53206]]]}},{"type":"Feature","properties":{"name":"Riverbend Road NW","highway":"secondary","ref":""},"geometry":{"type":"MultiLineString","coordinates":[[[-113.59561,53.47017],[-113.59537,53.46935],[-113.59376,53.46612],[-113.59358,53.46555],[-113.59361,53.46439],[-113.59431,53.46251],[-113.59429,53.46164],[-113.59408,53.46097],[-113.59352,53.46003],[-113.59269,53.45921],[-113.59099,53.45813],[-113.58988,53.45768]],[[-113.58984,53.45786],[-113.5913,53.45834]],[[-113.58224,53.47814],[-113.58295,53.47761],[-113.58461,53.47677],[-113.58805,53.4757],[-113.58992,53.47495],[-113.59056,53.47461],[-113.59507,53.47143],[-113.59557,53.47071],[-113.59561,53.47017],[-113.59545,53.4707],[-113.59466,53.4716],[-113.59045,53.47454],[-113.58791,53.47561],[-113.58508,53.47644],[-113.58449,53.47668],[-113.58282,53.47755],[-113.58207,53.47807]]]}},{"type":"Feature","properties":{"name":"Roper Road NW","highway":"secondary","ref":""},"geometry":{"type":"MultiLineString","coordinates":[[[-113.45421,53.48803],[-113.4521,53.48817],[-113.45044,53.48861],[-113.44951,53.48906],[-113.44647,53.491],[-113.44512,53.49173],[-113.44271,53.4926],[-113.43913,53.49359],[-113.44111,53.49322],[-113.44455,53.49213],[-113.44611,53.49138],[-113.44956,53.4892],[-113.45071,53.48865],[-113.4517,53.48837],[-113.45256,53.48823],[-113.45444,53.48815]],[[-113.41491,53.49552],[-113.41506,53.49557],[-113.41829,53.49559],[-113.42148,53.49556],[-113.42335,53.49547],[-113.43386,53.49431],[-113.43913,53.49359]],[[-113.39389,53.49551],[-113.39827,53.49548]],[[-113.43439,53.49421],[-113.43142,53.49456]],[[-113.4235,53.49541],[-113.42326,53.49537],[-113.4211,53.49543],[-113.41505,53.49545],[-113.41491,53.49552],[-113.40971,53.49552],[-113.39827,53.49548],[-113.39811,53.49542],[-113.39389,53.49539]]]}},{"type":"Feature","properties":{"name":"Roper Road NW ramp","highway":"secondary","ref":"","link":1},"geometry":{"type":"MultiLineString","coordinates":[[[-113.45351,53.48816],[-113.45398,53.48825],[-113.45435,53.48847]],[[-113.45406,53.48756],[-113.45391,53.48787],[-113.45346,53.48805]],[[-113.42941,53.4948],[-113.42996,53.49487],[-113.43017,53.4951]]]}},{"type":"Feature","properties":{"name":"Rossdale Road NW","highway":"secondary","ref":""},"geometry":{"type":"MultiLineString","coordinates":[[[-113.4992,53.53169],[-113.49928,53.53129],[-113.49963,53.53095],[-113.50018,53.53076],[-113.50109,53.53065]],[[-113.5011,53.53051],[-113.50035,53.53059],[-113.49941,53.53084],[-113.49845,53.53134],[-113.49793,53.53176],[-113.49741,53.53258],[-113.49734,53.53473]]]}},{"type":"Feature","properties":{"name":"Rowland Road NW","highway":"secondary","ref":""},"geometry":{"type":"MultiLineString","coordinates":[[[-113.45712,53.54943],[-113.45794,53.54971]],[[-113.478,53.5438],[-113.47603,53.54399],[-113.47565,53.5441],[-113.47376,53.5468],[-113.47323,53.54723],[-113.4725,53.54752],[-113.46503,53.54925],[-113.46251,53.54959],[-113.45991,53.55005],[-113.45922,53.55006],[-113.45856,53.54995],[-113.45716,53.54933]],[[-113.46552,53.54912],[-113.4631,53.54942],[-113.46156,53.54973]]]}},{"type":"Feature","properties":{"name":"Saskatchewan Drive NW","highway":"secondary","ref":""},"geometry":{"type":"MultiLineString","coordinates":[[[-113.51176,53.52394],[-113.51153,53.52387],[-113.50901,53.52386],[-113.50645,53.52341],[-113.50402,53.52312],[-113.49729,53.5234],[-113.49373,53.52402],[-113.49199,53.52465],[-113.49033,53.52502],[-113.48981,53.52529],[-113.48898,53.52609],[-113.48662,53.5272],[-113.48605,53.52732]],[[-113.54085,53.52279],[-113.53974,53.52186],[-113.54015,53.52285],[-113.54061,53.52303]],[[-113.49199,53.52465],[-113.49353,53.52421],[-113.49755,53.52339]],[[-113.53652,53.5183],[-113.53738,53.51858],[-113.53807,53.5191],[-113.53882,53.52085],[-113.53974,53.52186]],[[-113.49406,53.52398],[-113.49353,53.52421]]]}},{"type":"Feature","properties":{"name":"Scona Road NW","highway":"secondary","ref":""},"geometry":{"type":"MultiLineString","coordinates":[[[-113.48559,53.53089],[-113.4855,53.5317],[-113.48526,53.53222],[-113.48326,53.53436],[-113.48325,53.53469],[-113.48339,53.53504]],[[-113.48421,53.53588],[-113.48396,53.53457],[-113.48402,53.53425],[-113.48429,53.53392],[-113.48528,53.53332],[-113.48563,53.53281],[-113.48569,53.53101],[-113.48522,53.52956],[-113.48519,53.52909],[-113.48534,53.52839],[-113.48605,53.52732],[-113.48611,53.52705]]]}},{"type":"Feature","properties":{"name":"Scona Road NW ramp","highway":"secondary","ref":"","link":1},"geometry":{"type":"MultiLineString","coordinates":[[[-113.48505,53.53347],[-113.48523,53.5332],[-113.48519,53.53297],[-113.48504,53.53282],[-113.48474,53.5328],[-113.48471,53.53315],[-113.48483,53.5334],[-113.48502,53.53363],[-113.48541,53.53374]],[[-113.48551,53.53307],[-113.48504,53.53282]]]}},{"type":"Feature","properties":{"name":"Secondary Road 633","highway":"secondary","ref":"633"},"geometry":{"type":"LineString","coordinates":[[-113.76139,53.65786],[-113.75899,53.65805],[-113.69378,53.65799]]}},{"type":"Feature","properties":{"name":"Sherwood Drive","highway":"secondary","ref":""},"geometry":{"type":"MultiLineString","coordinates":[[[-113.31868,53.51885],[-113.31726,53.52048],[-113.31554,53.52226],[-113.31492,53.52256],[-113.31417,53.52275],[-113.31196,53.5228]],[[-113.29549,53.57064],[-113.29536,53.55926],[-113.29545,53.55715],[-113.29594,53.55451],[-113.29575,53.54541],[-113.29584,53.52586],[-113.29603,53.52554],[-113.29664,53.52503],[-113.29786,53.52452],[-113.29858,53.52432],[-113.30604,53.5241],[-113.30693,53.52394],[-113.31041,53.52301],[-113.31196,53.5228],[-113.31152,53.52278],[-113.31042,53.52292],[-113.30599,53.52401],[-113.29827,53.52424],[-113.29651,53.5249],[-113.29608,53.52521],[-113.29565,53.5258],[-113.29557,53.52619],[-113.2955,53.53926],[-113.29569,53.55418],[-113.29565,53.5551],[-113.29526,53.55712],[-113.29517,53.55943],[-113.29522,53.57064]],[[-113.31733,53.52041],[-113.31842,53.51941],[-113.31901,53.51928]],[[-113.32008,53.51205],[-113.31986,53.51723],[-113.31964,53.51774],[-113.31887,53.51864]],[[-113.32003,53.51887],[-113.32032,53.51205]]]}},{"type":"Feature","properties":{"name":"Sherwood Drive / Wye Road ramp","highway":"secondary","ref":"","link":1},"geometry":{"type":"MultiLineString","coordinates":[[[-113.32025,53.5131],[-113.32039,53.51251],[-113.32058,53.51237],[-113.32091,53.51229],[-113.32243,53.51219]],[[-113.31935,53.5122],[-113.31978,53.51231],[-113.32006,53.51253]]]}},{"type":"Feature","properties":{"name":"Sherwood Drive ramp","highway":"secondary","ref":"","link":1},"geometry":{"type":"MultiLineString","coordinates":[[[-113.32048,53.51564],[-113.32011,53.51544]],[[-113.32019,53.51437],[-113.32037,53.51382],[-113.32072,53.51369]],[[-113.29772,53.52502],[-113.29766,53.52473],[-113.29786,53.52452]],[[-113.29579,53.54722],[-113.29592,53.54699],[-113.29631,53.54682]],[[-113.29575,53.53433],[-113.29588,53.53411],[-113.29622,53.53401],[-113.29587,53.53386],[-113.29575,53.53357]],[[-113.29649,53.54672],[-113.29596,53.54657],[-113.29577,53.54634]],[[-113.29576,53.5443],[-113.29583,53.54401],[-113.29611,53.54382]],[[-113.3201,53.51591],[-113.3204,53.51572]],[[-113.29617,53.54374],[-113.29595,53.54368],[-113.29577,53.54343]],[[-113.29507,53.54383],[-113.29537,53.54393],[-113.29553,53.54415]],[[-113.29556,53.53812],[-113.29519,53.53838],[-113.29555,53.53854]],[[-113.30903,53.52381],[-113.30911,53.52357],[-113.30952,53.52325]],[[-113.29664,53.52503],[-113.29706,53.52495],[-113.29762,53.52515]],[[-113.30813,53.52362],[-113.30854,53.52363],[-113.30885,53.52377]],[[-113.29619,53.53035],[-113.2959,53.53025],[-113.29576,53.53004]],[[-113.32003,53.51318],[-113.31987,53.51355],[-113.3194,53.5137],[-113.31983,53.5138],[-113.31998,53.5142]],[[-113.29635,53.55584],[-113.29597,53.55566],[-113.29584,53.55537]],[[-113.29552,53.54335],[-113.29528,53.54369],[-113.2949,53.54374]],[[-113.29557,53.54626],[-113.2954,53.54659],[-113.29505,53.54673]],[[-113.29495,53.54682],[-113.29539,53.54697],[-113.29558,53.54726]],[[-113.29557,53.53363],[-113.29535,53.53388],[-113.29499,53.53398],[-113.29538,53.5341],[-113.29556,53.53442]],[[-113.29561,53.55635],[-113.29593,53.55596],[-113.2962,53.55588]],[[-113.29516,53.56426],[-113.29489,53.56476],[-113.29473,53.56486]],[[-113.29519,53.55895],[-113.29503,53.55929],[-113.29475,53.55952]],[[-113.29446,53.55963],[-113.29501,53.55977],[-113.29518,53.56008]],[[-113.29483,53.55576],[-113.29515,53.55585],[-113.29543,53.55627]],[[-113.29562,53.5553],[-113.29525,53.55566],[-113.29497,53.55569]],[[-113.29517,53.5615],[-113.29499,53.56208],[-113.29471,53.56228]],[[-113.29431,53.5624],[-113.29503,53.56256],[-113.29517,53.56282]],[[-113.29403,53.56503],[-113.29481,53.56506],[-113.29516,53.56524]],[[-113.29622,53.56486],[-113.2958,53.5648],[-113.29546,53.56437]],[[-113.29548,53.5655],[-113.29572,53.56513],[-113.29598,53.56499]],[[-113.29516,53.56405],[-113.29548,53.56498]],[[-113.29547,53.56589],[-113.29532,53.56498],[-113.29516,53.56485]],[[-113.29682,53.56488],[-113.29516,53.56498]],[[-113.29575,53.54511],[-113.29565,53.54383],[-113.29552,53.54373]],[[-113.29552,53.54303],[-113.29566,53.54374],[-113.29578,53.54382]]]}},{"type":"Feature","properties":{"name":"Sherwood Park Freeway","highway":"motorway","ref":""},"geometry":{"type":"MultiLineString","coordinates":[[[-113.39393,53.51689],[-113.37515,53.51746],[-113.37241,53.5174],[-113.37034,53.51717],[-113.3687,53.51691],[-113.34301,53.51258]],[[-113.34299,53.51289],[-113.36958,53.51733],[-113.37192,53.51764],[-113.37529,53.51773],[-113.39393,53.51716]],[[-113.33466,53.51206],[-113.33389,53.51206]]]}},{"type":"Feature","properties":{"name":"Sherwood Park Freeway NW","highway":"motorway","ref":""},"geometry":{"type":"MultiLineString","coordinates":[[[-113.43657,53.51747],[-113.43186,53.51614],[-113.42948,53.51557],[-113.42248,53.51424],[-113.42047,53.51408],[-113.41886,53.5142],[-113.40365,53.51651],[-113.40047,53.51671],[-113.39393,53.51689]],[[-113.39393,53.51716],[-113.40117,53.51694],[-113.40323,53.51676],[-113.41814,53.51449],[-113.41964,53.51431],[-113.42059,53.51428],[-113.42198,53.51436],[-113.42335,53.51459],[-113.43648,53.5176]]]}},{"type":"Feature","properties":{"name":"Sir Winston Churchill Avenue","highway":"secondary","ref":""},"geometry":{"type":"MultiLineString","coordinates":[[[-113.63892,53.61302],[-113.63885,53.61489],[-113.63901,53.61551],[-113.63938,53.6159],[-113.63977,53.61614],[-113.64119,53.61664],[-113.6417,53.61691],[-113.64211,53.61733],[-113.64224,53.6178],[-113.64169,53.62074],[-113.6414,53.62154],[-113.64053,53.62278],[-113.63931,53.62383],[-113.63805,53.62456],[-113.63384,53.62651],[-113.63102,53.62893],[-113.63045,53.62925],[-113.62415,53.63166],[-113.62348,53.63185],[-113.62028,53.63243],[-113.61939,53.63267],[-113.60683,53.63731],[-113.6057,53.63793],[-113.60163,53.64124],[-113.60084,53.64176],[-113.59952,53.64231],[-113.59442,53.64361],[-113.59329,53.64412],[-113.59257,53.64465],[-113.59239,53.64489]],[[-113.63897,53.6069],[-113.639,53.60558],[-113.6389,53.60673],[-113.63892,53.61302],[-113.63905,53.6152],[-113.63924,53.61557],[-113.63965,53.61593],[-113.6414,53.6166],[-113.64193,53.6169],[-113.64227,53.61727],[-113.64243,53.61772],[-113.64173,53.62121],[-113.64127,53.62211],[-113.64072,53.62282],[-113.63975,53.62369],[-113.63887,53.62426],[-113.63396,53.62658],[-113.63331,53.62707],[-113.63159,53.62866],[-113.63056,53.62934],[-113.62419,53.63178],[-113.6198,53.63267],[-113.60671,53.63749],[-113.60585,53.63798],[-113.60161,53.64143],[-113.60079,53.64194],[-113.59938,53.64248],[-113.59518,53.64351],[-113.59429,53.64379],[-113.59343,53.6442],[-113.5927,53.64476],[-113.59239,53.64489],[-113.59191,53.64547],[-113.59168,53.64614],[-113.59171,53.64689],[-113.5921,53.64774],[-113.59682,53.65269],[-113.59721,53.65356],[-113.5971,53.65426],[-113.59652,53.655],[-113.59607,53.65532],[-113.59434,53.65623],[-113.59343,53.65711]]]}},{"type":"Feature","properties":{"name":"Sir Winston Churchill Avenue / Sturgeon Road ramp","highway":"secondary","ref":"","link":1},"geometry":{"type":"MultiLineString","coordinates":[[[-113.59682,53.65269],[-113.5968,53.65252],[-113.59697,53.65232]],[[-113.59709,53.65228],[-113.59657,53.65233],[-113.59642,53.65225]]]}},{"type":"Feature","properties":{"name":"Sir Winston Churchill Avenue ramp","highway":"secondary","ref":"","link":1},"geometry":{"type":"MultiLineString","coordinates":[[[-113.63902,53.61466],[-113.63931,53.6144],[-113.63989,53.61428],[-113.63929,53.61418],[-113.63903,53.61383]],[[-113.62372,53.63216],[-113.62386,53.63188]]]}},{"type":"Feature","properties":{"name":"St. Albert Trail","highway":"primary","ref":"2"},"geometry":{"type":"MultiLineString","coordinates":[[[-113.60449,53.61909],[-113.61052,53.622],[-113.61234,53.62312],[-113.61917,53.62813],[-113.62089,53.62976],[-113.6219,53.63116],[-113.62238,53.63236],[-113.62818,53.65027],[-113.62985,53.65615],[-113.62998,53.65725],[-113.62978,53.65875],[-113.63031,53.66026],[-113.63111,53.66186],[-113.6324,53.6638],[-113.63373,53.6652],[-113.63648,53.66755],[-113.63744,53.66851],[-113.63837,53.66972],[-113.63919,53.6713],[-113.6395,53.67249],[-113.63958,53.67359],[-113.63957,53.68273]],[[-113.64002,53.68272],[-113.64005,53.67461],[-113.63979,53.67249],[-113.63955,53.67147],[-113.63875,53.66983],[-113.63769,53.66842],[-113.63363,53.66482],[-113.63262,53.66374],[-113.63149,53.66208],[-113.63054,53.66025],[-113.63003,53.65874],[-113.63022,53.65671],[-113.62832,53.65007],[-113.62257,53.63237],[-113.62209,53.63114],[-113.62106,53.62971],[-113.61933,53.62807],[-113.61251,53.62306],[-113.61035,53.62177],[-113.6046,53.61901]]]}},{"type":"Feature","properties":{"name":"St. Albert Trail / Sturgeon Road ramp","highway":"primary","ref":"","link":1},"geometry":{"type":"MultiLineString","coordinates":[[[-113.62334,53.63536],[-113.6232,53.63574],[-113.62287,53.63593]],[[-113.62292,53.63602],[-113.62326,53.63604],[-113.62364,53.6363]]]}},{"type":"Feature","properties":{"name":"St. Albert Trail / Villeneuve Road ramp","highway":"primary","ref":"","link":1},"geometry":{"type":"LineString","coordinates":[[-113.63106,53.65785],[-113.63059,53.65775],[-113.63041,53.6576],[-113.63022,53.65671]]}},{"type":"Feature","properties":{"name":"St. Albert Trail NW","highway":"secondary","ref":""},"geometry":{"type":"MultiLineString","coordinates":[[[-113.5556,53.57905],[-113.55478,53.57768],[-113.55342,53.57579],[-113.55,53.5719],[-113.54938,53.57088],[-113.54897,53.5705]],[[-113.55682,53.58063],[-113.5556,53.57905],[-113.55655,53.58069]],[[-113.55147,53.57353],[-113.54996,53.57162],[-113.54963,53.57083],[-113.54978,53.57048]]]}},{"type":"Feature","properties":{"name":"St. Albert Trail NW","highway":"primary","ref":"2"},"geometry":{"type":"MultiLineString","coordinates":[[[-113.55655,53.58069],[-113.5576,53.58213],[-113.55894,53.58369],[-113.56591,53.59104],[-113.56791,53.59295],[-113.57221,53.59663],[-113.5738,53.59819],[-113.57502,53.59954]],[[-113.60005,53.61678],[-113.60449,53.61909]],[[-113.57531,53.59955],[-113.57414,53.59823],[-113.57242,53.59655],[-113.56815,53.5929],[-113.56603,53.59088],[-113.55907,53.58352],[-113.55838,53.58275],[-113.55682,53.58063]],[[-113.6046,53.61901],[-113.60299,53.61815]]]}},{"type":"Feature","properties":{"name":"St. Albert Trail NW / Yellowhead Trail NW ramp","highway":"primary","ref":"","link":1},"geometry":{"type":"MultiLineString","coordinates":[[[-113.55747,53.58062],[-113.55683,53.58076],[-113.55672,53.58093]],[[-113.55653,53.58155],[-113.55715,53.58153]],[[-113.55571,53.58154],[-113.55653,53.58155],[-113.55714,53.58136],[-113.55726,53.58123]],[[-113.55788,53.58209],[-113.55782,53.58169],[-113.55797,53.58154],[-113.5582,53.58148]]]}},{"type":"Feature","properties":{"name":"St. Albert Trail NW / Yellowhead Trail NW ramp","highway":"trunk","ref":"","link":1},"geometry":{"type":"MultiLineString","coordinates":[[[-113.55064,53.5812],[-113.55571,53.58154]],[[-113.55617,53.58012],[-113.55592,53.58072],[-113.55333,53.58094],[-113.55246,53.58116]],[[-113.55655,53.58069],[-113.55592,53.58072]]]}},{"type":"Feature","properties":{"name":"St. Albert Trail NW ramp","highway":"primary","ref":"","link":1},"geometry":{"type":"LineString","coordinates":[[-113.56215,53.58669],[-113.56071,53.58555]]}},{"type":"Feature","properties":{"name":"St. Albert Trail ramp","highway":"primary","ref":"","link":1},"geometry":{"type":"MultiLineString","coordinates":[[[-113.62741,53.6477],[-113.62734,53.64797],[-113.62713,53.64817]],[[-113.62561,53.64017],[-113.62524,53.64014],[-113.62497,53.63987]],[[-113.62528,53.64082],[-113.62539,53.64045],[-113.6256,53.64024]],[[-113.62462,53.63747],[-113.62413,53.63729]],[[-113.62472,53.63915],[-113.62505,53.63885],[-113.62457,53.63868]],[[-113.62401,53.63553],[-113.62352,53.63536]],[[-113.62379,53.63619],[-113.62402,53.63562]],[[-113.63373,53.6652],[-113.63402,53.6657],[-113.63398,53.66593]],[[-113.63391,53.66609],[-113.63438,53.66602],[-113.6348,53.6661]],[[-113.624,53.63747],[-113.62368,53.63778],[-113.62413,53.63786]],[[-113.61366,53.62331],[-113.61327,53.62337],[-113.6128,53.62328]],[[-113.61381,53.624],[-113.61356,53.62362],[-113.61367,53.62342]],[[-113.63536,53.66532],[-113.63435,53.66546]],[[-113.63523,53.66621],[-113.63503,53.66578],[-113.63506,53.66561]],[[-113.62998,53.65725],[-113.62964,53.65775],[-113.62926,53.6579]],[[-113.63735,53.66841],[-113.63742,53.66884],[-113.63726,53.66898]],[[-113.63698,53.66917],[-113.63778,53.66912],[-113.63799,53.66919]]]}},{"type":"Feature","properties":{"name":"Stadium Road NW","highway":"secondary","ref":""},"geometry":{"type":"LineString","coordinates":[[-113.47927,53.55474],[-113.47834,53.55502],[-113.47367,53.55911],[-113.47334,53.55967],[-113.47331,53.56115]]}},{"type":"Feature","properties":{"name":"Stony Plain Road NW","highway":"motorway","ref":""},"geometry":{"type":"LineString","coordinates":[[-113.64949,53.54125],[-113.65751,53.54126]]}},{"type":"Feature","properties":{"name":"Stony Plain Road NW","highway":"primary","ref":""},"geometry":{"type":"LineString","coordinates":[[-113.61495,53.5413],[-113.62876,53.54138],[-113.64949,53.54125]]}},{"type":"Feature","properties":{"name":"Stony Plain Road NW","highway":"secondary","ref":""},"geometry":{"type":"MultiLineString","coordinates":[[[-113.60755,53.5413],[-113.61495,53.5413]],[[-113.68941,53.54152],[-113.70056,53.54164]],[[-113.69478,53.54096],[-113.69165,53.54094]],[[-113.60755,53.5413],[-113.59138,53.5413]],[[-113.5434,53.54784],[-113.53085,53.54626]],[[-113.56201,53.54307],[-113.56599,53.543],[-113.56823,53.54287],[-113.57056,53.5422],[-113.57168,53.54202],[-113.57258,53.54202],[-113.57452,53.54219],[-113.57636,53.54218],[-113.57727,53.54204],[-113.57959,53.54147],[-113.58292,53.54134],[-113.58954,53.54136],[-113.59138,53.5413],[-113.59121,53.54124],[-113.57976,53.54126],[-113.57907,53.54136],[-113.57722,53.54185],[-113.57612,53.54204],[-113.57468,53.54207],[-113.57178,53.54189],[-113.57086,53.54198],[-113.56856,53.54266],[-113.56799,53.54276],[-113.56223,53.54296],[-113.56126,53.54354],[-113.55518,53.54492],[-113.55136,53.54609],[-113.54682,53.54759],[-113.54591,53.54778],[-113.54508,53.54787],[-113.5434,53.54784],[-113.54395,53.54795],[-113.54488,53.54801],[-113.54651,53.5478],[-113.55044,53.54655],[-113.55123,53.54636],[-113.55499,53.5451],[-113.5612,53.54368],[-113.56192,53.54325],[-113.5626,53.54308]]]}},{"type":"Feature","properties":{"name":"Stony Plain Road NW","highway":"motorway","ref":"16A"},"geometry":{"type":"MultiLineString","coordinates":[[[-113.65751,53.54126],[-113.68221,53.54121],[-113.69661,53.54141],[-113.70743,53.54142]],[[-113.70553,53.54125],[-113.69614,53.54123],[-113.6811,53.541],[-113.67058,53.54101]]]}},{"type":"Feature","properties":{"name":"Stony Plain Road NW","highway":"primary","ref":"16A"},"geometry":{"type":"MultiLineString","coordinates":[[[-113.71355,53.54126],[-113.70553,53.54125]],[[-113.70743,53.54142],[-113.71355,53.54143]]]}},{"type":"Feature","properties":{"name":"Stony Plain Road NW / Winterburn Road NW ramp","highway":"motorway","ref":"","link":1},"geometry":{"type":"MultiLineString","coordinates":[[[-113.68177,53.54149],[-113.68353,53.54178],[-113.68566,53.54268],[-113.68853,53.54279]],[[-113.67704,53.54121],[-113.67747,53.5413],[-113.68053,53.54138],[-113.68317,53.54159],[-113.68575,53.5415],[-113.68743,53.54152]]]}},{"type":"Feature","properties":{"name":"Stony Plain Road NW / Winterburn Road NW ramp","highway":"secondary","ref":"","link":1},"geometry":{"type":"LineString","coordinates":[[-113.68854,53.54271],[-113.68656,53.54268],[-113.68609,53.54261],[-113.68568,53.54232],[-113.68575,53.54193],[-113.68597,53.54176],[-113.68658,53.54158],[-113.68941,53.54152]]}},{"type":"Feature","properties":{"name":"Stony Plain Road NW ramp","highway":"motorway","ref":"","link":1},"geometry":{"type":"MultiLineString","coordinates":[[[-113.68612,53.53956],[-113.68572,53.54048],[-113.68519,53.54071],[-113.68205,53.54081],[-113.67881,53.541]],[[-113.68679,53.54084],[-113.68379,53.54079]]]}},{"type":"Feature","properties":{"name":"Stony Plain Road NW ramp","highway":"primary","ref":"","link":1},"geometry":{"type":"MultiLineString","coordinates":[[[-113.70553,53.54125],[-113.69478,53.54096]],[[-113.64949,53.54125],[-113.65142,53.54113],[-113.65156,53.54103]],[[-113.64526,53.54127],[-113.64598,53.54144],[-113.64635,53.54168]],[[-113.64661,53.54177],[-113.64688,53.54141],[-113.64737,53.54126]],[[-113.6419,53.54129],[-113.64361,53.54107]],[[-113.62168,53.54138],[-113.62284,53.54123]],[[-113.64632,53.54024],[-113.64651,53.54108],[-113.64409,53.54127]],[[-113.7135,53.5409],[-113.71335,53.5411],[-113.71317,53.54116],[-113.71227,53.54126]],[[-113.70056,53.54164],[-113.70222,53.54166],[-113.70743,53.54142]],[[-113.64651,53.54108],[-113.6466,53.54103]],[[-113.64651,53.54108],[-113.6466,53.54126]]]}},{"type":"Feature","properties":{"name":"Stony Plain Road NW ramp","highway":"secondary","ref":"","link":1},"geometry":{"type":"MultiLineString","coordinates":[[[-113.61163,53.54132],[-113.61265,53.54112]],[[-113.69165,53.54094],[-113.68679,53.54084],[-113.68632,53.54076],[-113.68594,53.54048],[-113.68612,53.53956]]]}},{"type":"Feature","properties":{"name":"Sturgeon Road","highway":"secondary","ref":""},"geometry":{"type":"MultiLineString","coordinates":[[[-113.5966,53.65243],[-113.59889,53.65169],[-113.60016,53.65138],[-113.60681,53.65048],[-113.60783,53.65018],[-113.60879,53.64971],[-113.60974,53.64891],[-113.61016,53.64821],[-113.61029,53.64767],[-113.61026,53.6464],[-113.61055,53.64579],[-113.61112,53.64536],[-113.61335,53.64411],[-113.61729,53.64087],[-113.6177,53.64029],[-113.61903,53.63755],[-113.61944,53.63727],[-113.62345,53.63572]],[[-113.62292,53.63602],[-113.62348,53.63582]],[[-113.5652,53.67786],[-113.56467,53.67788]],[[-113.56477,53.67804],[-113.5652,53.67786],[-113.57031,53.67696],[-113.57149,53.67655],[-113.57241,53.67603],[-113.58748,53.6633],[-113.59343,53.65711]]]}},{"type":"Feature","properties":{"name":"Sturgeon Road East","highway":"secondary","ref":""},"geometry":{"type":"MultiLineString","coordinates":[[[-113.50368,53.68719],[-113.50689,53.68719],[-113.5094,53.68704]],[[-113.54441,53.67828],[-113.545,53.6779]],[[-113.54475,53.67777],[-113.54441,53.67828],[-113.54373,53.67866],[-113.54111,53.67952],[-113.53858,53.68024],[-113.53612,53.68116],[-113.53065,53.68406],[-113.52944,53.6846],[-113.52825,53.68496],[-113.52171,53.68648],[-113.51987,53.68685],[-113.51807,53.68702],[-113.50368,53.68704]]]}},{"type":"Feature","properties":{"name":"Suder Greens Drive NW","highway":"secondary","ref":""},"geometry":{"type":"MultiLineString","coordinates":[[[-113.67304,53.52436],[-113.67422,53.52323],[-113.67523,53.52247],[-113.67658,53.5218],[-113.67781,53.52141],[-113.68353,53.52051],[-113.6852,53.52043],[-113.68883,53.52042]],[[-113.67422,53.52323],[-113.67292,53.52432]]]}},{"type":"Feature","properties":{"name":"Suder Greens Drive NW / Webber Greens Drive NW ramp","highway":"secondary","ref":"","link":1},"geometry":{"type":"LineString","coordinates":[[-113.67336,53.52393],[-113.67293,53.52415],[-113.67242,53.52413]]}},{"type":"Feature","properties":{"name":"Summerside Gate SW","highway":"secondary","ref":""},"geometry":{"type":"MultiLineString","coordinates":[[[-113.47754,53.41992],[-113.47737,53.41985]],[[-113.47726,53.41995],[-113.47744,53.42001]]]}},{"type":"Feature","properties":{"name":"Terrace Road NW","highway":"primary","ref":""},"geometry":{"type":"MultiLineString","coordinates":[[[-113.43321,53.53749],[-113.432,53.53764],[-113.43087,53.53792],[-113.42656,53.53969],[-113.42461,53.54031],[-113.42215,53.54091],[-113.4205,53.54106]],[[-113.42073,53.54118],[-113.4222,53.54102],[-113.4247,53.54041],[-113.42667,53.53979],[-113.43046,53.53821],[-113.43213,53.53778],[-113.43322,53.53765]]]}},{"type":"Feature","properties":{"name":"Terwillegar Drive NW","highway":"primary","ref":""},"geometry":{"type":"MultiLineString","coordinates":[[[-113.60155,53.44379],[-113.59602,53.44544],[-113.59469,53.4459],[-113.59302,53.4468],[-113.59235,53.44729],[-113.59141,53.44817],[-113.58988,53.4503],[-113.58924,53.45154],[-113.58909,53.45239],[-113.58911,53.45394],[-113.58898,53.45499],[-113.58773,53.4601],[-113.58706,53.46148],[-113.58615,53.46272],[-113.58414,53.46513],[-113.581,53.46815],[-113.57922,53.47095],[-113.57799,53.47264],[-113.57679,53.47412],[-113.575,53.47577],[-113.57421,53.47665],[-113.57318,53.47814]],[[-113.57357,53.47871],[-113.57568,53.47663],[-113.5768,53.47467],[-113.57794,53.47317],[-113.57954,53.47143],[-113.58217,53.46882],[-113.58271,53.46808],[-113.58424,53.46549],[-113.58671,53.46246],[-113.5896,53.45861],[-113.59019,53.45623],[-113.58996,53.45328],[-113.59002,53.45264],[-113.59077,53.44964],[-113.59173,53.44809],[-113.59235,53.44747],[-113.59317,53.44685],[-113.59374,53.44647],[-113.59485,53.44594],[-113.60161,53.44388]]]}},{"type":"Feature","properties":{"name":"Terwillegar Drive NW","highway":"secondary","ref":""},"geometry":{"type":"MultiLineString","coordinates":[[[-113.61224,53.43683],[-113.60951,53.43942],[-113.60854,53.44014],[-113.60403,53.44286],[-113.60284,53.44338],[-113.60155,53.44379]],[[-113.60161,53.44388],[-113.60361,53.44317],[-113.6078,53.44104],[-113.61174,53.43929],[-113.61299,53.43851],[-113.61394,53.43763]]]}},{"type":"Feature","properties":{"name":"Terwillegar Drive NW / Whitemud Drive NW ramp","highway":"motorway","ref":"","link":1},"geometry":{"type":"MultiLineString","coordinates":[[[-113.57318,53.47814],[-113.57171,53.48001],[-113.57027,53.48137],[-113.56938,53.48202],[-113.56883,53.48221],[-113.56818,53.4823],[-113.56407,53.48243]],[[-113.57049,53.48356],[-113.57034,53.48295],[-113.57064,53.48201],[-113.57155,53.48088],[-113.57357,53.47871]],[[-113.57318,53.47814],[-113.57233,53.47956],[-113.57036,53.48196],[-113.57007,53.4829],[-113.57026,53.4837],[-113.57135,53.48526],[-113.57173,53.4861],[-113.57188,53.48697],[-113.57191,53.48855],[-113.5718,53.48876]],[[-113.56104,53.48258],[-113.56958,53.48251],[-113.57068,53.48267],[-113.57163,53.48308],[-113.57208,53.48353],[-113.572,53.48383],[-113.57177,53.48399],[-113.57131,53.48406],[-113.57094,53.48399],[-113.57049,53.48356],[-113.57166,53.48535],[-113.57202,53.48622],[-113.57219,53.48968]]]}},{"type":"Feature","properties":{"name":"Terwillegar Drive NW / Windermere Boulevard SW ramp","highway":"secondary","ref":"","link":1},"geometry":{"type":"LineString","coordinates":[[-113.61153,53.43652],[-113.61197,53.43693],[-113.6119,53.43716]]}},{"type":"Feature","properties":{"name":"Terwillegar Drive NW ramp","highway":"secondary","ref":"","link":1},"geometry":{"type":"LineString","coordinates":[[-113.61352,53.43807],[-113.61401,53.43789],[-113.61452,53.43791]]}},{"type":"Feature","properties":{"name":"Terwillegar Drive SW","highway":"secondary","ref":""},"geometry":{"type":"MultiLineString","coordinates":[[[-113.61394,53.43763],[-113.61405,53.4375]],[[-113.61239,53.43668],[-113.61224,53.43683]]]}},{"type":"Feature","properties":{"name":"Township Road 510","highway":"secondary","ref":""},"geometry":{"type":"MultiLineString","coordinates":[[[-113.44284,53.36688],[-113.39345,53.36683]],[[-113.44284,53.36688],[-113.45519,53.36691]],[[-113.4673,53.36689],[-113.4928,53.36691],[-113.49615,53.36681],[-113.49718,53.36683],[-113.49786,53.36692],[-113.49983,53.36736]]]}},{"type":"Feature","properties":{"name":"Township Road 522","highway":"secondary","ref":""},"geometry":{"type":"LineString","coordinates":[[-113.33225,53.48297],[-113.32904,53.48295]]}},{"type":"Feature","properties":{"name":"Township Road 522","highway":"secondary","ref":"628"},"geometry":{"type":"LineString","coordinates":[[-113.32904,53.48295],[-113.28476,53.48287],[-113.27778,53.4831],[-113.27298,53.48313],[-113.26635,53.48297]]}},{"type":"Feature","properties":{"name":"Township Road 542","highway":"secondary","ref":""},"geometry":{"type":"LineString","coordinates":[[-113.54118,53.65801],[-113.51652,53.658],[-113.5067,53.65791]]}},{"type":"Feature","properties":{"name":"Township Road 543A","highway":"secondary","ref":""},"geometry":{"type":"MultiLineString","coordinates":[[[-113.54122,53.67493],[-113.54173,53.67589],[-113.54235,53.67647],[-113.54307,53.67693],[-113.54455,53.67756],[-113.54475,53.67771]],[[-113.56439,53.67792],[-113.56381,53.67805]],[[-113.54529,53.6777],[-113.5451,53.67759],[-113.54492,53.67759],[-113.54475,53.67777],[-113.54484,53.67786],[-113.54509,53.6779],[-113.54524,53.67785],[-113.54529,53.6777],[-113.5455,53.67782],[-113.54609,53.67789],[-113.55181,53.67937],[-113.55293,53.67954],[-113.55379,53.67959],[-113.55551,53.67945],[-113.56381,53.67805],[-113.56444,53.6781]],[[-113.54513,53.67789],[-113.54636,53.67797]],[[-113.54492,53.67759],[-113.54392,53.67732]]]}},{"type":"Feature","properties":{"name":"Township Road 543A ramp","highway":"secondary","ref":"","link":1},"geometry":{"type":"LineString","coordinates":[[-113.54518,53.67734],[-113.54493,53.67748],[-113.5445,53.67748]]}},{"type":"Feature","properties":{"name":"Trans-Canada Highway","highway":"motorway","ref":"16"},"geometry":{"type":"LineString","coordinates":[[-113.35434,53.56958],[-113.34684,53.56987]]}},{"type":"Feature","properties":{"name":"University Avenue NW","highway":"secondary","ref":""},"geometry":{"type":"MultiLineString","coordinates":[[[-113.52564,53.51663],[-113.53152,53.51745],[-113.53652,53.5183]],[[-113.53152,53.51745],[-113.52591,53.51651]]]}},{"type":"Feature","properties":{"name":"University Avenue NW ramp","highway":"secondary","ref":"","link":1},"geometry":{"type":"MultiLineString","coordinates":[[[-113.52997,53.51716],[-113.52904,53.51707],[-113.52887,53.51711]],[[-113.52771,53.51694],[-113.52887,53.51697]]]}},{"type":"Feature","properties":{"name":"Vaness Road","highway":"secondary","ref":""},"geometry":{"type":"MultiLineString","coordinates":[[[-113.56578,53.63372],[-113.56581,53.63438],[-113.56592,53.63457],[-113.56595,53.63365]],[[-113.56592,53.63457],[-113.56593,53.63589],[-113.56584,53.63614]],[[-113.56596,53.63614],[-113.56593,53.63589]]]}},{"type":"Feature","properties":{"name":"Victoria Park Road NW","highway":"secondary","ref":""},"geometry":{"type":"MultiLineString","coordinates":[[[-113.53107,53.53978],[-113.5369,53.54023],[-113.53755,53.54016],[-113.53813,53.5399]],[[-113.53774,53.53819],[-113.53689,53.53933],[-113.53655,53.53964],[-113.53605,53.53984],[-113.5353,53.53994],[-113.53,53.53971],[-113.52343,53.53891],[-113.52134,53.53886],[-113.52245,53.53882],[-113.52343,53.53891]]]}},{"type":"Feature","properties":{"name":"Victoria Trail NW","highway":"secondary","ref":""},"geometry":{"type":"MultiLineString","coordinates":[[[-113.38334,53.57511],[-113.38269,53.57668],[-113.38245,53.57765],[-113.3823,53.57876],[-113.38234,53.5799],[-113.38262,53.58129],[-113.38537,53.58853],[-113.38589,53.59067],[-113.38607,53.59321],[-113.38598,53.60232],[-113.38561,53.6036],[-113.38514,53.6045],[-113.37807,53.616]],[[-113.37822,53.616],[-113.38531,53.60454],[-113.38588,53.60341],[-113.38619,53.60226],[-113.38625,53.59239],[-113.38607,53.59065],[-113.38543,53.58811],[-113.3828,53.58127],[-113.38249,53.57951],[-113.38254,53.57821],[-113.38275,53.57714],[-113.38348,53.57518]]]}},{"type":"Feature","properties":{"name":"Victoria Trail NW / Yellowhead Trail NW ramp","highway":"motorway","ref":"","link":1},"geometry":{"type":"MultiLineString","coordinates":[[[-113.38417,53.57559],[-113.3864,53.57612],[-113.38936,53.57703],[-113.39087,53.57741]],[[-113.37647,53.5733],[-113.38009,53.57432],[-113.38231,53.57528],[-113.38417,53.57559],[-113.38365,53.57558],[-113.38313,53.57604]]]}},{"type":"Feature","properties":{"name":"Victoria Trail NW ramp","highway":"secondary","ref":"","link":1},"geometry":{"type":"MultiLineString","coordinates":[[[-113.38262,53.58129],[-113.3828,53.58127]],[[-113.3823,53.5789],[-113.38202,53.57924],[-113.38162,53.57938]],[[-113.38161,53.57949],[-113.38207,53.57962],[-113.38234,53.5799]],[[-113.38314,53.57941],[-113.38273,53.57928],[-113.38249,53.579]],[[-113.38258,53.5803],[-113.3827,53.57974],[-113.38295,53.57959],[-113.38336,53.57952]],[[-113.38502,53.59972],[-113.38576,53.59983],[-113.38605,53.6002]],[[-113.38605,53.59897],[-113.38581,53.59939],[-113.38521,53.59956]],[[-113.38318,53.60766],[-113.38276,53.60803],[-113.3821,53.60814]],[[-113.38193,53.60824],[-113.3824,53.60845],[-113.38251,53.60876]],[[-113.38409,53.58467],[-113.38405,53.58439],[-113.38416,53.58412],[-113.3847,53.58397]],[[-113.38333,53.5832],[-113.3833,53.58353],[-113.38318,53.58367],[-113.38251,53.58379]]]}},{"type":"Feature","properties":{"name":"Villeneuve Road","highway":"secondary","ref":""},"geometry":{"type":"MultiLineString","coordinates":[[[-113.67782,53.65797],[-113.66568,53.65791],[-113.66439,53.658]],[[-113.63383,53.65801],[-113.63726,53.65791],[-113.6338,53.65785]],[[-113.63359,53.65784],[-113.63277,53.65785]],[[-113.65262,53.65801],[-113.65402,53.6579]],[[-113.65226,53.65784],[-113.63834,53.65789]],[[-113.64793,53.65789],[-113.65198,53.65793],[-113.65225,53.658]],[[-113.63011,53.65795],[-113.63354,53.65799]],[[-113.6626,53.6579],[-113.66398,53.65798]],[[-113.66403,53.65783],[-113.66359,53.65789],[-113.66235,53.6579],[-113.65402,53.6579],[-113.65262,53.65784]],[[-113.66568,53.65791],[-113.6644,53.65787]]]}},{"type":"Feature","properties":{"name":"Villeneuve Road","highway":"secondary","ref":"633"},"geometry":{"type":"MultiLineString","coordinates":[[[-113.69378,53.65799],[-113.67782,53.65797]],[[-113.63277,53.65785],[-113.63014,53.65786]],[[-113.63834,53.65789],[-113.63726,53.65791]]]}},{"type":"Feature","properties":{"name":"Walterdale Hill NW","highway":"secondary","ref":""},"geometry":{"type":"LineString","coordinates":[[-113.51176,53.52394],[-113.50654,53.52435],[-113.5051,53.52468],[-113.50446,53.52497],[-113.50355,53.52564],[-113.50275,53.52647],[-113.50228,53.52726]]}},{"type":"Feature","properties":{"name":"Wayne Gretzky Drive NW","highway":"primary","ref":""},"geometry":{"type":"MultiLineString","coordinates":[[[-113.44334,53.5412],[-113.44332,53.54448],[-113.44297,53.54553],[-113.44214,53.54639],[-113.44016,53.54767],[-113.43911,53.5485],[-113.43851,53.5492],[-113.43804,53.55006],[-113.43775,53.55101],[-113.43767,53.55178],[-113.4377,53.55282],[-113.43797,53.55415],[-113.43837,53.55522],[-113.439,53.55641],[-113.44032,53.55812],[-113.44178,53.55948],[-113.44672,53.56309],[-113.44823,53.56442],[-113.44974,53.56611],[-113.45187,53.56921],[-113.45217,53.56983],[-113.45221,53.57239],[-113.45271,53.57389],[-113.45291,53.57543],[-113.45324,53.57632],[-113.4543,53.57817],[-113.45443,53.57864],[-113.45434,53.57923]],[[-113.45458,53.57931],[-113.45469,53.57895],[-113.45465,53.57841],[-113.45336,53.57602],[-113.45309,53.57506],[-113.45316,53.57395],[-113.45369,53.57223],[-113.45369,53.57068],[-113.45354,53.57029],[-113.45305,53.56971],[-113.45182,53.56878],[-113.44989,53.56604],[-113.44807,53.56405],[-113.44684,53.56303],[-113.44198,53.55947],[-113.44066,53.55828],[-113.43955,53.55699],[-113.43903,53.5562],[-113.43848,53.55514],[-113.43807,53.55397],[-113.43782,53.55192],[-113.4382,53.55008],[-113.43868,53.54922],[-113.43952,53.54829],[-113.44226,53.54645],[-113.44314,53.54556],[-113.44338,53.54504],[-113.44356,53.54413],[-113.44359,53.54121]]]}},{"type":"Feature","properties":{"name":"Wayne Gretzky Drive NW ramp","highway":"primary","ref":"","link":1},"geometry":{"type":"MultiLineString","coordinates":[[[-113.45221,53.57239],[-113.45211,53.57346],[-113.45135,53.57377]],[[-113.45517,53.57929],[-113.45484,53.57917],[-113.45469,53.57895]],[[-113.45395,53.57709],[-113.45395,53.57683],[-113.45419,53.57667],[-113.45385,53.57667],[-113.45364,53.57654]]]}},{"type":"Feature","properties":{"name":"Webber Greens Drive NW","highway":"secondary","ref":""},"geometry":{"type":"MultiLineString","coordinates":[[[-113.6888,53.52777],[-113.68758,53.52778],[-113.68607,53.5279],[-113.68474,53.52813],[-113.6832,53.52852],[-113.68221,53.52865],[-113.68075,53.52865],[-113.67938,53.52846],[-113.67806,53.52806],[-113.67717,53.52762],[-113.67633,53.52699],[-113.67536,53.52587],[-113.67452,53.52516],[-113.67344,53.52454],[-113.67219,53.52406]],[[-113.65513,53.52195],[-113.65749,53.52256],[-113.6617,53.52327],[-113.67072,53.52381],[-113.67219,53.52406],[-113.67137,53.52383],[-113.67009,53.52365],[-113.66283,53.52324]]]}},{"type":"Feature","properties":{"name":"Webber Greens Drive NW / Winterburn Road NW ramp","highway":"secondary","ref":"","link":1},"geometry":{"type":"LineString","coordinates":[[-113.68875,53.52712],[-113.68856,53.52762],[-113.68814,53.52777]]}},{"type":"Feature","properties":{"name":"Webber Greens Drive NW ramp","highway":"secondary","ref":"","link":1},"geometry":{"type":"LineString","coordinates":[[-113.66663,53.52359],[-113.66825,53.52353]]}},{"type":"Feature","properties":{"name":"Whitemud Drive","highway":"motorway","ref":""},"geometry":{"type":"MultiLineString","coordinates":[[[-113.35664,53.48282],[-113.3412,53.48277]],[[-113.34097,53.48301],[-113.35663,53.48302]]]}},{"type":"Feature","properties":{"name":"Whitemud Drive","highway":"motorway","ref":"628"},"geometry":{"type":"LineString","coordinates":[[-113.3412,53.48277],[-113.33628,53.48279],[-113.33225,53.48297],[-113.34097,53.48301]]}},{"type":"Feature","properties":{"name":"Whitemud Drive NW","highway":"motorway","ref":""},"geometry":{"type":"MultiLineString","coordinates":[[[-113.35663,53.48302],[-113.36013,53.48287],[-113.36553,53.48229],[-113.36762,53.48217],[-113.37073,53.48218],[-113.37268,53.48233],[-113.37501,53.48264],[-113.37721,53.48309],[-113.37869,53.48347],[-113.38664,53.48588],[-113.38923,53.48652],[-113.39265,53.48712],[-113.39589,53.48746],[-113.40002,53.48767],[-113.4038,53.48775],[-113.40934,53.48771],[-113.41373,53.48757],[-113.42069,53.48716],[-113.4275,53.48657],[-113.43961,53.48538],[-113.44338,53.48521],[-113.44943,53.48517],[-113.45354,53.48494],[-113.45831,53.48441],[-113.47493,53.48159],[-113.47885,53.48102],[-113.48227,53.48068],[-113.48437,53.48055],[-113.48786,53.48048],[-113.492,53.48049]],[[-113.49551,53.4804],[-113.48583,53.48039],[-113.4811,53.48067],[-113.47658,53.4812],[-113.45986,53.48402],[-113.45495,53.48469],[-113.45027,53.48502],[-113.44349,53.48509],[-113.44044,53.4852],[-113.43784,53.48539],[-113.42748,53.48644],[-113.42065,53.48703],[-113.41372,53.48744],[-113.40937,53.48758],[-113.40382,53.48762],[-113.39947,53.48752],[-113.39587,53.48733],[-113.39269,53.48699],[-113.38927,53.48639],[-113.38676,53.48577],[-113.37879,53.48336]],[[-113.65562,53.51215],[-113.65363,53.51215]],[[-113.37807,53.48316],[-113.37667,53.48282],[-113.37406,53.48236],[-113.37175,53.48212],[-113.36951,53.48201],[-113.36655,53.48208],[-113.36014,53.48269],[-113.35664,53.48282]]]}},{"type":"Feature","properties":{"name":"Whitemud Drive NW","highway":"secondary","ref":""},"geometry":{"type":"MultiLineString","coordinates":[[[-113.71346,53.51221],[-113.6922,53.51222]],[[-113.68225,53.51222],[-113.67485,53.51215],[-113.66211,53.51217]],[[-113.66197,53.5123],[-113.67953,53.51233],[-113.68225,53.51222],[-113.68877,53.51214],[-113.6922,53.51222],[-113.68634,53.51227],[-113.68439,53.51222]]]}},{"type":"Feature","properties":{"name":"Whitemud Drive NW","highway":"motorway","ref":"14"},"geometry":{"type":"LineString","coordinates":[[-113.37879,53.48336],[-113.37807,53.48316]]}},{"type":"Feature","properties":{"name":"Whitemud Drive NW","highway":"motorway","ref":"2"},"geometry":{"type":"MultiLineString","coordinates":[[[-113.492,53.48049],[-113.49738,53.48054],[-113.49978,53.48064],[-113.50254,53.48096],[-113.50682,53.48172],[-113.51034,53.48223],[-113.5164,53.48283],[-113.52142,53.48313],[-113.5415,53.48312],[-113.55133,53.48264],[-113.56029,53.48258],[-113.56682,53.48273],[-113.56792,53.48285],[-113.56877,53.48308],[-113.56971,53.48362],[-113.57056,53.4845],[-113.5711,53.48532],[-113.57157,53.48666],[-113.57177,53.48832],[-113.57184,53.49026],[-113.57176,53.49745],[-113.57149,53.49857],[-113.5709,53.49946],[-113.57041,53.4999],[-113.56783,53.50162],[-113.56701,53.50254],[-113.5666,53.50361],[-113.5665,53.50576],[-113.56684,53.50767],[-113.56717,53.50867],[-113.5677,53.50966],[-113.56825,53.51024],[-113.56891,53.51068],[-113.56985,53.51109],[-113.57062,53.51131],[-113.57174,53.51149],[-113.57439,53.51155],[-113.57571,53.51165],[-113.57706,53.51186],[-113.57957,53.51242],[-113.58162,53.51259],[-113.58294,53.51253],[-113.58653,53.51209],[-113.58815,53.51202],[-113.61593,53.51218],[-113.65542,53.51227]],[[-113.65363,53.51215],[-113.61593,53.51207],[-113.58844,53.5119],[-113.58674,53.51196],[-113.58288,53.51242],[-113.58158,53.51248],[-113.58001,53.51237],[-113.57712,53.51176],[-113.57574,53.51155],[-113.57442,53.51145],[-113.57197,53.51139],[-113.57085,53.51125],[-113.56986,53.51097],[-113.56896,53.51057],[-113.56838,53.51016],[-113.56781,53.50956],[-113.56743,53.50886],[-113.56702,53.50767],[-113.56667,53.50528],[-113.56683,53.5034],[-113.56738,53.50229],[-113.5682,53.50151],[-113.57097,53.49963],[-113.57162,53.49891],[-113.57208,53.49786],[-113.57216,53.49026],[-113.57254,53.48614],[-113.57259,53.4843],[-113.57245,53.48378],[-113.57221,53.48339],[-113.57174,53.48298],[-113.57118,53.48271],[-113.57009,53.48246],[-113.56916,53.48241],[-113.5532,53.48248],[-113.55008,53.48255],[-113.54378,53.48293],[-113.54151,53.48301],[-113.52143,53.48301],[-113.5159,53.48268],[-113.50909,53.48196],[-113.50304,53.48092],[-113.50049,53.48059],[-113.4983,53.48044],[-113.49551,53.4804]]]}},{"type":"Feature","properties":{"name":"Whitemud Drive NW","highway":"trunk","ref":"2"},"geometry":{"type":"MultiLineString","coordinates":[[[-113.66211,53.51217],[-113.65562,53.51215]],[[-113.65542,53.51227],[-113.66197,53.5123]]]}},{"type":"Feature","properties":{"name":"Whitemud Drive NW / Winterburn Road NW ramp","highway":"secondary","ref":"","link":1},"geometry":{"type":"LineString","coordinates":[[-113.69075,53.51217],[-113.68897,53.5122],[-113.68877,53.51226]]}},{"type":"Feature","properties":{"name":"Whitemud Drive NW ramp","highway":"motorway","ref":"","link":1},"geometry":{"type":"MultiLineString","coordinates":[[[-113.5711,53.48532],[-113.57139,53.48658],[-113.57147,53.48786],[-113.57115,53.48961],[-113.57097,53.49004],[-113.57067,53.49034]],[[-113.57378,53.49033],[-113.57326,53.49019],[-113.57291,53.48971],[-113.5726,53.48819],[-113.57254,53.48614]],[[-113.57018,53.49049],[-113.57083,53.49065],[-113.57111,53.49108],[-113.57115,53.48961]],[[-113.66197,53.5123],[-113.66231,53.51198],[-113.66263,53.51121],[-113.66259,53.51083],[-113.66229,53.51035]],[[-113.57295,53.49122],[-113.57291,53.48971]],[[-113.57216,53.4949],[-113.57248,53.49284],[-113.57301,53.49101],[-113.57326,53.49062],[-113.57372,53.49047]],[[-113.57111,53.49108],[-113.57166,53.49373],[-113.5718,53.49594]]]}},{"type":"Feature","properties":{"name":"Whyte Avenue NW","highway":"secondary","ref":""},"geometry":{"type":"MultiLineString","coordinates":[[[-113.52076,53.51802],[-113.50643,53.51805],[-113.50632,53.5181],[-113.50643,53.51815],[-113.52076,53.51814]],[[-113.49746,53.51807],[-113.49763,53.51812],[-113.4995,53.51808]],[[-113.49492,53.51807],[-113.49474,53.51803],[-113.48614,53.51801]],[[-113.48614,53.5181],[-113.49476,53.51811],[-113.49763,53.51804],[-113.50632,53.5181]]]}},{"type":"Feature","properties":{"name":"Windermere Boulevard NW","highway":"secondary","ref":""},"geometry":{"type":"MultiLineString","coordinates":[[[-113.61405,53.4375],[-113.61239,53.43668]],[[-113.61224,53.43683],[-113.61394,53.43763]]]}},{"type":"Feature","properties":{"name":"Windermere Boulevard SW","highway":"secondary","ref":""},"geometry":{"type":"MultiLineString","coordinates":[[[-113.58494,53.42933],[-113.58718,53.43095],[-113.58849,53.43176],[-113.59261,53.43382],[-113.59395,53.43429],[-113.59512,53.43453],[-113.59604,53.4346],[-113.60134,53.43437],[-113.60394,53.43453],[-113.606,53.43487],[-113.60816,53.43536],[-113.61009,53.43596],[-113.61224,53.43683]],[[-113.61239,53.43668],[-113.61076,53.43599],[-113.60822,53.43518],[-113.60628,53.43474],[-113.60497,53.43454],[-113.60328,53.43433],[-113.60158,53.43424],[-113.59627,53.4345],[-113.59493,53.43438],[-113.59369,53.4341],[-113.59257,53.43364],[-113.58832,53.43152],[-113.58515,53.42921]]]}},{"type":"Feature","properties":{"name":"Windermere Boulevard SW ramp","highway":"secondary","ref":"","link":1},"geometry":{"type":"MultiLineString","coordinates":[[[-113.60978,53.43565],[-113.60806,53.43525],[-113.60785,53.43529]],[[-113.6066,53.43499],[-113.60811,53.43516]]]}},{"type":"Feature","properties":{"name":"Winterburn Road NW","highway":"secondary","ref":""},"geometry":{"type":"MultiLineString","coordinates":[[[-113.68846,53.54482],[-113.68848,53.54323],[-113.68915,53.53827],[-113.68899,53.53512],[-113.68895,53.53672],[-113.68907,53.53827],[-113.68835,53.54399],[-113.68902,53.54772],[-113.68905,53.56157],[-113.68888,53.56234],[-113.68888,53.56331],[-113.68901,53.57118]],[[-113.68899,53.53512],[-113.68878,53.52985],[-113.68877,53.52404]],[[-113.68918,53.57118],[-113.68905,53.56157]],[[-113.68898,53.49628],[-113.68889,53.49734],[-113.68893,53.49938],[-113.68902,53.49665],[-113.68898,53.47506],[-113.68895,53.47213],[-113.68878,53.46976],[-113.6888,53.46728],[-113.68894,53.46611],[-113.68891,53.45405]],[[-113.68856,53.50352],[-113.68845,53.5077],[-113.68885,53.50963],[-113.68877,53.51226],[-113.68889,53.51348],[-113.68874,53.51721],[-113.68877,53.52404],[-113.68885,53.52348],[-113.68877,53.51942]],[[-113.6888,53.52777],[-113.68886,53.52686],[-113.68878,53.52641]],[[-113.68884,53.52995],[-113.68892,53.52984],[-113.68882,53.52917]],[[-113.68876,53.51876],[-113.68885,53.51606]],[[-113.68889,53.51348],[-113.689,53.50928],[-113.68859,53.50749],[-113.68856,53.50352],[-113.68893,53.49938]]]}},{"type":"Feature","properties":{"name":"Winterburn Road NW / Yellowhead Trail NW ramp","highway":"motorway","ref":"","link":1},"geometry":{"type":"MultiLineString","coordinates":[[[-113.68918,53.57191],[-113.68927,53.57159],[-113.6895,53.57135],[-113.69086,53.57085],[-113.69256,53.57037],[-113.69359,53.57024],[-113.69828,53.57005]],[[-113.69053,53.56947],[-113.68873,53.56947],[-113.68746,53.56975],[-113.68868,53.56923],[-113.68896,53.5687]],[[-113.68759,53.57114],[-113.68861,53.5712],[-113.68954,53.57115],[-113.69086,53.57085]],[[-113.68112,53.57161],[-113.68424,53.57113],[-113.68597,53.57104],[-113.68759,53.57114],[-113.68843,53.57128],[-113.68883,53.57148],[-113.689,53.57183]],[[-113.68746,53.56975],[-113.68586,53.57031],[-113.68252,53.57092],[-113.68066,53.57135]],[[-113.69738,53.56971],[-113.69249,53.56963],[-113.69,53.56942],[-113.68935,53.56922],[-113.68912,53.5688]]]}},{"type":"Feature","properties":{"name":"Winterburn Road NW ramp","highway":"secondary","ref":"","link":1},"geometry":{"type":"LineString","coordinates":[[-113.68845,53.5077],[-113.68884,53.50861]]}},{"type":"Feature","properties":{"name":"Wye Road","highway":"motorway","ref":""},"geometry":{"type":"MultiLineString","coordinates":[[[-113.33389,53.51206],[-113.33255,53.51206]],[[-113.33281,53.51219],[-113.33839,53.51226],[-113.34084,53.51252],[-113.34299,53.51289]],[[-113.34301,53.51258],[-113.33972,53.51211],[-113.33466,53.51206]]]}},{"type":"Feature","properties":{"name":"Wye Road","highway":"secondary","ref":""},"geometry":{"type":"MultiLineString","coordinates":[[[-113.27044,53.51217],[-113.28532,53.51213],[-113.33281,53.51219]],[[-113.33255,53.51206],[-113.27913,53.51198],[-113.27044,53.51206]]]}},{"type":"Feature","properties":{"name":"Wye Road ramp","highway":"secondary","ref":"","link":1},"geometry":{"type":"MultiLineString","coordinates":[[[-113.33063,53.51208],[-113.33027,53.51189]],[[-113.27132,53.51205],[-113.27088,53.51196],[-113.27066,53.51174]],[[-113.32141,53.51205],[-113.32064,53.51192],[-113.32031,53.51176]],[[-113.2754,53.51215],[-113.2762,53.51225],[-113.27643,53.51245]],[[-113.33012,53.51189],[-113.33,53.51201],[-113.32973,53.51208]],[[-113.27658,53.51247],[-113.27674,53.51227],[-113.27726,53.51214]],[[-113.32968,53.51219],[-113.32996,53.51227],[-113.33019,53.51245],[-113.33069,53.51219]],[[-113.32008,53.51169],[-113.3199,53.51191],[-113.31924,53.51205]],[[-113.32461,53.51208],[-113.32429,53.51197],[-113.32426,53.51175]],[[-113.32411,53.51175],[-113.3241,53.51195],[-113.32387,53.51208]],[[-113.32666,53.51208],[-113.32646,53.51196],[-113.32644,53.51174]],[[-113.3149,53.51167],[-113.3147,53.51188],[-113.31409,53.51205]],[[-113.3158,53.51205],[-113.31523,53.51191],[-113.31503,53.5117]],[[-113.29544,53.5116],[-113.29518,53.51193],[-113.29474,53.51203]],[[-113.30934,53.51205],[-113.30867,53.51188],[-113.30845,53.51173]],[[-113.3083,53.51174],[-113.30809,53.51192],[-113.30766,53.51204]],[[-113.31393,53.5122],[-113.31468,53.5123],[-113.31488,53.51247]],[[-113.31504,53.51262],[-113.31521,53.5123],[-113.31551,53.51219]],[[-113.30072,53.51204],[-113.30029,53.51187],[-113.30005,53.51167]],[[-113.29991,53.51152],[-113.29967,53.51185],[-113.29895,53.51204]],[[-113.30407,53.51204],[-113.30361,53.5119],[-113.30345,53.51172],[-113.30297,53.51204]],[[-113.29647,53.51203],[-113.29592,53.51194],[-113.29563,53.51172]],[[-113.27753,53.51198],[-113.27676,53.5119],[-113.27657,53.51177]],[[-113.27644,53.5117],[-113.27623,53.51189],[-113.27547,53.51198]],[[-113.3166,53.51204],[-113.31503,53.51214],[-113.31489,53.5122]]]}},{"type":"Feature","properties":{"name":"Yellowhead Highway","highway":"motorway","ref":"16"},"geometry":{"type":"MultiLineString","coordinates":[[[-113.34684,53.56987],[-113.33561,53.57009],[-113.25787,53.57]],[[-113.72444,53.56956],[-113.71396,53.56962]],[[-113.26876,53.57029],[-113.33596,53.57036],[-113.34688,53.57019],[-113.35428,53.56994]]]}},{"type":"Feature","properties":{"name":"Yellowhead Highway / Yellowhead Trail NW ramp","highway":"motorway","ref":"","link":1},"geometry":{"type":"LineString","coordinates":[[-113.71558,53.56961],[-113.71402,53.56951],[-113.71379,53.56942],[-113.71362,53.56915],[-113.71353,53.56937],[-113.7133,53.5695],[-113.71165,53.56963]]}},{"type":"Feature","properties":{"name":"Yellowhead Trail NW","highway":"primary","ref":""},"geometry":{"type":"LineString","coordinates":[[-113.55715,53.58153],[-113.55745,53.5815]]}},{"type":"Feature","properties":{"name":"Yellowhead Trail NW","highway":"secondary","ref":""},"geometry":{"type":"LineString","coordinates":[[-113.58559,53.58062],[-113.59113,53.57961]]}},{"type":"Feature","properties":{"name":"Yellowhead Trail NW","highway":"motorway","ref":"16"},"geometry":{"type":"MultiLineString","coordinates":[[[-113.71396,53.56962],[-113.69598,53.56973],[-113.69102,53.56994],[-113.68739,53.57029],[-113.68372,53.5708],[-113.67132,53.5731],[-113.66796,53.57349],[-113.66538,53.57364],[-113.66078,53.57362],[-113.64967,53.57335],[-113.64634,53.5732],[-113.64198,53.57287],[-113.6286,53.57152],[-113.62658,53.57142],[-113.62523,53.57146],[-113.62395,53.57158],[-113.6215,53.572],[-113.6148,53.57333],[-113.59958,53.57713],[-113.58383,53.58069],[-113.58189,53.58105],[-113.58054,53.58118],[-113.57895,53.58123],[-113.55415,53.58104]],[[-113.35428,53.56994],[-113.3567,53.56998],[-113.36369,53.57044],[-113.36585,53.57066],[-113.36765,53.57095],[-113.36954,53.57138],[-113.37769,53.5736],[-113.38227,53.57458],[-113.38943,53.57699],[-113.39382,53.57818],[-113.40641,53.58122],[-113.40989,53.58187],[-113.41301,53.58227],[-113.41628,53.58245],[-113.42074,53.58247],[-113.42407,53.58226],[-113.42681,53.58192],[-113.4286,53.58153],[-113.42946,53.58124],[-113.43035,53.58085],[-113.4337,53.57895],[-113.43462,53.5786],[-113.43564,53.57841]],[[-113.55416,53.58119],[-113.57828,53.58137],[-113.58059,53.58133],[-113.58194,53.5812],[-113.58393,53.58083],[-113.59962,53.57729],[-113.61487,53.57349],[-113.62232,53.57202],[-113.62528,53.57165],[-113.6266,53.57162],[-113.62789,53.57169],[-113.64196,53.5731],[-113.64598,53.57341],[-113.65245,53.57367],[-113.66566,53.5739],[-113.66855,53.57374],[-113.67102,53.57347],[-113.68372,53.57114],[-113.68753,53.57062],[-113.69116,53.57028],[-113.6957,53.57007],[-113.71567,53.56995]],[[-113.44682,53.57839],[-113.44849,53.57843],[-113.44981,53.5787],[-113.45061,53.57906],[-113.45152,53.5796],[-113.45462,53.58189],[-113.45579,53.58233],[-113.45729,53.58251],[-113.468,53.58226],[-113.46919,53.58209],[-113.47124,53.58157],[-113.4726,53.58139],[-113.48446,53.58138],[-113.49682,53.58155],[-113.50553,53.58143]],[[-113.5053,53.58129],[-113.49627,53.58141],[-113.48443,53.58125],[-113.47312,53.58123],[-113.4715,53.58136],[-113.46944,53.58188],[-113.46823,53.58209],[-113.45713,53.58237],[-113.45584,53.58217],[-113.4548,53.58179],[-113.45223,53.57986],[-113.45125,53.57922],[-113.45028,53.57871],[-113.44903,53.57834],[-113.44825,53.57826],[-113.44682,53.57824]],[[-113.4356,53.57826],[-113.43484,53.57838],[-113.43389,53.57869],[-113.42984,53.5809],[-113.4285,53.58139],[-113.42726,53.5817],[-113.42402,53.58212],[-113.42015,53.58234],[-113.4172,53.58231],[-113.41284,53.58198],[-113.40918,53.58148],[-113.40667,53.58099],[-113.39171,53.57736],[-113.38884,53.57652],[-113.38644,53.57571],[-113.37049,53.56998],[-113.36827,53.56938],[-113.36659,53.56915],[-113.36511,53.56908],[-113.35434,53.56958]]]}},{"type":"Feature","properties":{"name":"Yellowhead Trail NW","highway":"trunk","ref":"16"},"geometry":{"type":"MultiLineString","coordinates":[[[-113.43564,53.57841],[-113.43651,53.57836],[-113.44682,53.57839]],[[-113.44682,53.57824],[-113.4366,53.57821],[-113.4356,53.57826]],[[-113.50553,53.58143],[-113.50838,53.58144],[-113.51202,53.58196],[-113.51336,53.58198],[-113.51455,53.58185],[-113.5174,53.58117],[-113.51872,53.58099],[-113.53723,53.58072],[-113.54028,53.58053],[-113.54403,53.5807],[-113.54481,53.58079],[-113.54571,53.58105],[-113.54679,53.58114],[-113.55416,53.58119]],[[-113.55415,53.58104],[-113.55246,53.58116],[-113.5468,53.58109],[-113.54581,53.581],[-113.5451,53.58077],[-113.54417,53.58064],[-113.53978,53.58046],[-113.53724,53.58065],[-113.52813,53.5808],[-113.52688,53.58067],[-113.5187,53.58084],[-113.51731,53.58103],[-113.51445,53.58171],[-113.51332,53.58184],[-113.51207,53.58182],[-113.50843,53.5813],[-113.5053,53.58129]]]}},{"type":"Feature","properties":{"name":"Yellowhead Trail NW","highway":"primary","ref":"2"},"geometry":{"type":"MultiLineString","coordinates":[[[-113.55745,53.5815],[-113.56063,53.58143],[-113.5642,53.5815],[-113.56647,53.58144],[-113.57224,53.58148],[-113.57591,53.58159],[-113.57961,53.58154],[-113.58145,53.58142],[-113.58255,53.58127],[-113.58559,53.58062]],[[-113.57728,53.58108],[-113.564,53.58099],[-113.56035,53.58087],[-113.55779,53.58063],[-113.55696,53.58061],[-113.55655,53.58069]]]}},{"type":"Feature","properties":{"name":"Yellowhead Trail NW ramp","highway":"motorway","ref":"","link":1},"geometry":{"type":"MultiLineString","coordinates":[[[-113.71137,53.56997],[-113.71322,53.57007],[-113.71346,53.57016],[-113.71361,53.57043],[-113.71375,53.57021],[-113.71399,53.57008],[-113.71567,53.56995]],[[-113.42083,53.58278],[-113.42441,53.58236],[-113.42625,53.58209],[-113.42681,53.58192]],[[-113.57324,53.58134],[-113.57533,53.58148],[-113.57794,53.58153]],[[-113.564,53.58099],[-113.55848,53.581],[-113.55758,53.58106]],[[-113.55974,53.58123],[-113.56118,53.58134],[-113.56647,53.58144]],[[-113.43259,53.57958],[-113.43325,53.57932],[-113.43369,53.57927],[-113.43405,53.57937],[-113.43476,53.57977],[-113.4341,53.5793],[-113.43402,53.57912],[-113.43418,53.57888],[-113.43468,53.57859]],[[-113.58559,53.58062],[-113.58982,53.57962],[-113.59142,53.57914]]]}}]}
